newspaper,title,mapped_title_sentiment,new_content_sentiment,,,,,,,,,,,,,,,,,,,,,,,,,,,,,,,,,,,,,,,,,,,,,,,,,,,,,
Tribune,Year's third polio drive kicks off,POSITIVE,POSITIVE,,,,,,,,,,,,,,,,,,,,,,,,,,,,,,,,,,,,,,,,,,,,,,,,,,,,,
Tribune,Two hostages rescued in Rajanpur,POSITIVE,NEUTRAL,,,,,,,,,,,,,,,,,,,,,,,,,,,,,,,,,,,,,,,,,,,,,,,,,,,,,
Tribune,"Mother, children of Pakistani origin killed in London house fire",NEUTRAL,NEGATIVE,,,,,,,,,,,,,,,,,,,,,,,,,,,,,,,,,,,,,,,,,,,,,,,,,,,,,
Tribune,Bangladesh court begins first trial of Hasina-era officials,NEUTRAL,NEUTRAL,,,,,,,,,,,,,,,,,,,,,,,,,,,,,,,,,,,,,,,,,,,,,,,,,,,,,
Tribune,PM grieves over Khuzdar martyrs,NEGATIVE,NEGATIVE,,,,,,,,,,,,,,,,,,,,,,,,,,,,,,,,,,,,,,,,,,,,,,,,,,,,,
Tribune,NADRA keeps the deceased alive in its records,NEUTRAL,NEGATIVE,,,,,,,,,,,,,,,,,,,,,,,,,,,,,,,,,,,,,,,,,,,,,,,,,,,,,
Tribune,12 Ukrainians killed in 'biggest ever' Russian drone attack,NEUTRAL,NEGATIVE,,,,,,,,,,,,,,,,,,,,,,,,,,,,,,,,,,,,,,,,,,,,,,,,,,,,,
Tribune,Power lines threaten Mukhi House,NEGATIVE,NEUTRAL,,,,,,,,,,,,,,,,,,,,,,,,,,,,,,,,,,,,,,,,,,,,,,,,,,,,,
Tribune,Lahore Qalandars clinch HBL PSLX title,NEUTRAL,NEUTRAL,,,,,,,,,,,,,,,,,,,,,,,,,,,,,,,,,,,,,,,,,,,,,,,,,,,,,
Tribune,Religion and Pakistan's relations with India,NEUTRAL,NEUTRAL,,,,,,,,,,,,,,,,,,,,,,,,,,,,,,,,,,,,,,,,,,,,,,,,,,,,,
Tribune,Greengrocers ignore official rates,NEUTRAL,NEGATIVE,,,,,,,,,,,,,,,,,,,,,,,,,,,,,,,,,,,,,,,,,,,,,,,,,,,,,
Tribune,"Retired teacher kidnapped, murdered over debt",NEGATIVE,NEGATIVE,,,,,,,,,,,,,,,,,,,,,,,,,,,,,,,,,,,,,,,,,,,,,,,,,,,,,
Tribune,Citizens protest 25 day water disruption,NEUTRAL,NEGATIVE,,,,,,,,,,,,,,,,,,,,,,,,,,,,,,,,,,,,,,,,,,,,,,,,,,,,,
Tribune,"Municipal committees hike water, property taxes",NEUTRAL,NEUTRAL,,,,,,,,,,,,,,,,,,,,,,,,,,,,,,,,,,,,,,,,,,,,,,,,,,,,,
Tribune,Students left to swelter in tin sheds,NEGATIVE,NEGATIVE,,,,,,,,,,,,,,,,,,,,,,,,,,,,,,,,,,,,,,,,,,,,,,,,,,,,,
Tribune,'The Future of Civilisation' launched at ACP,NEUTRAL,NEUTRAL,,,,,,,,,,,,,,,,,,,,,,,,,,,,,,,,,,,,,,,,,,,,,,,,,,,,,
Tribune,'Political parties lack internal democracy',NEUTRAL,NEGATIVE,,,,,,,,,,,,,,,,,,,,,,,,,,,,,,,,,,,,,,,,,,,,,,,,,,,,,
Tribune,A strategic shift towards self-reliance,POSITIVE,NEUTRAL,,,,,,,,,,,,,,,,,,,,,,,,,,,,,,,,,,,,,,,,,,,,,,,,,,,,,
Tribune,"WAPDA issues inflow, outflow data for water reservoirs",NEGATIVE,NEUTRAL,,,,,,,,,,,,,,,,,,,,,,,,,,,,,,,,,,,,,,,,,,,,,,,,,,,,,
Tribune,Low turnout as opposition boycotts divisive Venezuela vote,NEUTRAL,NEGATIVE,,,,,,,,,,,,,,,,,,,,,,,,,,,,,,,,,,,,,,,,,,,,,,,,,,,,,
Tribune,Iraq's water reserves lowest in 80 years: official,NEUTRAL,NEGATIVE,,,,,,,,,,,,,,,,,,,,,,,,,,,,,,,,,,,,,,,,,,,,,,,,,,,,,
Tribune,"Shehbaz, Erdogan vow to elevate 'strategic' ties",NEUTRAL,POSITIVE,,,,,,,,,,,,,,,,,,,,,,,,,,,,,,,,,,,,,,,,,,,,,,,,,,,,,
Tribune,Norris wins 'dream' maiden Monaco Grand Prix,NEUTRAL,NEUTRAL,,,,,,,,,,,,,,,,,,,,,,,,,,,,,,,,,,,,,,,,,,,,,,,,,,,,,
Tribune,Peshawar to witness two political demos today,NEUTRAL,NEUTRAL,,,,,,,,,,,,,,,,,,,,,,,,,,,,,,,,,,,,,,,,,,,,,,,,,,,,,
Tribune,Netflix drops trailer for sub implosion docufilm,NEUTRAL,NEUTRAL,,,,,,,,,,,,,,,,,,,,,,,,,,,,,,,,,,,,,,,,,,,,,,,,,,,,,
Tribune,Bangladesh's Yunus seeks unity with fresh political talks,NEGATIVE,NEUTRAL,,,,,,,,,,,,,,,,,,,,,,,,,,,,,,,,,,,,,,,,,,,,,,,,,,,,,
Tribune,Tax reform must start at the core,NEUTRAL,NEUTRAL,,,,,,,,,,,,,,,,,,,,,,,,,,,,,,,,,,,,,,,,,,,,,,,,,,,,,
Tribune,Govt vows to make PR passenger-friendly,NEUTRAL,NEUTRAL,,,,,,,,,,,,,,,,,,,,,,,,,,,,,,,,,,,,,,,,,,,,,,,,,,,,,
Tribune,Imposter held for assaulting medic,NEUTRAL,NEGATIVE,,,,,,,,,,,,,,,,,,,,,,,,,,,,,,,,,,,,,,,,,,,,,,,,,,,,,
Tribune,MBBS fee spike irks families,NEGATIVE,NEUTRAL,,,,,,,,,,,,,,,,,,,,,,,,,,,,,,,,,,,,,,,,,,,,,,,,,,,,,
Tribune,Women join online entrepreneurship space,NEUTRAL,POSITIVE,,,,,,,,,,,,,,,,,,,,,,,,,,,,,,,,,,,,,,,,,,,,,,,,,,,,,
Tribune,23 dead as Israel controls 77% of Gaza Strip,NEUTRAL,NEGATIVE,,,,,,,,,,,,,,,,,,,,,,,,,,,,,,,,,,,,,,,,,,,,,,,,,,,,,
Tribune,Storm alert follows hot day,NEUTRAL,NEUTRAL,,,,,,,,,,,,,,,,,,,,,,,,,,,,,,,,,,,,,,,,,,,,,,,,,,,,,
Tribune,Schools told to provide students cold water,NEUTRAL,NEUTRAL,,,,,,,,,,,,,,,,,,,,,,,,,,,,,,,,,,,,,,,,,,,,,,,,,,,,,
Tribune,Karachi to regain lost glory: Wahab,NEUTRAL,POSITIVE,,,,,,,,,,,,,,,,,,,,,,,,,,,,,,,,,,,,,,,,,,,,,,,,,,,,,
Tribune,Operation Bunyanum Marsoos to operation economy,NEGATIVE,NEUTRAL,,,,,,,,,,,,,,,,,,,,,,,,,,,,,,,,,,,,,,,,,,,,,,,,,,,,,
Tribune,'Govt wastes wheat in warehouses as millions go hungry',NEUTRAL,NEGATIVE,,,,,,,,,,,,,,,,,,,,,,,,,,,,,,,,,,,,,,,,,,,,,,,,,,,,,
Tribune,College hosts vibrant play fest,NEUTRAL,POSITIVE,,,,,,,,,,,,,,,,,,,,,,,,,,,,,,,,,,,,,,,,,,,,,,,,,,,,,
Tribune,Truckload of lubricant looted,NEUTRAL,NEGATIVE,,,,,,,,,,,,,,,,,,,,,,,,,,,,,,,,,,,,,,,,,,,,,,,,,,,,,
Tribune,Real Madrid 'legend' Alonso returns,NEGATIVE,NEUTRAL,,,,,,,,,,,,,,,,,,,,,,,,,,,,,,,,,,,,,,,,,,,,,,,,,,,,,
Tribune,NCCIA driver faces inquiry in abduction case,NEGATIVE,NEUTRAL,,,,,,,,,,,,,,,,,,,,,,,,,,,,,,,,,,,,,,,,,,,,,,,,,,,,,
Tribune,Mirror to the rulers,NEGATIVE,NEGATIVE,,,,,,,,,,,,,,,,,,,,,,,,,,,,,,,,,,,,,,,,,,,,,,,,,,,,,
Tribune,"Hot, dry weather expected in most parts",NEGATIVE,NEUTRAL,,,,,,,,,,,,,,,,,,,,,,,,,,,,,,,,,,,,,,,,,,,,,,,,,,,,,
Tribune,From prison cell to Cannes,NEUTRAL,NEGATIVE,,,,,,,,,,,,,,,,,,,,,,,,,,,,,,,,,,,,,,,,,,,,,,,,,,,,,
Tribune,Things we learned from Eng's rout of Zim,NEUTRAL,NEUTRAL,,,,,,,,,,,,,,,,,,,,,,,,,,,,,,,,,,,,,,,,,,,,,,,,,,,,,
Tribune,Iffat believes Fahad needs to go easy on vloggers,NEUTRAL,NEUTRAL,,,,,,,,,,,,,,,,,,,,,,,,,,,,,,,,,,,,,,,,,,,,,,,,,,,,,
Tribune,Shoaib crowned Federal Cup champion,POSITIVE,NEUTRAL,,,,,,,,,,,,,,,,,,,,,,,,,,,,,,,,,,,,,,,,,,,,,,,,,,,,,
Tribune,SC to host symposium on judicial reforms,NEUTRAL,NEUTRAL,,,,,,,,,,,,,,,,,,,,,,,,,,,,,,,,,,,,,,,,,,,,,,,,,,,,,
Tribune,A nasty and dangerous phase,NEUTRAL,NEUTRAL,,,,,,,,,,,,,,,,,,,,,,,,,,,,,,,,,,,,,,,,,,,,,,,,,,,,,
Tribune,"Man accused of slaying wife, driver",POSITIVE,NEGATIVE,,,,,,,,,,,,,,,,,,,,,,,,,,,,,,,,,,,,,,,,,,,,,,,,,,,,,
Tribune,Govt moves to turn idle power into digital gold,NEUTRAL,POSITIVE,,,,,,,,,,,,,,,,,,,,,,,,,,,,,,,,,,,,,,,,,,,,,,,,,,,,,
Tribune,500 migrants rescued off Greek island,NEUTRAL,NEUTRAL,,,,,,,,,,,,,,,,,,,,,,,,,,,,,,,,,,,,,,,,,,,,,,,,,,,,,
Tribune,"Nation, army gave India taste of own medicine",NEUTRAL,NEUTRAL,,,,,,,,,,,,,,,,,,,,,,,,,,,,,,,,,,,,,,,,,,,,,,,,,,,,,
Tribune,Khuzdar bus bombing death toll rises to 10,NEUTRAL,NEGATIVE,,,,,,,,,,,,,,,,,,,,,,,,,,,,,,,,,,,,,,,,,,,,,,,,,,,,,
Tribune,"Over Rs1b released for cardiac, burns unit",NEUTRAL,POSITIVE,,,,,,,,,,,,,,,,,,,,,,,,,,,,,,,,,,,,,,,,,,,,,,,,,,,,,
Tribune,Water theft,NEUTRAL,NEGATIVE,,,,,,,,,,,,,,,,,,,,,,,,,,,,,,,,,,,,,,,,,,,,,,,,,,,,,
Tribune,Why consumption-led growth is failing,NEUTRAL,NEGATIVE,,,,,,,,,,,,,,,,,,,,,,,,,,,,,,,,,,,,,,,,,,,,,,,,,,,,,
Tribune,Alcaraz begins French Open title defence,NEUTRAL,NEUTRAL,,,,,,,,,,,,,,,,,,,,,,,,,,,,,,,,,,,,,,,,,,,,,,,,,,,,,
Tribune,Fishermen Cooperative Society still without elected board,NEGATIVE,NEGATIVE,,,,,,,,,,,,,,,,,,,,,,,,,,,,,,,,,,,,,,,,,,,,,,,,,,,,,
Tribune,Pindi's water demand outpaces supply,NEGATIVE,NEUTRAL,,,,,,,,,,,,,,,,,,,,,,,,,,,,,,,,,,,,,,,,,,,,,,,,,,,,,
Tribune,Nine terrorists neutralised in K-P IBOs,NEUTRAL,NEGATIVE,,,,,,,,,,,,,,,,,,,,,,,,,,,,,,,,,,,,,,,,,,,,,,,,,,,,,
Tribune,George Floyd's uncertain legacy marked in US,NEGATIVE,NEUTRAL,,,,,,,,,,,,,,,,,,,,,,,,,,,,,,,,,,,,,,,,,,,,,,,,,,,,,
Tribune,Economics is all about incentives,NEUTRAL,NEUTRAL,,,,,,,,,,,,,,,,,,,,,,,,,,,,,,,,,,,,,,,,,,,,,,,,,,,,,
Tribune,Umer Zaman wins Islamabad's Night Run,NEUTRAL,POSITIVE,,,,,,,,,,,,,,,,,,,,,,,,,,,,,,,,,,,,,,,,,,,,,,,,,,,,,
Tribune,Pakistan to keep modernising its military: US report,NEUTRAL,NEUTRAL,,,,,,,,,,,,,,,,,,,,,,,,,,,,,,,,,,,,,,,,,,,,,,,,,,,,,
Tribune,Three murder suspects arrested,NEUTRAL,NEUTRAL,,,,,,,,,,,,,,,,,,,,,,,,,,,,,,,,,,,,,,,,,,,,,,,,,,,,,
Tribune,"No, Hasan Raheem has not tied the knot just yet",NEUTRAL,NEUTRAL,,,,,,,,,,,,,,,,,,,,,,,,,,,,,,,,,,,,,,,,,,,,,,,,,,,,,
Tribune,Minister inaugurates Mohmand Dam Phase II,NEUTRAL,NEUTRAL,,,,,,,,,,,,,,,,,,,,,,,,,,,,,,,,,,,,,,,,,,,,,,,,,,,,,
Tribune,Pottery session offers art therapy,POSITIVE,POSITIVE,,,,,,,,,,,,,,,,,,,,,,,,,,,,,,,,,,,,,,,,,,,,,,,,,,,,,
Tribune,Public health milestone,NEGATIVE,POSITIVE,,,,,,,,,,,,,,,,,,,,,,,,,,,,,,,,,,,,,,,,,,,,,,,,,,,,,
Tribune,Scarred by explosives,NEGATIVE,NEGATIVE,,,,,,,,,,,,,,,,,,,,,,,,,,,,,,,,,,,,,,,,,,,,,,,,,,,,,
Tribune,PCB names interim coaching staff,POSITIVE,NEUTRAL,,,,,,,,,,,,,,,,,,,,,,,,,,,,,,,,,,,,,,,,,,,,,,,,,,,,,
Tribune,Heatwave triggers skin ailments,POSITIVE,NEUTRAL,,,,,,,,,,,,,,,,,,,,,,,,,,,,,,,,,,,,,,,,,,,,,,,,,,,,,
Tribune,"Beyond revenue: transforming FBR for trust, transparency",POSITIVE,NEUTRAL,,,,,,,,,,,,,,,,,,,,,,,,,,,,,,,,,,,,,,,,,,,,,,,,,,,,,
Tribune,Arsenal win women's Champions League,NEUTRAL,POSITIVE,,,,,,,,,,,,,,,,,,,,,,,,,,,,,,,,,,,,,,,,,,,,,,,,,,,,,
Tribune,Six die in Switzerland mountain accidents,NEUTRAL,NEUTRAL,,,,,,,,,,,,,,,,,,,,,,,,,,,,,,,,,,,,,,,,,,,,,,,,,,,,,
Tribune,RDA scam sparks NAB probe,NEUTRAL,NEUTRAL,,,,,,,,,,,,,,,,,,,,,,,,,,,,,,,,,,,,,,,,,,,,,,,,,,,,,
Tribune,Uprooted businesses await monetary relief,NEUTRAL,NEUTRAL,,,,,,,,,,,,,,,,,,,,,,,,,,,,,,,,,,,,,,,,,,,,,,,,,,,,,
Tribune,Indus river crisis: a call to action for Pakistan,NEUTRAL,NEGATIVE,,,,,,,,,,,,,,,,,,,,,,,,,,,,,,,,,,,,,,,,,,,,,,,,,,,,,
Tribune,Billy Joel cancels concerts after brain disorder,POSITIVE,NEUTRAL,,,,,,,,,,,,,,,,,,,,,,,,,,,,,,,,,,,,,,,,,,,,,,,,,,,,,
Tribune,"Fluffy, feral and fashionable",NEUTRAL,POSITIVE,,,,,,,,,,,,,,,,,,,,,,,,,,,,,,,,,,,,,,,,,,,,,,,,,,,,,
Tribune,Discourse on creativity touches sensitive topics,NEUTRAL,NEUTRAL,,,,,,,,,,,,,,,,,,,,,,,,,,,,,,,,,,,,,,,,,,,,,,,,,,,,,
Tribune,3.6 magnitude quake jolts Quetta,NEUTRAL,NEUTRAL,,,,,,,,,,,,,,,,,,,,,,,,,,,,,,,,,,,,,,,,,,,,,,,,,,,,,
Tribune,Afghanistan cracks down on elements targeting Pakistan,POSITIVE,NEUTRAL,,,,,,,,,,,,,,,,,,,,,,,,,,,,,,,,,,,,,,,,,,,,,,,,,,,,,
Tribune,"Everdeen, everlasting",NEUTRAL,NEUTRAL,,,,,,,,,,,,,,,,,,,,,,,,,,,,,,,,,,,,,,,,,,,,,,,,,,,,,
Tribune,"Lead fight against polio, CM asks elected representatives",NEGATIVE,NEUTRAL,,,,,,,,,,,,,,,,,,,,,,,,,,,,,,,,,,,,,,,,,,,,,,,,,,,,,
Tribune,Iran rejects temporary halt on uranium enrichment,NEUTRAL,NEUTRAL,,,,,,,,,,,,,,,,,,,,,,,,,,,,,,,,,,,,,,,,,,,,,,,,,,,,,
Tribune,IHC seeks NHA fund details for Bhong Interchange,NEUTRAL,NEUTRAL,,,,,,,,,,,,,,,,,,,,,,,,,,,,,,,,,,,,,,,,,,,,,,,,,,,,,
Tribune,"Pakistan, ADB partner to boost climate resilience",NEUTRAL,POSITIVE,,,,,,,,,,,,,,,,,,,,,,,,,,,,,,,,,,,,,,,,,,,,,,,,,,,,,
Tribune,Jam Kamal kicks off Japan visit to boost ties,NEUTRAL,POSITIVE,,,,,,,,,,,,,,,,,,,,,,,,,,,,,,,,,,,,,,,,,,,,,,,,,,,,,
Tribune,"I won't accept slavery, says Imran",NEUTRAL,NEUTRAL,,,,,,,,,,,,,,,,,,,,,,,,,,,,,,,,,,,,,,,,,,,,,,,,,,,,,
Tribune,Property dealer shot dead over dispute,NEUTRAL,NEGATIVE,,,,,,,,,,,,,,,,,,,,,,,,,,,,,,,,,,,,,,,,,,,,,,,,,,,,,
Tribune,HEC's Morocco conference draws fire amid varsity funding crisis,NEUTRAL,NEUTRAL,,,,,,,,,,,,,,,,,,,,,,,,,,,,,,,,,,,,,,,,,,,,,,,,,,,,,
Tribune,PSX closes in the red over budget caution,NEGATIVE,NEUTRAL,,,,,,,,,,,,,,,,,,,,,,,,,,,,,,,,,,,,,,,,,,,,,,,,,,,,,
Tribune,Downpour expected during ongoing week,NEUTRAL,NEUTRAL,,,,,,,,,,,,,,,,,,,,,,,,,,,,,,,,,,,,,,,,,,,,,,,,,,,,,
Tribune,NA panel questions PTCL's property sale,NEUTRAL,NEUTRAL,,,,,,,,,,,,,,,,,,,,,,,,,,,,,,,,,,,,,,,,,,,,,,,,,,,,,
Tribune,Nurse found dead in hostel room,NEUTRAL,NEUTRAL,,,,,,,,,,,,,,,,,,,,,,,,,,,,,,,,,,,,,,,,,,,,,,,,,,,,,
Tribune,Super typhoid threat looms: experts raise alarm,NEGATIVE,NEGATIVE,,,,,,,,,,,,,,,,,,,,,,,,,,,,,,,,,,,,,,,,,,,,,,,,,,,,,
Tribune,'Lilo & Stitch' smashes Memorial Day records,NEUTRAL,POSITIVE,,,,,,,,,,,,,,,,,,,,,,,,,,,,,,,,,,,,,,,,,,,,,,,,,,,,,
Tribune,CJ seeks tech integration for efficient justice,NEGATIVE,NEUTRAL,,,,,,,,,,,,,,,,,,,,,,,,,,,,,,,,,,,,,,,,,,,,,,,,,,,,,
Tribune,IT Park to be inaugurated on August 14,NEUTRAL,NEUTRAL,,,,,,,,,,,,,,,,,,,,,,,,,,,,,,,,,,,,,,,,,,,,,,,,,,,,,
Tribune,Adnan Siddiqui reflects on in-flight turbulence,NEUTRAL,NEUTRAL,,,,,,,,,,,,,,,,,,,,,,,,,,,,,,,,,,,,,,,,,,,,,,,,,,,,,
Tribune,Suspected female burglars arrested,NEUTRAL,NEUTRAL,,,,,,,,,,,,,,,,,,,,,,,,,,,,,,,,,,,,,,,,,,,,,,,,,,,,,
Tribune,Atif Khan slams TMA Mardan corruption,NEGATIVE,NEGATIVE,,,,,,,,,,,,,,,,,,,,,,,,,,,,,,,,,,,,,,,,,,,,,,,,,,,,,
Tribune,"Hear child's voice,SC tells family courts",NEGATIVE,NEUTRAL,,,,,,,,,,,,,,,,,,,,,,,,,,,,,,,,,,,,,,,,,,,,,,,,,,,,,
Tribune,'HIV cases on rise among youth',NEUTRAL,NEGATIVE,,,,,,,,,,,,,,,,,,,,,,,,,,,,,,,,,,,,,,,,,,,,,,,,,,,,,
Tribune,"India, Canada move to mend ties",NEGATIVE,NEUTRAL,,,,,,,,,,,,,,,,,,,,,,,,,,,,,,,,,,,,,,,,,,,,,,,,,,,,,
Tribune,PTI protests 'drone strikes' in tribal dists,NEUTRAL,NEUTRAL,,,,,,,,,,,,,,,,,,,,,,,,,,,,,,,,,,,,,,,,,,,,,,,,,,,,,
Tribune,"Saqib appointed SAPM on blockchain, crypto",NEUTRAL,NEUTRAL,,,,,,,,,,,,,,,,,,,,,,,,,,,,,,,,,,,,,,,,,,,,,,,,,,,,,
Tribune,CERT issues advisory after massive data theft,NEGATIVE,NEGATIVE,,,,,,,,,,,,,,,,,,,,,,,,,,,,,,,,,,,,,,,,,,,,,,,,,,,,,
Tribune,"Guard, shopkeeper kill suspected thief",NEUTRAL,NEGATIVE,,,,,,,,,,,,,,,,,,,,,,,,,,,,,,,,,,,,,,,,,,,,,,,,,,,,,
Tribune,Real-time surveillance of highways planned,NEGATIVE,NEUTRAL,,,,,,,,,,,,,,,,,,,,,,,,,,,,,,,,,,,,,,,,,,,,,,,,,,,,,
Tribune,HEC director's dismissal challenged,NEUTRAL,NEUTRAL,,,,,,,,,,,,,,,,,,,,,,,,,,,,,,,,,,,,,,,,,,,,,,,,,,,,,
Tribune,KSA to expand cooperation across all sectors,NEUTRAL,POSITIVE,,,,,,,,,,,,,,,,,,,,,,,,,,,,,,,,,,,,,,,,,,,,,,,,,,,,,
Tribune,"Djokovic, Federer, Murray join homage to Nadal",NEUTRAL,POSITIVE,,,,,,,,,,,,,,,,,,,,,,,,,,,,,,,,,,,,,,,,,,,,,,,,,,,,,
Tribune,Call for shifting to milk-free tea,NEUTRAL,NEUTRAL,,,,,,,,,,,,,,,,,,,,,,,,,,,,,,,,,,,,,,,,,,,,,,,,,,,,,
Tribune,Unauthorised cattle markets,POSITIVE,NEGATIVE,,,,,,,,,,,,,,,,,,,,,,,,,,,,,,,,,,,,,,,,,,,,,,,,,,,,,
Tribune,Protests grip Bangladesh,NEUTRAL,NEUTRAL,,,,,,,,,,,,,,,,,,,,,,,,,,,,,,,,,,,,,,,,,,,,,,,,,,,,,
Tribune,Eid prep reviewed,NEUTRAL,NEUTRAL,,,,,,,,,,,,,,,,,,,,,,,,,,,,,,,,,,,,,,,,,,,,,,,,,,,,,
Tribune,President Zardari's ex spox unveils explosive memoirs,NEUTRAL,NEUTRAL,,,,,,,,,,,,,,,,,,,,,,,,,,,,,,,,,,,,,,,,,,,,,,,,,,,,,
Tribune,Residents protest health teams' markings on homes,NEGATIVE,NEGATIVE,,,,,,,,,,,,,,,,,,,,,,,,,,,,,,,,,,,,,,,,,,,,,,,,,,,,,
Tribune,"Alcaraz, Sinner launch French Open bids",NEGATIVE,POSITIVE,,,,,,,,,,,,,,,,,,,,,,,,,,,,,,,,,,,,,,,,,,,,,,,,,,,,,
Tribune,"Man City, Chelsea, Newcastle secure UCL",NEUTRAL,NEUTRAL,,,,,,,,,,,,,,,,,,,,,,,,,,,,,,,,,,,,,,,,,,,,,,,,,,,,,
Tribune,Shaheen to captain Team of HBL PSL X,NEGATIVE,NEUTRAL,,,,,,,,,,,,,,,,,,,,,,,,,,,,,,,,,,,,,,,,,,,,,,,,,,,,,
Tribune,Markhor population sees positive trend,NEUTRAL,NEUTRAL,,,,,,,,,,,,,,,,,,,,,,,,,,,,,,,,,,,,,,,,,,,,,,,,,,,,,
Tribune,CPEC key to unlocking vast mining sector potential,NEUTRAL,POSITIVE,,,,,,,,,,,,,,,,,,,,,,,,,,,,,,,,,,,,,,,,,,,,,,,,,,,,,
Tribune,CM Punjab launches Insulin Card for diabetic children,NEUTRAL,NEUTRAL,,,,,,,,,,,,,,,,,,,,,,,,,,,,,,,,,,,,,,,,,,,,,,,,,,,,,
Tribune,Two students faint due to heat during exam,NEUTRAL,NEUTRAL,,,,,,,,,,,,,,,,,,,,,,,,,,,,,,,,,,,,,,,,,,,,,,,,,,,,,
Tribune,Liverpool lift EPL trophy after Palace draw,NEUTRAL,POSITIVE,,,,,,,,,,,,,,,,,,,,,,,,,,,,,,,,,,,,,,,,,,,,,,,,,,,,,
Tribune,Moon-sighting panel convenes today,NEUTRAL,NEUTRAL,,,,,,,,,,,,,,,,,,,,,,,,,,,,,,,,,,,,,,,,,,,,,,,,,,,,,
Tribune,"Internet suspended in Panjgur, panel told",NEGATIVE,NEUTRAL,,,,,,,,,,,,,,,,,,,,,,,,,,,,,,,,,,,,,,,,,,,,,,,,,,,,,
Tribune,PTA chairman reconciles with ANP president,NEGATIVE,NEUTRAL,,,,,,,,,,,,,,,,,,,,,,,,,,,,,,,,,,,,,,,,,,,,,,,,,,,,,
Tribune,OPEC+ oil output rise may aid Pakistan,POSITIVE,NEUTRAL,,,,,,,,,,,,,,,,,,,,,,,,,,,,,,,,,,,,,,,,,,,,,,,,,,,,,
Tribune,Three foreign nationals killed in South Africa,NEUTRAL,NEGATIVE,,,,,,,,,,,,,,,,,,,,,,,,,,,,,,,,,,,,,,,,,,,,,,,,,,,,,
Tribune,Joachim Trier tearjerker takes home Cannes hearts,NEGATIVE,NEUTRAL,,,,,,,,,,,,,,,,,,,,,,,,,,,,,,,,,,,,,,,,,,,,,,,,,,,,,
Tribune,Speaker sides with Opposition to block 'Goonda Bill',NEGATIVE,NEUTRAL,,,,,,,,,,,,,,,,,,,,,,,,,,,,,,,,,,,,,,,,,,,,,,,,,,,,,
Tribune,52 killed in Israeli Gaza carnage,NEGATIVE,NEGATIVE,,,,,,,,,,,,,,,,,,,,,,,,,,,,,,,,,,,,,,,,,,,,,,,,,,,,,
Tribune,Kuwait resumes visa access for Pakistanis,NEUTRAL,NEUTRAL,,,,,,,,,,,,,,,,,,,,,,,,,,,,,,,,,,,,,,,,,,,,,,,,,,,,,
Tribune,The border bully,NEUTRAL,NEGATIVE,,,,,,,,,,,,,,,,,,,,,,,,,,,,,,,,,,,,,,,,,,,,,,,,,,,,,
Tribune,Price hike intensifies ahead of Eidul Azha,NEGATIVE,NEGATIVE,,,,,,,,,,,,,,,,,,,,,,,,,,,,,,,,,,,,,,,,,,,,,,,,,,,,,
Tribune,Stray dogs kill animals raised for Eid sale,NEUTRAL,NEGATIVE,,,,,,,,,,,,,,,,,,,,,,,,,,,,,,,,,,,,,,,,,,,,,,,,,,,,,
Tribune,Govt forms body to resolve business issues,NEUTRAL,NEUTRAL,,,,,,,,,,,,,,,,,,,,,,,,,,,,,,,,,,,,,,,,,,,,,,,,,,,,,
Tribune,Lineman tortured,NEUTRAL,NEGATIVE,,,,,,,,,,,,,,,,,,,,,,,,,,,,,,,,,,,,,,,,,,,,,,,,,,,,,
Tribune,New motorway proposed to segregate port traffic,NEUTRAL,NEUTRAL,,,,,,,,,,,,,,,,,,,,,,,,,,,,,,,,,,,,,,,,,,,,,,,,,,,,,
Tribune,Roots of Indian rage,NEUTRAL,NEGATIVE,,,,,,,,,,,,,,,,,,,,,,,,,,,,,,,,,,,,,,,,,,,,,,,,,,,,,
Tribune,"Cinemas struggle as LEDs, mobile take over",NEGATIVE,NEUTRAL,,,,,,,,,,,,,,,,,,,,,,,,,,,,,,,,,,,,,,,,,,,,,,,,,,,,,
Tribune,Jerusalem annual 'Flag March' descends into chaos,NEGATIVE,NEGATIVE,,,,,,,,,,,,,,,,,,,,,,,,,,,,,,,,,,,,,,,,,,,,,,,,,,,,,
Tribune,Industrialists urge tax reforms,NEUTRAL,NEUTRAL,,,,,,,,,,,,,,,,,,,,,,,,,,,,,,,,,,,,,,,,,,,,,,,,,,,,,
Tribune,Revisiting a victor,NEUTRAL,NEUTRAL,,,,,,,,,,,,,,,,,,,,,,,,,,,,,,,,,,,,,,,,,,,,,,,,,,,,,
Tribune,"Books for bros, not women",NEUTRAL,NEUTRAL,,,,,,,,,,,,,,,,,,,,,,,,,,,,,,,,,,,,,,,,,,,,,,,,,,,,,
Tribune,Polio campaign launched to immunise over 10m children,NEUTRAL,NEUTRAL,,,,,,,,,,,,,,,,,,,,,,,,,,,,,,,,,,,,,,,,,,,,,,,,,,,,,
Tribune,Sugar data collection system planned,NEUTRAL,NEUTRAL,,,,,,,,,,,,,,,,,,,,,,,,,,,,,,,,,,,,,,,,,,,,,,,,,,,,,
Tribune,"Servicemen, civilians to get equal pay raise",NEGATIVE,NEUTRAL,,,,,,,,,,,,,,,,,,,,,,,,,,,,,,,,,,,,,,,,,,,,,,,,,,,,,
Tribune,Digital livestock markets thrive as Eidul Azha nears,NEUTRAL,POSITIVE,,,,,,,,,,,,,,,,,,,,,,,,,,,,,,,,,,,,,,,,,,,,,,,,,,,,,
Tribune,Ramiz Raja hails Sikandar Raza's heroics,NEUTRAL,POSITIVE,,,,,,,,,,,,,,,,,,,,,,,,,,,,,,,,,,,,,,,,,,,,,,,,,,,,,
Tribune,Injured Mustafizur out of Pak-BD T20s,NEUTRAL,NEUTRAL,,,,,,,,,,,,,,,,,,,,,,,,,,,,,,,,,,,,,,,,,,,,,,,,,,,,,
Tribune,"PMD forecasts wind, thunderstorms",NEUTRAL,NEUTRAL,,,,,,,,,,,,,,,,,,,,,,,,,,,,,,,,,,,,,,,,,,,,,,,,,,,,,
Tribune,Ukraine says hit by record drone salvo,NEUTRAL,NEGATIVE,,,,,,,,,,,,,,,,,,,,,,,,,,,,,,,,,,,,,,,,,,,,,,,,,,,,,
Tribune,Expert urges smart summer plans for kids,NEUTRAL,POSITIVE,,,,,,,,,,,,,,,,,,,,,,,,,,,,,,,,,,,,,,,,,,,,,,,,,,,,,
Tribune,Schoolteacher attacked over land dispute,NEUTRAL,NEGATIVE,,,,,,,,,,,,,,,,,,,,,,,,,,,,,,,,,,,,,,,,,,,,,,,,,,,,,
Tribune,King Charles in Canada,NEUTRAL,NEUTRAL,,,,,,,,,,,,,,,,,,,,,,,,,,,,,,,,,,,,,,,,,,,,,,,,,,,,,
Tribune,'Open trade may hurt key sectors',NEUTRAL,NEUTRAL,,,,,,,,,,,,,,,,,,,,,,,,,,,,,,,,,,,,,,,,,,,,,,,,,,,,,
Tribune,PM backs Iran's right to peaceful N-programme,NEUTRAL,POSITIVE,,,,,,,,,,,,,,,,,,,,,,,,,,,,,,,,,,,,,,,,,,,,,,,,,,,,,
Tribune,Why Awami League banned again,NEUTRAL,NEGATIVE,,,,,,,,,,,,,,,,,,,,,,,,,,,,,,,,,,,,,,,,,,,,,,,,,,,,,
Tribune,PTI men granted bail,NEUTRAL,NEUTRAL,,,,,,,,,,,,,,,,,,,,,,,,,,,,,,,,,,,,,,,,,,,,,,,,,,,,,
Tribune,Champions Barca thrash Bilbao,POSITIVE,POSITIVE,,,,,,,,,,,,,,,,,,,,,,,,,,,,,,,,,,,,,,,,,,,,,,,,,,,,,
Tribune,'Judges' transfer cleared by 4 judicial forums',NEUTRAL,NEUTRAL,,,,,,,,,,,,,,,,,,,,,,,,,,,,,,,,,,,,,,,,,,,,,,,,,,,,,
Tribune,Administration allows illegal construction near Governor's House,NEGATIVE,NEUTRAL,,,,,,,,,,,,,,,,,,,,,,,,,,,,,,,,,,,,,,,,,,,,,,,,,,,,,
Tribune,Bilawal slams PTI's 'fascist' govt in K-P,NEUTRAL,NEGATIVE,,,,,,,,,,,,,,,,,,,,,,,,,,,,,,,,,,,,,,,,,,,,,,,,,,,,,
Tribune,Lions confiscated after social media stunt,NEGATIVE,NEGATIVE,,,,,,,,,,,,,,,,,,,,,,,,,,,,,,,,,,,,,,,,,,,,,,,,,,,,,
Tribune,"Trump attacks opponents, judges",NEGATIVE,NEUTRAL,,,,,,,,,,,,,,,,,,,,,,,,,,,,,,,,,,,,,,,,,,,,,,,,,,,,,
Tribune,Fury over police burial without consent,NEGATIVE,NEGATIVE,,,,,,,,,,,,,,,,,,,,,,,,,,,,,,,,,,,,,,,,,,,,,,,,,,,,,
Tribune,Faran Tahir won't fade to beige,NEGATIVE,NEUTRAL,,,,,,,,,,,,,,,,,,,,,,,,,,,,,,,,,,,,,,,,,,,,,,,,,,,,,
Tribune,Sluggish probe plagues Pindi police,NEUTRAL,NEGATIVE,,,,,,,,,,,,,,,,,,,,,,,,,,,,,,,,,,,,,,,,,,,,,,,,,,,,,
Tribune,"SC reviews landmark verdict amid absences, silence and restraint",NEUTRAL,NEUTRAL,,,,,,,,,,,,,,,,,,,,,,,,,,,,,,,,,,,,,,,,,,,,,,,,,,,,,
Tribune,"Gold falls Rs2,600 on global slowdown",NEUTRAL,NEUTRAL,,,,,,,,,,,,,,,,,,,,,,,,,,,,,,,,,,,,,,,,,,,,,,,,,,,,,
Tribune,Sharjeel claims Lanjar residence targeted by JSMM protesters,NEUTRAL,NEGATIVE,,,,,,,,,,,,,,,,,,,,,,,,,,,,,,,,,,,,,,,,,,,,,,,,,,,,,
Tribune,Liverpool man detained after vehicle strikes crowd,POSITIVE,NEUTRAL,,,,,,,,,,,,,,,,,,,,,,,,,,,,,,,,,,,,,,,,,,,,,,,,,,,,,
Tribune,Change of heart in Kabul,NEUTRAL,NEGATIVE,,,,,,,,,,,,,,,,,,,,,,,,,,,,,,,,,,,,,,,,,,,,,,,,,,,,,
Tribune,Ayeza Khan nails the effortless airport look,NEUTRAL,POSITIVE,,,,,,,,,,,,,,,,,,,,,,,,,,,,,,,,,,,,,,,,,,,,,,,,,,,,,
Tribune,The two ladders,NEUTRAL,NEGATIVE,,,,,,,,,,,,,,,,,,,,,,,,,,,,,,,,,,,,,,,,,,,,,,,,,,,,,
Tribune,Qalandars the champions,NEUTRAL,POSITIVE,,,,,,,,,,,,,,,,,,,,,,,,,,,,,,,,,,,,,,,,,,,,,,,,,,,,,
Tribune,Pak-Bangladesh T20Is begin today,NEGATIVE,NEUTRAL,,,,,,,,,,,,,,,,,,,,,,,,,,,,,,,,,,,,,,,,,,,,,,,,,,,,,
Tribune,Kuwait visa ban no more,NEGATIVE,NEUTRAL,,,,,,,,,,,,,,,,,,,,,,,,,,,,,,,,,,,,,,,,,,,,,,,,,,,,,
Tribune,Incredulous India,NEUTRAL,NEGATIVE,,,,,,,,,,,,,,,,,,,,,,,,,,,,,,,,,,,,,,,,,,,,,,,,,,,,,
Tribune,Smoking costs Pakistan $2.5b annually,NEUTRAL,NEGATIVE,,,,,,,,,,,,,,,,,,,,,,,,,,,,,,,,,,,,,,,,,,,,,,,,,,,,,
Tribune,PSX inches up as investors stay cautious,NEUTRAL,NEUTRAL,,,,,,,,,,,,,,,,,,,,,,,,,,,,,,,,,,,,,,,,,,,,,,,,,,,,,
Tribune,Legal and ethical dimensions of polygraph testing,NEUTRAL,NEUTRAL,,,,,,,,,,,,,,,,,,,,,,,,,,,,,,,,,,,,,,,,,,,,,,,,,,,,,
Tribune,NA opposition leader protests 'censorship',NEGATIVE,NEGATIVE,,,,,,,,,,,,,,,,,,,,,,,,,,,,,,,,,,,,,,,,,,,,,,,,,,,,,
Tribune,Modi's latest vitriolic draws FO rebuke,NEUTRAL,NEGATIVE,,,,,,,,,,,,,,,,,,,,,,,,,,,,,,,,,,,,,,,,,,,,,,,,,,,,,
Tribune,"Body of nationalist worker exhumed, given to family",NEUTRAL,NEGATIVE,,,,,,,,,,,,,,,,,,,,,,,,,,,,,,,,,,,,,,,,,,,,,,,,,,,,,
Tribune,Would always have Babar in team: Arthur,POSITIVE,NEUTRAL,,,,,,,,,,,,,,,,,,,,,,,,,,,,,,,,,,,,,,,,,,,,,,,,,,,,,
Tribune,Empty treasury benches draw ire,NEUTRAL,NEGATIVE,,,,,,,,,,,,,,,,,,,,,,,,,,,,,,,,,,,,,,,,,,,,,,,,,,,,,
Tribune,One-and-a-half year old beaten to death by father,NEUTRAL,NEUTRAL,,,,,,,,,,,,,,,,,,,,,,,,,,,,,,,,,,,,,,,,,,,,,,,,,,,,,
Tribune,Panahi's homecoming cheered in Tehran after Cannes triumph,NEUTRAL,NEUTRAL,,,,,,,,,,,,,,,,,,,,,,,,,,,,,,,,,,,,,,,,,,,,,,,,,,,,,
Tribune,Cop martyred in attack targeting polio vaccinators in Noskhi,NEUTRAL,NEUTRAL,,,,,,,,,,,,,,,,,,,,,,,,,,,,,,,,,,,,,,,,,,,,,,,,,,,,,
Tribune,COAS visits Iran military HQ in Tehran,NEGATIVE,NEUTRAL,,,,,,,,,,,,,,,,,,,,,,,,,,,,,,,,,,,,,,,,,,,,,,,,,,,,,
Tribune,RDA blames ex-officers for Rs1.94b scam,NEUTRAL,NEUTRAL,,,,,,,,,,,,,,,,,,,,,,,,,,,,,,,,,,,,,,,,,,,,,,,,,,,,,
Tribune,Trump administration halts scheduling of new student visas,POSITIVE,NEUTRAL,,,,,,,,,,,,,,,,,,,,,,,,,,,,,,,,,,,,,,,,,,,,,,,,,,,,,
Tribune,Leadership hails nuclear journey,NEUTRAL,POSITIVE,,,,,,,,,,,,,,,,,,,,,,,,,,,,,,,,,,,,,,,,,,,,,,,,,,,,,
Tribune,Seniority list of DSPs raises eyebrows,NEUTRAL,NEUTRAL,,,,,,,,,,,,,,,,,,,,,,,,,,,,,,,,,,,,,,,,,,,,,,,,,,,,,
Tribune,Child dies in house collapse in Haripur,NEUTRAL,NEGATIVE,,,,,,,,,,,,,,,,,,,,,,,,,,,,,,,,,,,,,,,,,,,,,,,,,,,,,
Tribune,SBP buys record $223m,NEUTRAL,NEUTRAL,,,,,,,,,,,,,,,,,,,,,,,,,,,,,,,,,,,,,,,,,,,,,,,,,,,,,
Tribune,7-year tariff plan for KE okayed,NEUTRAL,NEUTRAL,,,,,,,,,,,,,,,,,,,,,,,,,,,,,,,,,,,,,,,,,,,,,,,,,,,,,
Tribune,Unbecoming of a PM,POSITIVE,NEGATIVE,,,,,,,,,,,,,,,,,,,,,,,,,,,,,,,,,,,,,,,,,,,,,,,,,,,,,
Tribune,China assures of $3.7b refinancing next month,NEGATIVE,NEUTRAL,,,,,,,,,,,,,,,,,,,,,,,,,,,,,,,,,,,,,,,,,,,,,,,,,,,,,
Tribune,"Three killed, seven injured as rain batters K-P",NEUTRAL,NEGATIVE,,,,,,,,,,,,,,,,,,,,,,,,,,,,,,,,,,,,,,,,,,,,,,,,,,,,,
Tribune,Mahira grows into her stardom,NEGATIVE,POSITIVE,,,,,,,,,,,,,,,,,,,,,,,,,,,,,,,,,,,,,,,,,,,,,,,,,,,,,
Tribune,Rohit's approach under question,NEGATIVE,NEUTRAL,,,,,,,,,,,,,,,,,,,,,,,,,,,,,,,,,,,,,,,,,,,,,,,,,,,,,
Tribune,Youm-e-Takbeer: A symbol of unity and strength,NEUTRAL,NEGATIVE,,,,,,,,,,,,,,,,,,,,,,,,,,,,,,,,,,,,,,,,,,,,,,,,,,,,,
Tribune,"Qalandars not just a team, a movement",NEGATIVE,POSITIVE,,,,,,,,,,,,,,,,,,,,,,,,,,,,,,,,,,,,,,,,,,,,,,,,,,,,,
Tribune,George Floyd lives on through art,NEGATIVE,NEUTRAL,,,,,,,,,,,,,,,,,,,,,,,,,,,,,,,,,,,,,,,,,,,,,,,,,,,,,
Tribune,Canada facing 'critical moment': King Charles,NEUTRAL,NEUTRAL,,,,,,,,,,,,,,,,,,,,,,,,,,,,,,,,,,,,,,,,,,,,,,,,,,,,,
Tribune,Hajj on June 5; Eid in Pakistan on June 7,NEUTRAL,NEUTRAL,,,,,,,,,,,,,,,,,,,,,,,,,,,,,,,,,,,,,,,,,,,,,,,,,,,,,
Tribune,Scores of premises sealed for 'poor fire safety',NEGATIVE,NEUTRAL,,,,,,,,,,,,,,,,,,,,,,,,,,,,,,,,,,,,,,,,,,,,,,,,,,,,,
Tribune,CM hikes traffic fines manifold,NEUTRAL,NEUTRAL,,,,,,,,,,,,,,,,,,,,,,,,,,,,,,,,,,,,,,,,,,,,,,,,,,,,,
Tribune,Australia face selection dilemma,NEUTRAL,NEUTRAL,,,,,,,,,,,,,,,,,,,,,,,,,,,,,,,,,,,,,,,,,,,,,,,,,,,,,
Tribune,Data breach,NEGATIVE,NEGATIVE,,,,,,,,,,,,,,,,,,,,,,,,,,,,,,,,,,,,,,,,,,,,,,,,,,,,,
Tribune,BISE extends registration date,NEUTRAL,NEUTRAL,,,,,,,,,,,,,,,,,,,,,,,,,,,,,,,,,,,,,,,,,,,,,,,,,,,,,
Tribune,Webb telescope captures deep view of ancient galaxies,NEGATIVE,NEUTRAL,,,,,,,,,,,,,,,,,,,,,,,,,,,,,,,,,,,,,,,,,,,,,,,,,,,,,
Tribune,"Shehbaz, Aliyev pledge to diversify strategic ties",NEUTRAL,POSITIVE,,,,,,,,,,,,,,,,,,,,,,,,,,,,,,,,,,,,,,,,,,,,,,,,,,,,,
Tribune,Palestinians storm US-backed aid centres,NEUTRAL,NEGATIVE,,,,,,,,,,,,,,,,,,,,,,,,,,,,,,,,,,,,,,,,,,,,,,,,,,,,,
Tribune,Alcaraz wins Roland Garros opener,NEGATIVE,POSITIVE,,,,,,,,,,,,,,,,,,,,,,,,,,,,,,,,,,,,,,,,,,,,,,,,,,,,,
Tribune,India clears 5th-gen stealth jet plan,NEGATIVE,POSITIVE,,,,,,,,,,,,,,,,,,,,,,,,,,,,,,,,,,,,,,,,,,,,,,,,,,,,,
Tribune,The drowning Karachi coast,NEGATIVE,NEUTRAL,,,,,,,,,,,,,,,,,,,,,,,,,,,,,,,,,,,,,,,,,,,,,,,,,,,,,
Tribune,Auto sector seeks long-term policy,NEUTRAL,NEUTRAL,,,,,,,,,,,,,,,,,,,,,,,,,,,,,,,,,,,,,,,,,,,,,,,,,,,,,
Tribune,Experts warn against public pool dips,NEUTRAL,NEGATIVE,,,,,,,,,,,,,,,,,,,,,,,,,,,,,,,,,,,,,,,,,,,,,,,,,,,,,
Tribune,Thousands of NGOs operate without oversight,NEUTRAL,NEUTRAL,,,,,,,,,,,,,,,,,,,,,,,,,,,,,,,,,,,,,,,,,,,,,,,,,,,,,
Tribune,GenAI in education: between promise and precaution,NEGATIVE,NEUTRAL,,,,,,,,,,,,,,,,,,,,,,,,,,,,,,,,,,,,,,,,,,,,,,,,,,,,,
Tribune,Shehki believes romance is the key to good music,POSITIVE,NEUTRAL,,,,,,,,,,,,,,,,,,,,,,,,,,,,,,,,,,,,,,,,,,,,,,,,,,,,,
Tribune,Bilawal-led delegation to visit US on May 30,NEGATIVE,NEUTRAL,,,,,,,,,,,,,,,,,,,,,,,,,,,,,,,,,,,,,,,,,,,,,,,,,,,,,
Tribune,Cashless economy a necessity for fiscal resilience: FinMin,NEUTRAL,POSITIVE,,,,,,,,,,,,,,,,,,,,,,,,,,,,,,,,,,,,,,,,,,,,,,,,,,,,,
Tribune,Pakistan focuses on sustainability in Osaka,NEGATIVE,POSITIVE,,,,,,,,,,,,,,,,,,,,,,,,,,,,,,,,,,,,,,,,,,,,,,,,,,,,,
Tribune,Court orders probe into 'goats stealing' by cops,NEUTRAL,NEUTRAL,,,,,,,,,,,,,,,,,,,,,,,,,,,,,,,,,,,,,,,,,,,,,,,,,,,,,
Tribune,Deadline to bid for PIA extended to June 19,NEUTRAL,NEUTRAL,,,,,,,,,,,,,,,,,,,,,,,,,,,,,,,,,,,,,,,,,,,,,,,,,,,,,
Tribune,Ronaldo says Al-Nassr chapter 'over',NEUTRAL,NEUTRAL,,,,,,,,,,,,,,,,,,,,,,,,,,,,,,,,,,,,,,,,,,,,,,,,,,,,,
Tribune,Akram backs Younis as Pakistan Test coach,NEGATIVE,NEUTRAL,,,,,,,,,,,,,,,,,,,,,,,,,,,,,,,,,,,,,,,,,,,,,,,,,,,,,
Tribune,Zardari seeks PPP revival in Punjab,NEGATIVE,NEUTRAL,,,,,,,,,,,,,,,,,,,,,,,,,,,,,,,,,,,,,,,,,,,,,,,,,,,,,
Tribune,"10,000 sq-ft national flag to fly high at Wagah on Youm-e-Takbeer",NEUTRAL,NEUTRAL,,,,,,,,,,,,,,,,,,,,,,,,,,,,,,,,,,,,,,,,,,,,,,,,,,,,,
Tribune,CII takes exception to child marriage bill,NEUTRAL,NEUTRAL,,,,,,,,,,,,,,,,,,,,,,,,,,,,,,,,,,,,,,,,,,,,,,,,,,,,,
Tribune,LHC frees 6 of a family confined by landlord,NEUTRAL,NEUTRAL,,,,,,,,,,,,,,,,,,,,,,,,,,,,,,,,,,,,,,,,,,,,,,,,,,,,,
Tribune,The Marvel character David Tennant wanted to enact,NEUTRAL,NEUTRAL,,,,,,,,,,,,,,,,,,,,,,,,,,,,,,,,,,,,,,,,,,,,,,,,,,,,,
Tribune,SAI urges tax reforms in budget proposals,NEUTRAL,NEUTRAL,,,,,,,,,,,,,,,,,,,,,,,,,,,,,,,,,,,,,,,,,,,,,,,,,,,,,
Tribune,Iqra Aziz's dandelion days,NEGATIVE,POSITIVE,,,,,,,,,,,,,,,,,,,,,,,,,,,,,,,,,,,,,,,,,,,,,,,,,,,,,
Tribune,'Adabi Rabtay' shines at NBF event,NEUTRAL,POSITIVE,,,,,,,,,,,,,,,,,,,,,,,,,,,,,,,,,,,,,,,,,,,,,,,,,,,,,
Tribune,Women cotton pickers call for labour protection,NEGATIVE,NEUTRAL,,,,,,,,,,,,,,,,,,,,,,,,,,,,,,,,,,,,,,,,,,,,,,,,,,,,,
Tribune,Record 58 private sector deals closed in 2024,NEUTRAL,NEUTRAL,,,,,,,,,,,,,,,,,,,,,,,,,,,,,,,,,,,,,,,,,,,,,,,,,,,,,
Tribune,Shift cargo from roads to rail: railway official,NEUTRAL,NEUTRAL,,,,,,,,,,,,,,,,,,,,,,,,,,,,,,,,,,,,,,,,,,,,,,,,,,,,,
Tribune,Ceramic tiles industry demands more protection,NEUTRAL,NEUTRAL,,,,,,,,,,,,,,,,,,,,,,,,,,,,,,,,,,,,,,,,,,,,,,,,,,,,,
Tribune,Cricket diplomacy: can a game heal India and Pakistan?,NEGATIVE,NEUTRAL,,,,,,,,,,,,,,,,,,,,,,,,,,,,,,,,,,,,,,,,,,,,,,,,,,,,,
Tribune,K-P to unveil FY25-26 budget on June 13,NEGATIVE,NEUTRAL,,,,,,,,,,,,,,,,,,,,,,,,,,,,,,,,,,,,,,,,,,,,,,,,,,,,,
Tribune,Sadia reclaims top spot in ICC rankings,NEUTRAL,POSITIVE,,,,,,,,,,,,,,,,,,,,,,,,,,,,,,,,,,,,,,,,,,,,,,,,,,,,,
Tribune,LHC seeks arguments on disqualification plea,POSITIVE,NEUTRAL,,,,,,,,,,,,,,,,,,,,,,,,,,,,,,,,,,,,,,,,,,,,,,,,,,,,,
Tribune,Sit-in ends after pact on quadcopter incident,NEUTRAL,NEUTRAL,,,,,,,,,,,,,,,,,,,,,,,,,,,,,,,,,,,,,,,,,,,,,,,,,,,,,
Tribune,Eight cattle markets approved for Pindi,NEUTRAL,NEUTRAL,,,,,,,,,,,,,,,,,,,,,,,,,,,,,,,,,,,,,,,,,,,,,,,,,,,,,
Tribune,"10,000 Pakistanis trapped in Cambodia",NEUTRAL,NEUTRAL,,,,,,,,,,,,,,,,,,,,,,,,,,,,,,,,,,,,,,,,,,,,,,,,,,,,,
Tribune,Bangladesh top court acquits JI leader,POSITIVE,NEUTRAL,,,,,,,,,,,,,,,,,,,,,,,,,,,,,,,,,,,,,,,,,,,,,,,,,,,,,
Tribune,'Judges' permanent transfer to sideline JCP',NEGATIVE,NEUTRAL,,,,,,,,,,,,,,,,,,,,,,,,,,,,,,,,,,,,,,,,,,,,,,,,,,,,,
Tribune,Eilish sweeps AMAs,NEUTRAL,POSITIVE,,,,,,,,,,,,,,,,,,,,,,,,,,,,,,,,,,,,,,,,,,,,,,,,,,,,,
Tribune,Bhowana ranked Punjab's cleanest tehsil,NEUTRAL,NEUTRAL,,,,,,,,,,,,,,,,,,,,,,,,,,,,,,,,,,,,,,,,,,,,,,,,,,,,,
Tribune,India to conduct mock drills along Pakistan's border,NEUTRAL,NEUTRAL,,,,,,,,,,,,,,,,,,,,,,,,,,,,,,,,,,,,,,,,,,,,,,,,,,,,,
Tribune,Israel claims killing Hamas chief in Gaza strike,NEGATIVE,NEGATIVE,,,,,,,,,,,,,,,,,,,,,,,,,,,,,,,,,,,,,,,,,,,,,,,,,,,,,
Tribune,"Gold rises Rs1,400 as global market recovers",NEUTRAL,NEUTRAL,,,,,,,,,,,,,,,,,,,,,,,,,,,,,,,,,,,,,,,,,,,,,,,,,,,,,
Tribune,Korangi Road cattle market licence cancelled,NEGATIVE,NEUTRAL,,,,,,,,,,,,,,,,,,,,,,,,,,,,,,,,,,,,,,,,,,,,,,,,,,,,,
Tribune,"India's water war: time for justice, not aggression",POSITIVE,NEUTRAL,,,,,,,,,,,,,,,,,,,,,,,,,,,,,,,,,,,,,,,,,,,,,,,,,,,,,
Tribune,"Two cops martyred, four terrorists killed in gun battle",NEUTRAL,NEGATIVE,,,,,,,,,,,,,,,,,,,,,,,,,,,,,,,,,,,,,,,,,,,,,,,,,,,,,
Tribune,"N Waziristan, Bannu security reviewed",NEGATIVE,NEUTRAL,,,,,,,,,,,,,,,,,,,,,,,,,,,,,,,,,,,,,,,,,,,,,,,,,,,,,
Tribune,Police raid on 'gambling den' sparks clash,NEUTRAL,NEUTRAL,,,,,,,,,,,,,,,,,,,,,,,,,,,,,,,,,,,,,,,,,,,,,,,,,,,,,
Tribune,Police under fire in abduction case,NEUTRAL,NEGATIVE,,,,,,,,,,,,,,,,,,,,,,,,,,,,,,,,,,,,,,,,,,,,,,,,,,,,,
Tribune,IT sector seeks policy continuity,NEUTRAL,POSITIVE,,,,,,,,,,,,,,,,,,,,,,,,,,,,,,,,,,,,,,,,,,,,,,,,,,,,,
Tribune,'Gardenia Hub' boosts city's greenery,NEUTRAL,NEUTRAL,,,,,,,,,,,,,,,,,,,,,,,,,,,,,,,,,,,,,,,,,,,,,,,,,,,,,
Tribune,Salman explains Sufiyan's exclusion,NEUTRAL,NEUTRAL,,,,,,,,,,,,,,,,,,,,,,,,,,,,,,,,,,,,,,,,,,,,,,,,,,,,,
Tribune,Cyrus debuts album at close-knit fan event,NEUTRAL,POSITIVE,,,,,,,,,,,,,,,,,,,,,,,,,,,,,,,,,,,,,,,,,,,,,,,,,,,,,
Tribune,Why Dr AQ Khan still matters,NEUTRAL,NEUTRAL,,,,,,,,,,,,,,,,,,,,,,,,,,,,,,,,,,,,,,,,,,,,,,,,,,,,,
Tribune,Indonesia vies more Rafale jets,NEGATIVE,NEUTRAL,,,,,,,,,,,,,,,,,,,,,,,,,,,,,,,,,,,,,,,,,,,,,,,,,,,,,
Tribune,Iran confirms meetings with cleric held in KSA,NEGATIVE,NEUTRAL,,,,,,,,,,,,,,,,,,,,,,,,,,,,,,,,,,,,,,,,,,,,,,,,,,,,,
Tribune,Namibia to play South Africa for first time,NEGATIVE,POSITIVE,,,,,,,,,,,,,,,,,,,,,,,,,,,,,,,,,,,,,,,,,,,,,,,,,,,,,
Tribune,"Aram Bagh Club, Scout Club win",NEUTRAL,NEUTRAL,,,,,,,,,,,,,,,,,,,,,,,,,,,,,,,,,,,,,,,,,,,,,,,,,,,,,
Tribune,Stolen books worth millions recovered,NEGATIVE,NEUTRAL,,,,,,,,,,,,,,,,,,,,,,,,,,,,,,,,,,,,,,,,,,,,,,,,,,,,,
Tribune,"Woman, minor girl 'killed for honour'",NEGATIVE,NEGATIVE,,,,,,,,,,,,,,,,,,,,,,,,,,,,,,,,,,,,,,,,,,,,,,,,,,,,,
Tribune,Metropolis braces for scorching heat,NEUTRAL,NEUTRAL,,,,,,,,,,,,,,,,,,,,,,,,,,,,,,,,,,,,,,,,,,,,,,,,,,,,,
Tribune,ILO slashes 2025 job forecast by 7 million,NEUTRAL,NEGATIVE,,,,,,,,,,,,,,,,,,,,,,,,,,,,,,,,,,,,,,,,,,,,,,,,,,,,,
Tribune,"Thar peacocks perish amid heatwave, illness",NEUTRAL,NEGATIVE,,,,,,,,,,,,,,,,,,,,,,,,,,,,,,,,,,,,,,,,,,,,,,,,,,,,,
Tribune,PSG see end in sight in quest for UCL,NEUTRAL,POSITIVE,,,,,,,,,,,,,,,,,,,,,,,,,,,,,,,,,,,,,,,,,,,,,,,,,,,,,
Tribune,Drugs seized from foreigner's luggage,NEUTRAL,NEUTRAL,,,,,,,,,,,,,,,,,,,,,,,,,,,,,,,,,,,,,,,,,,,,,,,,,,,,,
Tribune,Kaghan Valley experiences unusual cold snap,NEGATIVE,NEUTRAL,,,,,,,,,,,,,,,,,,,,,,,,,,,,,,,,,,,,,,,,,,,,,,,,,,,,,
Tribune,Capital libraries face decline in visitor footfall,NEUTRAL,NEUTRAL,,,,,,,,,,,,,,,,,,,,,,,,,,,,,,,,,,,,,,,,,,,,,,,,,,,,,
Tribune,Youm-e-Takbeer celebrated with patriotic fervor,NEUTRAL,POSITIVE,,,,,,,,,,,,,,,,,,,,,,,,,,,,,,,,,,,,,,,,,,,,,,,,,,,,,
Tribune,Action ordered against poultry rates hike,NEUTRAL,NEUTRAL,,,,,,,,,,,,,,,,,,,,,,,,,,,,,,,,,,,,,,,,,,,,,,,,,,,,,
Tribune,Eid sacrifice comes at hefty price,NEUTRAL,NEGATIVE,,,,,,,,,,,,,,,,,,,,,,,,,,,,,,,,,,,,,,,,,,,,,,,,,,,,,
Tribune,Djokovic shines at Roland Garros opener,NEGATIVE,NEUTRAL,,,,,,,,,,,,,,,,,,,,,,,,,,,,,,,,,,,,,,,,,,,,,,,,,,,,,
Tribune,Traffic challan spree irks Hafizabad residents,NEUTRAL,NEUTRAL,,,,,,,,,,,,,,,,,,,,,,,,,,,,,,,,,,,,,,,,,,,,,,,,,,,,,
Tribune,YouTuber denied bail by court,NEGATIVE,NEUTRAL,,,,,,,,,,,,,,,,,,,,,,,,,,,,,,,,,,,,,,,,,,,,,,,,,,,,,
Tribune,Cop shot dead while 'attempting to steal goats',NEUTRAL,NEGATIVE,,,,,,,,,,,,,,,,,,,,,,,,,,,,,,,,,,,,,,,,,,,,,,,,,,,,,
Tribune,Russia proposes Ukraine talks in Istanbul on June 2,POSITIVE,NEUTRAL,,,,,,,,,,,,,,,,,,,,,,,,,,,,,,,,,,,,,,,,,,,,,,,,,,,,,
Tribune,Student's family attacks school teacher,POSITIVE,NEGATIVE,,,,,,,,,,,,,,,,,,,,,,,,,,,,,,,,,,,,,,,,,,,,,,,,,,,,,
Tribune,Govt to revive development forum this year,POSITIVE,POSITIVE,,,,,,,,,,,,,,,,,,,,,,,,,,,,,,,,,,,,,,,,,,,,,,,,,,,,,
Tribune,Asian bonds draw large foreign inflow in April,NEUTRAL,NEUTRAL,,,,,,,,,,,,,,,,,,,,,,,,,,,,,,,,,,,,,,,,,,,,,,,,,,,,,
Tribune,"Pakistan went nuclear on this day in 1998. Today, Sindh celebrates",NEUTRAL,POSITIVE,,,,,,,,,,,,,,,,,,,,,,,,,,,,,,,,,,,,,,,,,,,,,,,,,,,,,
Tribune,VOA nears its mic-drop moment,NEUTRAL,NEGATIVE,,,,,,,,,,,,,,,,,,,,,,,,,,,,,,,,,,,,,,,,,,,,,,,,,,,,,
Tribune,"Windstorm lashes Jamshoro, leaving three dead",NEUTRAL,NEGATIVE,,,,,,,,,,,,,,,,,,,,,,,,,,,,,,,,,,,,,,,,,,,,,,,,,,,,,
Tribune,Major shake-up in ICT police amid rising crime,NEUTRAL,NEUTRAL,,,,,,,,,,,,,,,,,,,,,,,,,,,,,,,,,,,,,,,,,,,,,,,,,,,,,
Tribune,US banks tiptoe toward cryptocurrencies,NEUTRAL,NEUTRAL,,,,,,,,,,,,,,,,,,,,,,,,,,,,,,,,,,,,,,,,,,,,,,,,,,,,,
Tribune,Dark web fuels drug shift: ANF,NEUTRAL,NEGATIVE,,,,,,,,,,,,,,,,,,,,,,,,,,,,,,,,,,,,,,,,,,,,,,,,,,,,,
Tribune,Norrie stuns Medvedev in French Open,NEUTRAL,POSITIVE,,,,,,,,,,,,,,,,,,,,,,,,,,,,,,,,,,,,,,,,,,,,,,,,,,,,,
Tribune,"Iran border to stay open 24/7 during Muharram, Arbaeen",NEUTRAL,NEUTRAL,,,,,,,,,,,,,,,,,,,,,,,,,,,,,,,,,,,,,,,,,,,,,,,,,,,,,
Tribune,Prehistoric tools made of whale bones found in France,NEUTRAL,NEUTRAL,,,,,,,,,,,,,,,,,,,,,,,,,,,,,,,,,,,,,,,,,,,,,,,,,,,,,
Tribune,Military notes ­— perceptual battle between India and Pakistan,NEUTRAL,NEGATIVE,,,,,,,,,,,,,,,,,,,,,,,,,,,,,,,,,,,,,,,,,,,,,,,,,,,,,
Tribune,"Agha, Hasan star in Pak win over BD",NEUTRAL,NEUTRAL,,,,,,,,,,,,,,,,,,,,,,,,,,,,,,,,,,,,,,,,,,,,,,,,,,,,,
Tribune,Ex-SHO dismissed over collusion with gutka mafia,POSITIVE,NEUTRAL,,,,,,,,,,,,,,,,,,,,,,,,,,,,,,,,,,,,,,,,,,,,,,,,,,,,,
Tribune,Work on M-6 to start by Mar 2026,NEUTRAL,NEUTRAL,,,,,,,,,,,,,,,,,,,,,,,,,,,,,,,,,,,,,,,,,,,,,,,,,,,,,
Tribune,Abbottabad to reclaim encroached land,NEUTRAL,NEGATIVE,,,,,,,,,,,,,,,,,,,,,,,,,,,,,,,,,,,,,,,,,,,,,,,,,,,,,
Tribune,Saudi helpline assists Hajj pilgrims in Urdu,NEUTRAL,NEUTRAL,,,,,,,,,,,,,,,,,,,,,,,,,,,,,,,,,,,,,,,,,,,,,,,,,,,,,
Tribune,ADB board meets on June 3 to approve $800m Pakistan package,NEUTRAL,NEUTRAL,,,,,,,,,,,,,,,,,,,,,,,,,,,,,,,,,,,,,,,,,,,,,,,,,,,,,
Tribune,Musk says 'disappointed' by Trump mega-bill,NEUTRAL,NEGATIVE,,,,,,,,,,,,,,,,,,,,,,,,,,,,,,,,,,,,,,,,,,,,,,,,,,,,,
Tribune,Taliban disavow 'self-styled jihad' in Pakistan,NEUTRAL,NEUTRAL,,,,,,,,,,,,,,,,,,,,,,,,,,,,,,,,,,,,,,,,,,,,,,,,,,,,,
Tribune,Five AJK cops martyred as van plunges into ravine,NEGATIVE,NEUTRAL,,,,,,,,,,,,,,,,,,,,,,,,,,,,,,,,,,,,,,,,,,,,,,,,,,,,,
Tribune,A costly addiction,NEGATIVE,NEUTRAL,,,,,,,,,,,,,,,,,,,,,,,,,,,,,,,,,,,,,,,,,,,,,,,,,,,,,
Tribune,RDA scam suspects in the NAB crosshairs,POSITIVE,NEUTRAL,,,,,,,,,,,,,,,,,,,,,,,,,,,,,,,,,,,,,,,,,,,,,,,,,,,,,
Tribune,Migrant boat capsize kills seven off Spain,NEGATIVE,NEGATIVE,,,,,,,,,,,,,,,,,,,,,,,,,,,,,,,,,,,,,,,,,,,,,,,,,,,,,
Tribune,Teenage Barca star Yamal signs new contract to 2031,NEUTRAL,POSITIVE,,,,,,,,,,,,,,,,,,,,,,,,,,,,,,,,,,,,,,,,,,,,,,,,,,,,,
Tribune,City marks Youm-e-Takbeer,NEGATIVE,POSITIVE,,,,,,,,,,,,,,,,,,,,,,,,,,,,,,,,,,,,,,,,,,,,,,,,,,,,,
Tribune,"10 killed in floods, landslides",NEUTRAL,NEGATIVE,,,,,,,,,,,,,,,,,,,,,,,,,,,,,,,,,,,,,,,,,,,,,,,,,,,,,
Tribune,Global warming likely to stay at historic levels,POSITIVE,NEUTRAL,,,,,,,,,,,,,,,,,,,,,,,,,,,,,,,,,,,,,,,,,,,,,,,,,,,,,
Tribune,PBF urges budget relief for agriculture,NEUTRAL,NEUTRAL,,,,,,,,,,,,,,,,,,,,,,,,,,,,,,,,,,,,,,,,,,,,,,,,,,,,,
Tribune,Will CIE lose its edge?,NEUTRAL,NEGATIVE,,,,,,,,,,,,,,,,,,,,,,,,,,,,,,,,,,,,,,,,,,,,,,,,,,,,,
Tribune,NEPRA decision on KE tariff alarms Power Division,NEUTRAL,NEGATIVE,,,,,,,,,,,,,,,,,,,,,,,,,,,,,,,,,,,,,,,,,,,,,,,,,,,,,
Tribune,Korangi harbour to make $100m in 5 years,NEUTRAL,POSITIVE,,,,,,,,,,,,,,,,,,,,,,,,,,,,,,,,,,,,,,,,,,,,,,,,,,,,,
Tribune,"Cattle markets buzz, but prices soar",NEUTRAL,NEUTRAL,,,,,,,,,,,,,,,,,,,,,,,,,,,,,,,,,,,,,,,,,,,,,,,,,,,,,
Tribune,Karachi-Rohri track rehabilitation may commence this year,NEGATIVE,NEUTRAL,,,,,,,,,,,,,,,,,,,,,,,,,,,,,,,,,,,,,,,,,,,,,,,,,,,,,
Tribune,Robbed and murdered,NEGATIVE,NEGATIVE,,,,,,,,,,,,,,,,,,,,,,,,,,,,,,,,,,,,,,,,,,,,,,,,,,,,,
Tribune,Ready to forestall India's IWT threat: PM,NEUTRAL,POSITIVE,,,,,,,,,,,,,,,,,,,,,,,,,,,,,,,,,,,,,,,,,,,,,,,,,,,,,
Tribune,Iran may pause uranium enrichment,POSITIVE,NEUTRAL,,,,,,,,,,,,,,,,,,,,,,,,,,,,,,,,,,,,,,,,,,,,,,,,,,,,,
Tribune,"In world first, Mexican voters to elect all judges",NEGATIVE,NEUTRAL,,,,,,,,,,,,,,,,,,,,,,,,,,,,,,,,,,,,,,,,,,,,,,,,,,,,,
Tribune,K-P loses oil and gas royalty,NEGATIVE,NEGATIVE,,,,,,,,,,,,,,,,,,,,,,,,,,,,,,,,,,,,,,,,,,,,,,,,,,,,,
Tribune,Pakistan deplores Modi's 'inflammatory monologue',NEUTRAL,NEGATIVE,,,,,,,,,,,,,,,,,,,,,,,,,,,,,,,,,,,,,,,,,,,,,,,,,,,,,
Tribune,India's 'new normal' a serious threat to peace,NEUTRAL,NEUTRAL,,,,,,,,,,,,,,,,,,,,,,,,,,,,,,,,,,,,,,,,,,,,,,,,,,,,,
Tribune,Relatives blame doctor for woman's death,NEUTRAL,NEGATIVE,,,,,,,,,,,,,,,,,,,,,,,,,,,,,,,,,,,,,,,,,,,,,,,,,,,,,
Tribune,"Textile exporters sound alarm over tax, energy policies",NEUTRAL,NEGATIVE,,,,,,,,,,,,,,,,,,,,,,,,,,,,,,,,,,,,,,,,,,,,,,,,,,,,,
Tribune,Youth at risk as hypertension cases climb,NEUTRAL,NEGATIVE,,,,,,,,,,,,,,,,,,,,,,,,,,,,,,,,,,,,,,,,,,,,,,,,,,,,,
Tribune,Impregnable and invincible,NEGATIVE,POSITIVE,,,,,,,,,,,,,,,,,,,,,,,,,,,,,,,,,,,,,,,,,,,,,,,,,,,,,
Tribune,"Man arrested for killing sister, faking suicide scene",POSITIVE,NEGATIVE,,,,,,,,,,,,,,,,,,,,,,,,,,,,,,,,,,,,,,,,,,,,,,,,,,,,,
Tribune,PML-N alleges misuse of Article 187,NEUTRAL,NEUTRAL,,,,,,,,,,,,,,,,,,,,,,,,,,,,,,,,,,,,,,,,,,,,,,,,,,,,,
Tribune,Maryam's 'hawkish tone' muddles Centre's PTI talk offer,NEUTRAL,NEUTRAL,,,,,,,,,,,,,,,,,,,,,,,,,,,,,,,,,,,,,,,,,,,,,,,,,,,,,
Tribune,Dar to visit Hong Kong from May 29,NEUTRAL,NEUTRAL,,,,,,,,,,,,,,,,,,,,,,,,,,,,,,,,,,,,,,,,,,,,,,,,,,,,,
Tribune,Slavery disguised as freedom,NEUTRAL,NEGATIVE,,,,,,,,,,,,,,,,,,,,,,,,,,,,,,,,,,,,,,,,,,,,,,,,,,,,,
Tribune,Passengers abandon trains for buses amid rail chaos,NEUTRAL,NEGATIVE,,,,,,,,,,,,,,,,,,,,,,,,,,,,,,,,,,,,,,,,,,,,,,,,,,,,,
Tribune,Hussaiyn behind the camera,NEUTRAL,NEUTRAL,,,,,,,,,,,,,,,,,,,,,,,,,,,,,,,,,,,,,,,,,,,,,,,,,,,,,
Tribune,FIFA honours Shaheen Shah Afridi,NEGATIVE,POSITIVE,,,,,,,,,,,,,,,,,,,,,,,,,,,,,,,,,,,,,,,,,,,,,,,,,,,,,
Tribune,PTI seeks to snub talk of talks with govt,NEUTRAL,NEGATIVE,,,,,,,,,,,,,,,,,,,,,,,,,,,,,,,,,,,,,,,,,,,,,,,,,,,,,
Tribune,Atkinson ruled out of WI ODIs,NEUTRAL,NEUTRAL,,,,,,,,,,,,,,,,,,,,,,,,,,,,,,,,,,,,,,,,,,,,,,,,,,,,,
Tribune,LJCP to identify areas of law for review,NEGATIVE,NEUTRAL,,,,,,,,,,,,,,,,,,,,,,,,,,,,,,,,,,,,,,,,,,,,,,,,,,,,,
Tribune,"ASI booked for harassment, bribery",NEUTRAL,NEGATIVE,,,,,,,,,,,,,,,,,,,,,,,,,,,,,,,,,,,,,,,,,,,,,,,,,,,,,
Tribune,Rs600m corruption unearthed in Dasu project,NEUTRAL,NEGATIVE,,,,,,,,,,,,,,,,,,,,,,,,,,,,,,,,,,,,,,,,,,,,,,,,,,,,,
Tribune,Govt to challenge KE tariff decision,NEUTRAL,NEUTRAL,,,,,,,,,,,,,,,,,,,,,,,,,,,,,,,,,,,,,,,,,,,,,,,,,,,,,
Tribune,Weightlifter Sybil to create history for Pak,NEUTRAL,POSITIVE,,,,,,,,,,,,,,,,,,,,,,,,,,,,,,,,,,,,,,,,,,,,,,,,,,,,,
Tribune,Night traffic patrolling plan rolled out for Eid,NEUTRAL,NEUTRAL,,,,,,,,,,,,,,,,,,,,,,,,,,,,,,,,,,,,,,,,,,,,,,,,,,,,,
Tribune,Two injured in encounter,NEGATIVE,NEUTRAL,,,,,,,,,,,,,,,,,,,,,,,,,,,,,,,,,,,,,,,,,,,,,,,,,,,,,
Tribune,Tirah Valley tribes cobble up peace force,NEUTRAL,NEGATIVE,,,,,,,,,,,,,,,,,,,,,,,,,,,,,,,,,,,,,,,,,,,,,,,,,,,,,
Tribune,Inflation risks mount despite macro stability,NEUTRAL,NEUTRAL,,,,,,,,,,,,,,,,,,,,,,,,,,,,,,,,,,,,,,,,,,,,,,,,,,,,,
Tribune,Balochistan opposition stages walkout,NEUTRAL,NEUTRAL,,,,,,,,,,,,,,,,,,,,,,,,,,,,,,,,,,,,,,,,,,,,,,,,,,,,,
Tribune,Exhibit showcases German artist's mesmerising art,NEGATIVE,POSITIVE,,,,,,,,,,,,,,,,,,,,,,,,,,,,,,,,,,,,,,,,,,,,,,,,,,,,,
Tribune,On being an art historian and a theorist,NEUTRAL,POSITIVE,,,,,,,,,,,,,,,,,,,,,,,,,,,,,,,,,,,,,,,,,,,,,,,,,,,,,
Tribune,"No, Mawra Hocane has not chopped off her hair",NEGATIVE,NEUTRAL,,,,,,,,,,,,,,,,,,,,,,,,,,,,,,,,,,,,,,,,,,,,,,,,,,,,,
Tribune,FIA arrests Italy-bound fake resident card holders,POSITIVE,NEUTRAL,,,,,,,,,,,,,,,,,,,,,,,,,,,,,,,,,,,,,,,,,,,,,,,,,,,,,
Tribune,'I want to win World Cup for Pak',NEUTRAL,POSITIVE,,,,,,,,,,,,,,,,,,,,,,,,,,,,,,,,,,,,,,,,,,,,,,,,,,,,,
Tribune,"Crypto currencies use is illegal, NA panel told",NEUTRAL,NEUTRAL,,,,,,,,,,,,,,,,,,,,,,,,,,,,,,,,,,,,,,,,,,,,,,,,,,,,,
Tribune,PPPP protests Rs50m grant to Lahore Bar,NEUTRAL,NEGATIVE,,,,,,,,,,,,,,,,,,,,,,,,,,,,,,,,,,,,,,,,,,,,,,,,,,,,,
Tribune,Cancer patients to get instant biopsy reports,NEUTRAL,NEUTRAL,,,,,,,,,,,,,,,,,,,,,,,,,,,,,,,,,,,,,,,,,,,,,,,,,,,,,
Tribune,CM orders steps to lower bread price,NEUTRAL,NEUTRAL,,,,,,,,,,,,,,,,,,,,,,,,,,,,,,,,,,,,,,,,,,,,,,,,,,,,,
Tribune,Ransom plot foiled in dramatic late-night police operation,NEUTRAL,NEUTRAL,,,,,,,,,,,,,,,,,,,,,,,,,,,,,,,,,,,,,,,,,,,,,,,,,,,,,
Tribune,Tate brothers charged with rape,NEUTRAL,NEGATIVE,,,,,,,,,,,,,,,,,,,,,,,,,,,,,,,,,,,,,,,,,,,,,,,,,,,,,
Tribune,Nepal take cricket to new heights with T20 league,NEUTRAL,NEUTRAL,,,,,,,,,,,,,,,,,,,,,,,,,,,,,,,,,,,,,,,,,,,,,,,,,,,,,
Tribune,"Authorities on alert for heatwave, downpour",NEUTRAL,NEUTRAL,,,,,,,,,,,,,,,,,,,,,,,,,,,,,,,,,,,,,,,,,,,,,,,,,,,,,
Tribune,Stocks rally on blue-chip buying,NEUTRAL,POSITIVE,,,,,,,,,,,,,,,,,,,,,,,,,,,,,,,,,,,,,,,,,,,,,,,,,,,,,
Tribune,Messi stars as Miami rips Montreal,NEUTRAL,NEUTRAL,,,,,,,,,,,,,,,,,,,,,,,,,,,,,,,,,,,,,,,,,,,,,,,,,,,,,
Tribune,Won't accept India's hegemony: COAS,NEUTRAL,NEUTRAL,,,,,,,,,,,,,,,,,,,,,,,,,,,,,,,,,,,,,,,,,,,,,,,,,,,,,
Tribune,Coffee sector for duty cuts,POSITIVE,NEUTRAL,,,,,,,,,,,,,,,,,,,,,,,,,,,,,,,,,,,,,,,,,,,,,,,,,,,,,
Tribune,"Dialogue key to democracy, says Zardari",NEUTRAL,NEUTRAL,,,,,,,,,,,,,,,,,,,,,,,,,,,,,,,,,,,,,,,,,,,,,,,,,,,,,
Tribune,Can AI agents revamp online shopping?,NEUTRAL,NEUTRAL,,,,,,,,,,,,,,,,,,,,,,,,,,,,,,,,,,,,,,,,,,,,,,,,,,,,,
Tribune,Kenyan literary icon Ngugi wa Thiong'o dies aged 87,POSITIVE,NEUTRAL,,,,,,,,,,,,,,,,,,,,,,,,,,,,,,,,,,,,,,,,,,,,,,,,,,,,,
Tribune,"Bahria College Blue, Blasters Ballers triumph",NEUTRAL,NEUTRAL,,,,,,,,,,,,,,,,,,,,,,,,,,,,,,,,,,,,,,,,,,,,,,,,,,,,,
Tribune,Rain leaks into new HMC surgical unit,NEUTRAL,NEUTRAL,,,,,,,,,,,,,,,,,,,,,,,,,,,,,,,,,,,,,,,,,,,,,,,,,,,,,
Tribune,BCB president likely to step down,NEGATIVE,NEUTRAL,,,,,,,,,,,,,,,,,,,,,,,,,,,,,,,,,,,,,,,,,,,,,,,,,,,,,
Tribune,Calling it what it is,NEUTRAL,NEGATIVE,,,,,,,,,,,,,,,,,,,,,,,,,,,,,,,,,,,,,,,,,,,,,,,,,,,,,
Tribune,"'In India, hating Pakistan is how you show loyalty'",POSITIVE,NEGATIVE,,,,,,,,,,,,,,,,,,,,,,,,,,,,,,,,,,,,,,,,,,,,,,,,,,,,,
Tribune,Aliya appointed head of PTI Punjab political committee,NEUTRAL,NEUTRAL,,,,,,,,,,,,,,,,,,,,,,,,,,,,,,,,,,,,,,,,,,,,,,,,,,,,,
Tribune,"Budget on track, June 10 confirmed",NEUTRAL,NEUTRAL,,,,,,,,,,,,,,,,,,,,,,,,,,,,,,,,,,,,,,,,,,,,,,,,,,,,,
Tribune,Govt bodies owe SNGPL Rs37b in dues,NEUTRAL,NEUTRAL,,,,,,,,,,,,,,,,,,,,,,,,,,,,,,,,,,,,,,,,,,,,,,,,,,,,,
Tribune,Lanka ex-ministers jailed,NEUTRAL,NEGATIVE,,,,,,,,,,,,,,,,,,,,,,,,,,,,,,,,,,,,,,,,,,,,,,,,,,,,,
Tribune,NEPRA reserves ruling on tariff,NEGATIVE,NEUTRAL,,,,,,,,,,,,,,,,,,,,,,,,,,,,,,,,,,,,,,,,,,,,,,,,,,,,,
Tribune,The curse of being Wednesday,NEGATIVE,NEUTRAL,,,,,,,,,,,,,,,,,,,,,,,,,,,,,,,,,,,,,,,,,,,,,,,,,,,,,
Tribune,Russia says awaiting Ukraine's response,NEUTRAL,NEUTRAL,,,,,,,,,,,,,,,,,,,,,,,,,,,,,,,,,,,,,,,,,,,,,,,,,,,,,
Tribune,Airlines return to Pak skies,NEGATIVE,NEUTRAL,,,,,,,,,,,,,,,,,,,,,,,,,,,,,,,,,,,,,,,,,,,,,,,,,,,,,
Tribune,"Two cops held for abduction, extortion",NEUTRAL,NEGATIVE,,,,,,,,,,,,,,,,,,,,,,,,,,,,,,,,,,,,,,,,,,,,,,,,,,,,,
Tribune,"Authority abolishes 1,200 teaching posts",NEUTRAL,NEUTRAL,,,,,,,,,,,,,,,,,,,,,,,,,,,,,,,,,,,,,,,,,,,,,,,,,,,,,
Tribune,Prioritisation of digestive health urged,NEUTRAL,NEUTRAL,,,,,,,,,,,,,,,,,,,,,,,,,,,,,,,,,,,,,,,,,,,,,,,,,,,,,
Tribune,Nepal after its Maoist revolution,NEUTRAL,NEUTRAL,,,,,,,,,,,,,,,,,,,,,,,,,,,,,,,,,,,,,,,,,,,,,,,,,,,,,
Tribune,IHC grants more time for campus drug purge,NEGATIVE,NEUTRAL,,,,,,,,,,,,,,,,,,,,,,,,,,,,,,,,,,,,,,,,,,,,,,,,,,,,,
Tribune,Offensive diplomacy,NEGATIVE,NEUTRAL,,,,,,,,,,,,,,,,,,,,,,,,,,,,,,,,,,,,,,,,,,,,,,,,,,,,,
Tribune,Eroding CIE sanctity,NEGATIVE,NEGATIVE,,,,,,,,,,,,,,,,,,,,,,,,,,,,,,,,,,,,,,,,,,,,,,,,,,,,,
Tribune,"Govt weighs wheat product import, export",NEGATIVE,NEUTRAL,,,,,,,,,,,,,,,,,,,,,,,,,,,,,,,,,,,,,,,,,,,,,,,,,,,,,
Tribune,Tiles industry warns of $400m forex outflow,NEGATIVE,NEUTRAL,,,,,,,,,,,,,,,,,,,,,,,,,,,,,,,,,,,,,,,,,,,,,,,,,,,,,
Tribune,"Pakistan, ADB push for climate strategy tied to carbon markets",NEGATIVE,POSITIVE,,,,,,,,,,,,,,,,,,,,,,,,,,,,,,,,,,,,,,,,,,,,,,,,,,,,,
Tribune,Climate action could save vanishing glaciers,NEUTRAL,NEUTRAL,,,,,,,,,,,,,,,,,,,,,,,,,,,,,,,,,,,,,,,,,,,,,,,,,,,,,
Tribune,The problem of evil — and the Quran,NEUTRAL,NEUTRAL,,,,,,,,,,,,,,,,,,,,,,,,,,,,,,,,,,,,,,,,,,,,,,,,,,,,,
Tribune,"With AI and more shade, KSA set for a searing Hajj",NEUTRAL,NEUTRAL,,,,,,,,,,,,,,,,,,,,,,,,,,,,,,,,,,,,,,,,,,,,,,,,,,,,,
Tribune,Court stops Trump from imposing sweeping tariffs,NEUTRAL,NEUTRAL,,,,,,,,,,,,,,,,,,,,,,,,,,,,,,,,,,,,,,,,,,,,,,,,,,,,,
Tribune,Regressive power tariffs,POSITIVE,NEGATIVE,,,,,,,,,,,,,,,,,,,,,,,,,,,,,,,,,,,,,,,,,,,,,,,,,,,,,
Tribune,US envoy urges Syria-Israel non-aggression pact,NEUTRAL,NEUTRAL,,,,,,,,,,,,,,,,,,,,,,,,,,,,,,,,,,,,,,,,,,,,,,,,,,,,,
Tribune,Imran signals readiness to 'give-and-take',NEGATIVE,NEUTRAL,,,,,,,,,,,,,,,,,,,,,,,,,,,,,,,,,,,,,,,,,,,,,,,,,,,,,
Tribune,Gaza ceasefire prospects brighten,NEGATIVE,NEGATIVE,,,,,,,,,,,,,,,,,,,,,,,,,,,,,,,,,,,,,,,,,,,,,,,,,,,,,
Tribune,Govt mulls 1.5% tax on imports,POSITIVE,NEUTRAL,,,,,,,,,,,,,,,,,,,,,,,,,,,,,,,,,,,,,,,,,,,,,,,,,,,,,
Tribune,Capital gears up to prevent dengue outbreak,NEUTRAL,NEUTRAL,,,,,,,,,,,,,,,,,,,,,,,,,,,,,,,,,,,,,,,,,,,,,,,,,,,,,
Tribune,Salman Agha praises 'team effort' in win over BD,POSITIVE,POSITIVE,,,,,,,,,,,,,,,,,,,,,,,,,,,,,,,,,,,,,,,,,,,,,,,,,,,,,
Tribune,'Inspired' Swiatek outplays Raducanu,NEUTRAL,NEUTRAL,,,,,,,,,,,,,,,,,,,,,,,,,,,,,,,,,,,,,,,,,,,,,,,,,,,,,
Tribune,Senate committee deliberates on e-voting system,NEUTRAL,NEUTRAL,,,,,,,,,,,,,,,,,,,,,,,,,,,,,,,,,,,,,,,,,,,,,,,,,,,,,
Tribune,Muggers snatch expensive phones,NEUTRAL,NEGATIVE,,,,,,,,,,,,,,,,,,,,,,,,,,,,,,,,,,,,,,,,,,,,,,,,,,,,,
Tribune,Project to connect Karachi Port to Shahrah-e-Bhutto discussed,NEGATIVE,NEUTRAL,,,,,,,,,,,,,,,,,,,,,,,,,,,,,,,,,,,,,,,,,,,,,,,,,,,,,
Tribune,NA panel reviews PTV performance,NEUTRAL,NEUTRAL,,,,,,,,,,,,,,,,,,,,,,,,,,,,,,,,,,,,,,,,,,,,,,,,,,,,,
Tribune,PM to attend summit on glaciers' preservation,POSITIVE,NEUTRAL,,,,,,,,,,,,,,,,,,,,,,,,,,,,,,,,,,,,,,,,,,,,,,,,,,,,,
Tribune,Afghan FM to visit Pakistan soon,NEUTRAL,NEUTRAL,,,,,,,,,,,,,,,,,,,,,,,,,,,,,,,,,,,,,,,,,,,,,,,,,,,,,
Tribune,Wheat target falls short by 4m metric tons,NEUTRAL,NEUTRAL,,,,,,,,,,,,,,,,,,,,,,,,,,,,,,,,,,,,,,,,,,,,,,,,,,,,,
Tribune,Transfer case first of its kind: CB head,NEUTRAL,NEUTRAL,,,,,,,,,,,,,,,,,,,,,,,,,,,,,,,,,,,,,,,,,,,,,,,,,,,,,
Tribune,US suggests student visa suspension to be brief,NEUTRAL,NEUTRAL,,,,,,,,,,,,,,,,,,,,,,,,,,,,,,,,,,,,,,,,,,,,,,,,,,,,,
Tribune,CAREC states invited to join Pakistan's SEZs,NEUTRAL,NEUTRAL,,,,,,,,,,,,,,,,,,,,,,,,,,,,,,,,,,,,,,,,,,,,,,,,,,,,,
Tribune,Four servicemen martyred in Waziristan,NEUTRAL,NEGATIVE,,,,,,,,,,,,,,,,,,,,,,,,,,,,,,,,,,,,,,,,,,,,,,,,,,,,,
Tribune,Stage drama highlights artists' struggles,NEUTRAL,NEUTRAL,,,,,,,,,,,,,,,,,,,,,,,,,,,,,,,,,,,,,,,,,,,,,,,,,,,,,
Tribune,Iqbal faults state pillars for past crises,NEUTRAL,NEUTRAL,,,,,,,,,,,,,,,,,,,,,,,,,,,,,,,,,,,,,,,,,,,,,,,,,,,,,
Tribune,PAC refers Pakistan Post illegal hiring case to NAB,NEGATIVE,NEUTRAL,,,,,,,,,,,,,,,,,,,,,,,,,,,,,,,,,,,,,,,,,,,,,,,,,,,,,
Tribune,IHC lists Imran's appeal in £190m case for hearing,NEUTRAL,NEUTRAL,,,,,,,,,,,,,,,,,,,,,,,,,,,,,,,,,,,,,,,,,,,,,,,,,,,,,
Tribune,Protest staged outside school over assault on female teachers,NEUTRAL,NEGATIVE,,,,,,,,,,,,,,,,,,,,,,,,,,,,,,,,,,,,,,,,,,,,,,,,,,,,,
Tribune,Two minors found murdered in Hafizabad,NEGATIVE,NEGATIVE,,,,,,,,,,,,,,,,,,,,,,,,,,,,,,,,,,,,,,,,,,,,,,,,,,,,,
Tribune,Child among three kidnapees rescued,NEUTRAL,NEUTRAL,,,,,,,,,,,,,,,,,,,,,,,,,,,,,,,,,,,,,,,,,,,,,,,,,,,,,
Tribune,Preparing for the next round,NEUTRAL,NEUTRAL,,,,,,,,,,,,,,,,,,,,,,,,,,,,,,,,,,,,,,,,,,,,,,,,,,,,,
Tribune,'Revival of cooperatives to tackle food insecurity',NEUTRAL,NEUTRAL,,,,,,,,,,,,,,,,,,,,,,,,,,,,,,,,,,,,,,,,,,,,,,,,,,,,,
Tribune,Chelsea aim high after Conference League win,NEUTRAL,NEUTRAL,,,,,,,,,,,,,,,,,,,,,,,,,,,,,,,,,,,,,,,,,,,,,,,,,,,,,
Tribune,Slim chances of CB upholding July 12 ruling,NEUTRAL,NEUTRAL,,,,,,,,,,,,,,,,,,,,,,,,,,,,,,,,,,,,,,,,,,,,,,,,,,,,,
Tribune,Zardari links progress to centre-province coordination,NEGATIVE,NEUTRAL,,,,,,,,,,,,,,,,,,,,,,,,,,,,,,,,,,,,,,,,,,,,,,,,,,,,,
Tribune,Weaponising water: India's destabilising role in South Asia,NEUTRAL,NEGATIVE,,,,,,,,,,,,,,,,,,,,,,,,,,,,,,,,,,,,,,,,,,,,,,,,,,,,,
Tribune,Markets in twin cities buzz with Eid prep,NEGATIVE,POSITIVE,,,,,,,,,,,,,,,,,,,,,,,,,,,,,,,,,,,,,,,,,,,,,,,,,,,,,
Tribune,"Cabinet approves major climate, legal reforms",NEUTRAL,NEUTRAL,,,,,,,,,,,,,,,,,,,,,,,,,,,,,,,,,,,,,,,,,,,,,,,,,,,,,
Tribune,Poland moves to curb migrant crossings,NEUTRAL,NEGATIVE,,,,,,,,,,,,,,,,,,,,,,,,,,,,,,,,,,,,,,,,,,,,,,,,,,,,,
Tribune,Postal Life Insurance awaits Rs48b refund,NEUTRAL,NEUTRAL,,,,,,,,,,,,,,,,,,,,,,,,,,,,,,,,,,,,,,,,,,,,,,,,,,,,,
Tribune,Govt official martyred in Surab terror siege,NEGATIVE,NEUTRAL,,,,,,,,,,,,,,,,,,,,,,,,,,,,,,,,,,,,,,,,,,,,,,,,,,,,,
Tribune,"Swiatek, Sabalenka into French Open last 16",NEGATIVE,NEUTRAL,,,,,,,,,,,,,,,,,,,,,,,,,,,,,,,,,,,,,,,,,,,,,,,,,,,,,
Tribune,France bans smoking in public to protect kids,NEGATIVE,NEUTRAL,,,,,,,,,,,,,,,,,,,,,,,,,,,,,,,,,,,,,,,,,,,,,,,,,,,,,
Tribune,China sets up int'l mediation body in HK,NEUTRAL,NEUTRAL,,,,,,,,,,,,,,,,,,,,,,,,,,,,,,,,,,,,,,,,,,,,,,,,,,,,,
Tribune,Sport officer suspended over alleged harassment,NEUTRAL,NEUTRAL,,,,,,,,,,,,,,,,,,,,,,,,,,,,,,,,,,,,,,,,,,,,,,,,,,,,,
Tribune,BJP leader admits downing of five Indian jets,NEUTRAL,NEGATIVE,,,,,,,,,,,,,,,,,,,,,,,,,,,,,,,,,,,,,,,,,,,,,,,,,,,,,
Tribune,Power companies violating agreement: minister,NEUTRAL,NEGATIVE,,,,,,,,,,,,,,,,,,,,,,,,,,,,,,,,,,,,,,,,,,,,,,,,,,,,,
Tribune,Pakistan's tariff talks with US kick off,NEGATIVE,NEUTRAL,,,,,,,,,,,,,,,,,,,,,,,,,,,,,,,,,,,,,,,,,,,,,,,,,,,,,
Tribune,LHC directs humane euthanasia of stray dogs,NEUTRAL,NEUTRAL,,,,,,,,,,,,,,,,,,,,,,,,,,,,,,,,,,,,,,,,,,,,,,,,,,,,,
Tribune,Pakistan upgrades ties with Afghanistan,NEUTRAL,NEUTRAL,,,,,,,,,,,,,,,,,,,,,,,,,,,,,,,,,,,,,,,,,,,,,,,,,,,,,
Tribune,Cop sentenced to life imprisonment for murder,NEUTRAL,NEGATIVE,,,,,,,,,,,,,,,,,,,,,,,,,,,,,,,,,,,,,,,,,,,,,,,,,,,,,
Tribune,Abducted polio worker recovered,NEUTRAL,NEUTRAL,,,,,,,,,,,,,,,,,,,,,,,,,,,,,,,,,,,,,,,,,,,,,,,,,,,,,
Tribune,Man killed over feud,NEUTRAL,NEUTRAL,,,,,,,,,,,,,,,,,,,,,,,,,,,,,,,,,,,,,,,,,,,,,,,,,,,,,
Tribune,Four-day Eid holidays announced,NEGATIVE,NEUTRAL,,,,,,,,,,,,,,,,,,,,,,,,,,,,,,,,,,,,,,,,,,,,,,,,,,,,,
Tribune,Bitcoin Strategic Reserve,NEUTRAL,NEUTRAL,,,,,,,,,,,,,,,,,,,,,,,,,,,,,,,,,,,,,,,,,,,,,,,,,,,,,
Tribune,Electricity focus hurts balance,NEUTRAL,NEUTRAL,,,,,,,,,,,,,,,,,,,,,,,,,,,,,,,,,,,,,,,,,,,,,,,,,,,,,
Tribune,"Govt eyes mobile policy, exports",NEUTRAL,NEUTRAL,,,,,,,,,,,,,,,,,,,,,,,,,,,,,,,,,,,,,,,,,,,,,,,,,,,,,
Tribune,Minor drowns in canal,NEUTRAL,NEUTRAL,,,,,,,,,,,,,,,,,,,,,,,,,,,,,,,,,,,,,,,,,,,,,,,,,,,,,
Tribune,Policeman martyred in Waziristan ambush,NEUTRAL,NEGATIVE,,,,,,,,,,,,,,,,,,,,,,,,,,,,,,,,,,,,,,,,,,,,,,,,,,,,,
Tribune,Govt eyes 4.2% growth in FY26,NEUTRAL,NEUTRAL,,,,,,,,,,,,,,,,,,,,,,,,,,,,,,,,,,,,,,,,,,,,,,,,,,,,,
Tribune,Nobody's content with the 'content',NEUTRAL,NEGATIVE,,,,,,,,,,,,,,,,,,,,,,,,,,,,,,,,,,,,,,,,,,,,,,,,,,,,,
Tribune,BLACKPINK's Lisa to star in upcoming documentary,NEGATIVE,NEUTRAL,,,,,,,,,,,,,,,,,,,,,,,,,,,,,,,,,,,,,,,,,,,,,,,,,,,,,
Tribune,"PTI MNA, ex-MPA among 11 convicted in May 9 rioting case",NEUTRAL,NEGATIVE,,,,,,,,,,,,,,,,,,,,,,,,,,,,,,,,,,,,,,,,,,,,,,,,,,,,,
Tribune,Short-term inflation falls 0.81% WoW,NEUTRAL,NEUTRAL,,,,,,,,,,,,,,,,,,,,,,,,,,,,,,,,,,,,,,,,,,,,,,,,,,,,,
Tribune,"Faysal defends Fawad, Hania",NEUTRAL,NEUTRAL,,,,,,,,,,,,,,,,,,,,,,,,,,,,,,,,,,,,,,,,,,,,,,,,,,,,,
Tribune,NA panel to probe CIE paper leaks,NEUTRAL,NEUTRAL,,,,,,,,,,,,,,,,,,,,,,,,,,,,,,,,,,,,,,,,,,,,,,,,,,,,,
Tribune,Celebrities urge UK to end arms sales to Israel,NEUTRAL,NEGATIVE,,,,,,,,,,,,,,,,,,,,,,,,,,,,,,,,,,,,,,,,,,,,,,,,,,,,,
Tribune,"After DeepSeek, China's JC10 moment",NEUTRAL,POSITIVE,,,,,,,,,,,,,,,,,,,,,,,,,,,,,,,,,,,,,,,,,,,,,,,,,,,,,
Tribune,Death toll in Nigeria flooding rises to 115,NEGATIVE,NEUTRAL,,,,,,,,,,,,,,,,,,,,,,,,,,,,,,,,,,,,,,,,,,,,,,,,,,,,,
Tribune,SBP injects Rs1.15tr to stabilise markets,NEUTRAL,NEUTRAL,,,,,,,,,,,,,,,,,,,,,,,,,,,,,,,,,,,,,,,,,,,,,,,,,,,,,
Tribune,Stupidistan,NEGATIVE,NEUTRAL,,,,,,,,,,,,,,,,,,,,,,,,,,,,,,,,,,,,,,,,,,,,,,,,,,,,,
Tribune,PCC to discuss crypto regulations on June 2,NEUTRAL,NEUTRAL,,,,,,,,,,,,,,,,,,,,,,,,,,,,,,,,,,,,,,,,,,,,,,,,,,,,,
Tribune,Won't allow India to cross IWT red line: PM,NEUTRAL,NEGATIVE,,,,,,,,,,,,,,,,,,,,,,,,,,,,,,,,,,,,,,,,,,,,,,,,,,,,,
Tribune,Hazlewood in great touch for WTC final,NEGATIVE,POSITIVE,,,,,,,,,,,,,,,,,,,,,,,,,,,,,,,,,,,,,,,,,,,,,,,,,,,,,
Tribune,PhD Scholars showcase research at AIOU,NEGATIVE,POSITIVE,,,,,,,,,,,,,,,,,,,,,,,,,,,,,,,,,,,,,,,,,,,,,,,,,,,,,
Tribune,Egypt denies court ruling threatens historic monastery,NEUTRAL,NEUTRAL,,,,,,,,,,,,,,,,,,,,,,,,,,,,,,,,,,,,,,,,,,,,,,,,,,,,,
Tribune,"Same ban, new promise",NEUTRAL,NEGATIVE,,,,,,,,,,,,,,,,,,,,,,,,,,,,,,,,,,,,,,,,,,,,,,,,,,,,,
Tribune,I think Fernandes wants to stay: Amorim,NEUTRAL,NEUTRAL,,,,,,,,,,,,,,,,,,,,,,,,,,,,,,,,,,,,,,,,,,,,,,,,,,,,,
Tribune,Norris fastest in first Spanish GP practice,NEUTRAL,NEUTRAL,,,,,,,,,,,,,,,,,,,,,,,,,,,,,,,,,,,,,,,,,,,,,,,,,,,,,
Tribune,Stocks surge on budget relief prospects,NEUTRAL,POSITIVE,,,,,,,,,,,,,,,,,,,,,,,,,,,,,,,,,,,,,,,,,,,,,,,,,,,,,
Tribune,KCCI urges PM to release Rs23b power subsidy,NEUTRAL,NEUTRAL,,,,,,,,,,,,,,,,,,,,,,,,,,,,,,,,,,,,,,,,,,,,,,,,,,,,,
Tribune,ECP submits reply in reserved seats case,NEUTRAL,NEUTRAL,,,,,,,,,,,,,,,,,,,,,,,,,,,,,,,,,,,,,,,,,,,,,,,,,,,,,
Tribune,ATC issues arrest warrants for SSP,NEGATIVE,NEGATIVE,,,,,,,,,,,,,,,,,,,,,,,,,,,,,,,,,,,,,,,,,,,,,,,,,,,,,
Tribune,SadaPay's Turkish owner faces money laundering probe,NEUTRAL,NEUTRAL,,,,,,,,,,,,,,,,,,,,,,,,,,,,,,,,,,,,,,,,,,,,,,,,,,,,,
Tribune,Israel threatens Hamas with 'annihilation',NEUTRAL,NEGATIVE,,,,,,,,,,,,,,,,,,,,,,,,,,,,,,,,,,,,,,,,,,,,,,,,,,,,,
Tribune,"Pindi bans bird, drone activities near airports",NEUTRAL,NEUTRAL,,,,,,,,,,,,,,,,,,,,,,,,,,,,,,,,,,,,,,,,,,,,,,,,,,,,,
Tribune,Drugs on campus: NA panel questions police performance,NEGATIVE,NEUTRAL,,,,,,,,,,,,,,,,,,,,,,,,,,,,,,,,,,,,,,,,,,,,,,,,,,,,,
Tribune,"Travel advisory issued for Babusar Top, Gati Das",NEUTRAL,NEUTRAL,,,,,,,,,,,,,,,,,,,,,,,,,,,,,,,,,,,,,,,,,,,,,,,,,,,,,
Tribune,"Babar, Rizwan should only play Tests: Kamran Akmal",NEUTRAL,NEUTRAL,,,,,,,,,,,,,,,,,,,,,,,,,,,,,,,,,,,,,,,,,,,,,,,,,,,,,
Tribune,Pre-monsoon drain desilting drive launched,NEUTRAL,NEUTRAL,,,,,,,,,,,,,,,,,,,,,,,,,,,,,,,,,,,,,,,,,,,,,,,,,,,,,
Tribune,Rail worker dies in Khanewal bridge fall,NEUTRAL,NEUTRAL,,,,,,,,,,,,,,,,,,,,,,,,,,,,,,,,,,,,,,,,,,,,,,,,,,,,,
Tribune,A tool of suppression,NEUTRAL,NEGATIVE,,,,,,,,,,,,,,,,,,,,,,,,,,,,,,,,,,,,,,,,,,,,,,,,,,,,,
Tribune,Aima Baig is tempted to launch jewellery line,NEUTRAL,POSITIVE,,,,,,,,,,,,,,,,,,,,,,,,,,,,,,,,,,,,,,,,,,,,,,,,,,,,,
Tribune,Bahria wins Shuhada-e-Traffic Police Trophy,NEUTRAL,POSITIVE,,,,,,,,,,,,,,,,,,,,,,,,,,,,,,,,,,,,,,,,,,,,,,,,,,,,,
Tribune,Cop with Rs2.5m head money for fiancé's murder arrested,NEUTRAL,NEGATIVE,,,,,,,,,,,,,,,,,,,,,,,,,,,,,,,,,,,,,,,,,,,,,,,,,,,,,
Tribune,"Arshad, Yasir eye medals in Gumi",NEUTRAL,POSITIVE,,,,,,,,,,,,,,,,,,,,,,,,,,,,,,,,,,,,,,,,,,,,,,,,,,,,,
Tribune,FOLLOW US,NEGATIVE,NEUTRAL,,,,,,,,,,,,,,,,,,,,,,,,,,,,,,,,,,,,,,,,,,,,,,,,,,,,,
Tribune,Reborn' dolls divide Brazil,NEUTRAL,NEGATIVE,,,,,,,,,,,,,,,,,,,,,,,,,,,,,,,,,,,,,,,,,,,,,,,,,,,,,
Tribune,Man arrested for harassing minor girl,NEUTRAL,NEUTRAL,,,,,,,,,,,,,,,,,,,,,,,,,,,,,,,,,,,,,,,,,,,,,,,,,,,,,
Tribune,"Man, two sons shot dead over water connection dispute",NEUTRAL,NEUTRAL,,,,,,,,,,,,,,,,,,,,,,,,,,,,,,,,,,,,,,,,,,,,,,,,,,,,,
Tribune,Brook hails 'exceptional' Bethell in Eng win,NEUTRAL,NEUTRAL,,,,,,,,,,,,,,,,,,,,,,,,,,,,,,,,,,,,,,,,,,,,,,,,,,,,,
Tribune,Development budget for next fiscal to exceed Rs1tr,POSITIVE,NEUTRAL,,,,,,,,,,,,,,,,,,,,,,,,,,,,,,,,,,,,,,,,,,,,,,,,,,,,,
Tribune,Milan turn to old boy Allegri,NEUTRAL,NEUTRAL,,,,,,,,,,,,,,,,,,,,,,,,,,,,,,,,,,,,,,,,,,,,,,,,,,,,,
Tribune,Three rustlers caught red-handed,NEUTRAL,NEUTRAL,,,,,,,,,,,,,,,,,,,,,,,,,,,,,,,,,,,,,,,,,,,,,,,,,,,,,
Tribune,Future war risks engulfing whole countries: CJCSC,NEUTRAL,NEUTRAL,,,,,,,,,,,,,,,,,,,,,,,,,,,,,,,,,,,,,,,,,,,,,,,,,,,,,
Tribune,Musk says to remain 'friend and advisor' to Trump,NEUTRAL,NEUTRAL,,,,,,,,,,,,,,,,,,,,,,,,,,,,,,,,,,,,,,,,,,,,,,,,,,,,,
Tribune,IHC annuls transfer order of service tribunal,NEUTRAL,NEUTRAL,,,,,,,,,,,,,,,,,,,,,,,,,,,,,,,,,,,,,,,,,,,,,,,,,,,,,
Tribune,Principal beats student to death in Khyber,POSITIVE,NEGATIVE,,,,,,,,,,,,,,,,,,,,,,,,,,,,,,,,,,,,,,,,,,,,,,,,,,,,,
Tribune,Saudi FM to make landmark visit to occupied West Bank,NEUTRAL,NEUTRAL,,,,,,,,,,,,,,,,,,,,,,,,,,,,,,,,,,,,,,,,,,,,,,,,,,,,,
Tribune,"Man opens fire on family, injures four",NEUTRAL,NEUTRAL,,,,,,,,,,,,,,,,,,,,,,,,,,,,,,,,,,,,,,,,,,,,,,,,,,,,,
Tribune,Pakistani blue berets honoured,NEGATIVE,NEUTRAL,,,,,,,,,,,,,,,,,,,,,,,,,,,,,,,,,,,,,,,,,,,,,,,,,,,,,
Tribune,Pakistan win BD T20 series,NEGATIVE,NEUTRAL,,,,,,,,,,,,,,,,,,,,,,,,,,,,,,,,,,,,,,,,,,,,,,,,,,,,,
Tribune,A tale of two escalations,NEGATIVE,NEUTRAL,,,,,,,,,,,,,,,,,,,,,,,,,,,,,,,,,,,,,,,,,,,,,,,,,,,,,
Tribune,Bill to curb child marriage becomes law,NEUTRAL,NEUTRAL,,,,,,,,,,,,,,,,,,,,,,,,,,,,,,,,,,,,,,,,,,,,,,,,,,,,,
Tribune,Railways posts Rs83b revenue,NEGATIVE,POSITIVE,,,,,,,,,,,,,,,,,,,,,,,,,,,,,,,,,,,,,,,,,,,,,,,,,,,,,
Tribune,Budget talks with IMF underway,NEUTRAL,NEUTRAL,,,,,,,,,,,,,,,,,,,,,,,,,,,,,,,,,,,,,,,,,,,,,,,,,,,,,
Tribune,India's 'hydro terrorism' untenable: COAS,NEUTRAL,NEUTRAL,,,,,,,,,,,,,,,,,,,,,,,,,,,,,,,,,,,,,,,,,,,,,,,,,,,,,
Tribune,Tax shortfall exceeds Rs1 trillion,NEUTRAL,NEGATIVE,,,,,,,,,,,,,,,,,,,,,,,,,,,,,,,,,,,,,,,,,,,,,,,,,,,,,
Tribune,PNCA launches first-ever opera singing course,NEUTRAL,POSITIVE,,,,,,,,,,,,,,,,,,,,,,,,,,,,,,,,,,,,,,,,,,,,,,,,,,,,,
Tribune,Kidnapped infant found miraculously alive from gutter,NEUTRAL,NEGATIVE,,,,,,,,,,,,,,,,,,,,,,,,,,,,,,,,,,,,,,,,,,,,,,,,,,,,,
Tribune,"CM unveils education, uplift initiatives in South Punjab",NEGATIVE,POSITIVE,,,,,,,,,,,,,,,,,,,,,,,,,,,,,,,,,,,,,,,,,,,,,,,,,,,,,
Tribune,Govt plans steep hike in traffic fines,NEGATIVE,NEUTRAL,,,,,,,,,,,,,,,,,,,,,,,,,,,,,,,,,,,,,,,,,,,,,,,,,,,,,
Tribune,Assembly legal advisor resigns,NEUTRAL,NEUTRAL,,,,,,,,,,,,,,,,,,,,,,,,,,,,,,,,,,,,,,,,,,,,,,,,,,,,,
Tribune,Uzbekistan keen to explore untapped avenues,NEGATIVE,POSITIVE,,,,,,,,,,,,,,,,,,,,,,,,,,,,,,,,,,,,,,,,,,,,,,,,,,,,,
Tribune,Teachers applaud revival of tax exemptions,NEUTRAL,POSITIVE,,,,,,,,,,,,,,,,,,,,,,,,,,,,,,,,,,,,,,,,,,,,,,,,,,,,,
Tribune,"K-P seeks FED hike on gas, levy on oil",NEUTRAL,NEUTRAL,,,,,,,,,,,,,,,,,,,,,,,,,,,,,,,,,,,,,,,,,,,,,,,,,,,,,
Tribune,SBCA officials booked in trespassing case,NEUTRAL,NEUTRAL,,,,,,,,,,,,,,,,,,,,,,,,,,,,,,,,,,,,,,,,,,,,,,,,,,,,,
Tribune,Hamas pledges to free 10 living hostages,NEUTRAL,NEUTRAL,,,,,,,,,,,,,,,,,,,,,,,,,,,,,,,,,,,,,,,,,,,,,,,,,,,,,
Tribune,Weekly delusion,NEGATIVE,NEGATIVE,,,,,,,,,,,,,,,,,,,,,,,,,,,,,,,,,,,,,,,,,,,,,,,,,,,,,
Tribune,Pentagon chief warns of imminent China threat,NEUTRAL,NEGATIVE,,,,,,,,,,,,,,,,,,,,,,,,,,,,,,,,,,,,,,,,,,,,,,,,,,,,,
Tribune,Livestock sold by weight in Charsadda's village,NEUTRAL,NEUTRAL,,,,,,,,,,,,,,,,,,,,,,,,,,,,,,,,,,,,,,,,,,,,,,,,,,,,,
Tribune,OPEC+ oil producers plan big hike,NEUTRAL,NEUTRAL,,,,,,,,,,,,,,,,,,,,,,,,,,,,,,,,,,,,,,,,,,,,,,,,,,,,,
Tribune,India — indiscretion or prudence,NEGATIVE,NEUTRAL,,,,,,,,,,,,,,,,,,,,,,,,,,,,,,,,,,,,,,,,,,,,,,,,,,,,,
Tribune,Bushra Bibi's no-show irks judge,NEUTRAL,NEUTRAL,,,,,,,,,,,,,,,,,,,,,,,,,,,,,,,,,,,,,,,,,,,,,,,,,,,,,
Tribune,High dollar value fueling inflation,NEUTRAL,NEGATIVE,,,,,,,,,,,,,,,,,,,,,,,,,,,,,,,,,,,,,,,,,,,,,,,,,,,,,
Tribune,Latin America: Beijing's narrative is dominating Washington's,NEUTRAL,NEUTRAL,,,,,,,,,,,,,,,,,,,,,,,,,,,,,,,,,,,,,,,,,,,,,,,,,,,,,
Tribune,Sehar Khan celebrates an intimate birthday,NEUTRAL,POSITIVE,,,,,,,,,,,,,,,,,,,,,,,,,,,,,,,,,,,,,,,,,,,,,,,,,,,,,
Tribune,Sinner obliterates Lehecka at French Open,NEUTRAL,POSITIVE,,,,,,,,,,,,,,,,,,,,,,,,,,,,,,,,,,,,,,,,,,,,,,,,,,,,,
Tribune,PBF calls for more support for handicrafts sector,NEUTRAL,POSITIVE,,,,,,,,,,,,,,,,,,,,,,,,,,,,,,,,,,,,,,,,,,,,,,,,,,,,,
Tribune,ATC issues arrest warrants for SSP,NEUTRAL,NEUTRAL,,,,,,,,,,,,,,,,,,,,,,,,,,,,,,,,,,,,,,,,,,,,,,,,,,,,,
Tribune,"Petrol price up by Re1, LPG down by Rs4.62/kg",NEUTRAL,NEUTRAL,,,,,,,,,,,,,,,,,,,,,,,,,,,,,,,,,,,,,,,,,,,,,,,,,,,,,
Tribune,CM unveils 'visionary' budget priorities,NEUTRAL,NEUTRAL,,,,,,,,,,,,,,,,,,,,,,,,,,,,,,,,,,,,,,,,,,,,,,,,,,,,,
Tribune,Imran to lead movement from behind bars,NEUTRAL,NEUTRAL,,,,,,,,,,,,,,,,,,,,,,,,,,,,,,,,,,,,,,,,,,,,,,,,,,,,,
Tribune,21 athletes killed in Nigeria road crash,NEUTRAL,NEUTRAL,,,,,,,,,,,,,,,,,,,,,,,,,,,,,,,,,,,,,,,,,,,,,,,,,,,,,
Tribune,Probe ordered into student's death,NEUTRAL,NEUTRAL,,,,,,,,,,,,,,,,,,,,,,,,,,,,,,,,,,,,,,,,,,,,,,,,,,,,,
Tribune,Google to appeal online search antitrust ruling,POSITIVE,NEUTRAL,,,,,,,,,,,,,,,,,,,,,,,,,,,,,,,,,,,,,,,,,,,,,,,,,,,,,
Tribune,'India intensifying proxy terrorism',NEUTRAL,POSITIVE,,,,,,,,,,,,,,,,,,,,,,,,,,,,,,,,,,,,,,,,,,,,,,,,,,,,,
Tribune,PM amenable to talks with 'misled people' in Balochistan,NEUTRAL,NEUTRAL,,,,,,,,,,,,,,,,,,,,,,,,,,,,,,,,,,,,,,,,,,,,,,,,,,,,,
Tribune,Yates snatches pink jersey from Del Toro,NEUTRAL,NEUTRAL,,,,,,,,,,,,,,,,,,,,,,,,,,,,,,,,,,,,,,,,,,,,,,,,,,,,,
Tribune,Reset with Kabul,NEUTRAL,NEUTRAL,,,,,,,,,,,,,,,,,,,,,,,,,,,,,,,,,,,,,,,,,,,,,,,,,,,,,
Tribune,Rising Islamophobia in India alarming: FO,NEUTRAL,NEGATIVE,,,,,,,,,,,,,,,,,,,,,,,,,,,,,,,,,,,,,,,,,,,,,,,,,,,,,
Tribune,Two shot dead in revenge attack,NEGATIVE,NEGATIVE,,,,,,,,,,,,,,,,,,,,,,,,,,,,,,,,,,,,,,,,,,,,,,,,,,,,,
Tribune,'Special relief in power tariff still in place',NEUTRAL,NEUTRAL,,,,,,,,,,,,,,,,,,,,,,,,,,,,,,,,,,,,,,,,,,,,,,,,,,,,,
Tribune,Experts aim to develop energy transition plan,POSITIVE,NEGATIVE,,,,,,,,,,,,,,,,,,,,,,,,,,,,,,,,,,,,,,,,,,,,,,,,,,,,,
Tribune,Downpour death toll tops 10 across K-P,NEUTRAL,NEGATIVE,,,,,,,,,,,,,,,,,,,,,,,,,,,,,,,,,,,,,,,,,,,,,,,,,,,,,
Tribune,PSX rises modestly amid delay in budget,NEUTRAL,POSITIVE,,,,,,,,,,,,,,,,,,,,,,,,,,,,,,,,,,,,,,,,,,,,,,,,,,,,,
Tribune,Gary Marcus proposes an alternative to AI models,NEUTRAL,NEUTRAL,,,,,,,,,,,,,,,,,,,,,,,,,,,,,,,,,,,,,,,,,,,,,,,,,,,,,
Tribune,US envoy says Hamas response to ceasefire proposal 'unacceptable',NEUTRAL,NEGATIVE,,,,,,,,,,,,,,,,,,,,,,,,,,,,,,,,,,,,,,,,,,,,,,,,,,,,,
Tribune,Banks delay import payments,NEUTRAL,NEUTRAL,,,,,,,,,,,,,,,,,,,,,,,,,,,,,,,,,,,,,,,,,,,,,,,,,,,,,
Tribune,Govt unveils maritime chamber,NEUTRAL,POSITIVE,,,,,,,,,,,,,,,,,,,,,,,,,,,,,,,,,,,,,,,,,,,,,,,,,,,,,
Tribune,Delayed challan submission irks court,NEGATIVE,NEUTRAL,,,,,,,,,,,,,,,,,,,,,,,,,,,,,,,,,,,,,,,,,,,,,,,,,,,,,
Tribune,Govt considers levy on gasoline-powered cars to promote EVs,NEUTRAL,NEUTRAL,,,,,,,,,,,,,,,,,,,,,,,,,,,,,,,,,,,,,,,,,,,,,,,,,,,,,
Tribune,Court summons two cops over 'fake encounter',NEGATIVE,NEGATIVE,,,,,,,,,,,,,,,,,,,,,,,,,,,,,,,,,,,,,,,,,,,,,,,,,,,,,
Tribune,Sybil creates history for Pakistan,NEUTRAL,POSITIVE,,,,,,,,,,,,,,,,,,,,,,,,,,,,,,,,,,,,,,,,,,,,,,,,,,,,,
Tribune,EU regrets increase in US steel tariffs,NEUTRAL,NEUTRAL,,,,,,,,,,,,,,,,,,,,,,,,,,,,,,,,,,,,,,,,,,,,,,,,,,,,,
Tribune,'Marry your best friend',NEUTRAL,POSITIVE,,,,,,,,,,,,,,,,,,,,,,,,,,,,,,,,,,,,,,,,,,,,,,,,,,,,,
Tribune,Fugitive in triple murder case surrenders,NEGATIVE,NEGATIVE,,,,,,,,,,,,,,,,,,,,,,,,,,,,,,,,,,,,,,,,,,,,,,,,,,,,,
Tribune,Mentors refuse to quit after tourney scrapped,NEUTRAL,NEUTRAL,,,,,,,,,,,,,,,,,,,,,,,,,,,,,,,,,,,,,,,,,,,,,,,,,,,,,
Tribune,Authorities freeze uplift funds for Pindi,NEGATIVE,NEGATIVE,,,,,,,,,,,,,,,,,,,,,,,,,,,,,,,,,,,,,,,,,,,,,,,,,,,,,
Tribune,"Judge's convoy ambushed: cop killed, two injured",NEGATIVE,NEGATIVE,,,,,,,,,,,,,,,,,,,,,,,,,,,,,,,,,,,,,,,,,,,,,,,,,,,,,
Tribune,Amnesty for housing schemes likely,NEGATIVE,NEUTRAL,,,,,,,,,,,,,,,,,,,,,,,,,,,,,,,,,,,,,,,,,,,,,,,,,,,,,
Tribune,Drop in Chenab inflows as India weaponises water,NEUTRAL,NEUTRAL,,,,,,,,,,,,,,,,,,,,,,,,,,,,,,,,,,,,,,,,,,,,,,,,,,,,,
Tribune,"Woman, daughter killed in family-related incidents",NEUTRAL,NEGATIVE,,,,,,,,,,,,,,,,,,,,,,,,,,,,,,,,,,,,,,,,,,,,,,,,,,,,,
Tribune,Tax shortfall,NEUTRAL,NEGATIVE,,,,,,,,,,,,,,,,,,,,,,,,,,,,,,,,,,,,,,,,,,,,,,,,,,,,,
Tribune,Digital border and human security,NEGATIVE,NEUTRAL,,,,,,,,,,,,,,,,,,,,,,,,,,,,,,,,,,,,,,,,,,,,,,,,,,,,,
Tribune,Pakistan Padel Ranking Cup 2025 begins,NEUTRAL,NEUTRAL,,,,,,,,,,,,,,,,,,,,,,,,,,,,,,,,,,,,,,,,,,,,,,,,,,,,,
Tribune,Call to preserve Pakistan's built heritage,NEUTRAL,NEUTRAL,,,,,,,,,,,,,,,,,,,,,,,,,,,,,,,,,,,,,,,,,,,,,,,,,,,,,
Tribune,Sindh varsity spox accuses police of double standards,NEGATIVE,NEGATIVE,,,,,,,,,,,,,,,,,,,,,,,,,,,,,,,,,,,,,,,,,,,,,,,,,,,,,
Tribune,Man held for alleging robbery by cops,NEUTRAL,NEGATIVE,,,,,,,,,,,,,,,,,,,,,,,,,,,,,,,,,,,,,,,,,,,,,,,,,,,,,
Tribune,Report spells out past secret nuclear activities in Iran,NEUTRAL,NEGATIVE,,,,,,,,,,,,,,,,,,,,,,,,,,,,,,,,,,,,,,,,,,,,,,,,,,,,,
Tribune,Tarar for avoiding conflict of interests,NEGATIVE,NEUTRAL,,,,,,,,,,,,,,,,,,,,,,,,,,,,,,,,,,,,,,,,,,,,,,,,,,,,,
Tribune,Bumrah upbeat to exploit 'swinging conditions',NEGATIVE,POSITIVE,,,,,,,,,,,,,,,,,,,,,,,,,,,,,,,,,,,,,,,,,,,,,,,,,,,,,
Tribune,Training programme launched to address climate challenges,NEUTRAL,NEUTRAL,,,,,,,,,,,,,,,,,,,,,,,,,,,,,,,,,,,,,,,,,,,,,,,,,,,,,
Tribune,PML-N's Sana says AQ Khan 'not a hero',NEUTRAL,NEUTRAL,,,,,,,,,,,,,,,,,,,,,,,,,,,,,,,,,,,,,,,,,,,,,,,,,,,,,
Tribune,Degree delay leaves Kohsar University students in limbo,NEUTRAL,NEGATIVE,,,,,,,,,,,,,,,,,,,,,,,,,,,,,,,,,,,,,,,,,,,,,,,,,,,,,
Tribune,Suspected kidnapper killed in encounter,POSITIVE,NEGATIVE,,,,,,,,,,,,,,,,,,,,,,,,,,,,,,,,,,,,,,,,,,,,,,,,,,,,,
Tribune,Retailers push for tax reforms,NEGATIVE,NEUTRAL,,,,,,,,,,,,,,,,,,,,,,,,,,,,,,,,,,,,,,,,,,,,,,,,,,,,,
Tribune,Kabul to reciprocate Islamabad ties upgrade,NEGATIVE,POSITIVE,,,,,,,,,,,,,,,,,,,,,,,,,,,,,,,,,,,,,,,,,,,,,,,,,,,,,
Tribune,Banksy in Marseille,NEUTRAL,POSITIVE,,,,,,,,,,,,,,,,,,,,,,,,,,,,,,,,,,,,,,,,,,,,,,,,,,,,,
Tribune,Two killed in Quetta bomb blast,NEUTRAL,NEUTRAL,,,,,,,,,,,,,,,,,,,,,,,,,,,,,,,,,,,,,,,,,,,,,,,,,,,,,
Tribune,PR seeks details of ageing bridges for upgrade,NEUTRAL,NEUTRAL,,,,,,,,,,,,,,,,,,,,,,,,,,,,,,,,,,,,,,,,,,,,,,,,,,,,,
Tribune,'You belong with me',NEUTRAL,POSITIVE,,,,,,,,,,,,,,,,,,,,,,,,,,,,,,,,,,,,,,,,,,,,,,,,,,,,,
Tribune,Trump says trade talks with Pakistan next week,NEGATIVE,NEUTRAL,,,,,,,,,,,,,,,,,,,,,,,,,,,,,,,,,,,,,,,,,,,,,,,,,,,,,
Tribune,Professor among six killed in road crashes,NEUTRAL,NEGATIVE,,,,,,,,,,,,,,,,,,,,,,,,,,,,,,,,,,,,,,,,,,,,,,,,,,,,,
Tribune,Rs223m sought for Raja Bazaar cabling project,NEUTRAL,NEUTRAL,,,,,,,,,,,,,,,,,,,,,,,,,,,,,,,,,,,,,,,,,,,,,,,,,,,,,
Tribune,"Repatriation, protection of investment reviewed",NEGATIVE,NEUTRAL,,,,,,,,,,,,,,,,,,,,,,,,,,,,,,,,,,,,,,,,,,,,,,,,,,,,,
Tribune,Hina Bayat thinks young actors vaping is unacceptable,NEGATIVE,NEGATIVE,,,,,,,,,,,,,,,,,,,,,,,,,,,,,,,,,,,,,,,,,,,,,,,,,,,,,
Tribune,"Local hero, Netflix star",NEGATIVE,NEUTRAL,,,,,,,,,,,,,,,,,,,,,,,,,,,,,,,,,,,,,,,,,,,,,,,,,,,,,
Tribune,Murree sets up cattle market for Eidul Azha,NEUTRAL,NEUTRAL,,,,,,,,,,,,,,,,,,,,,,,,,,,,,,,,,,,,,,,,,,,,,,,,,,,,,
Tribune,Drought threatens valley's natural allure,POSITIVE,NEGATIVE,,,,,,,,,,,,,,,,,,,,,,,,,,,,,,,,,,,,,,,,,,,,,,,,,,,,,
Tribune,KE presents formula for loadshedding-free city,NEUTRAL,NEUTRAL,,,,,,,,,,,,,,,,,,,,,,,,,,,,,,,,,,,,,,,,,,,,,,,,,,,,,
Tribune,Canadian film festival bridges cultures,NEGATIVE,POSITIVE,,,,,,,,,,,,,,,,,,,,,,,,,,,,,,,,,,,,,,,,,,,,,,,,,,,,,
Tribune,Lavrov criticises Western alliances,NEUTRAL,NEUTRAL,,,,,,,,,,,,,,,,,,,,,,,,,,,,,,,,,,,,,,,,,,,,,,,,,,,,,
Tribune,Babusar Top turns white in May,NEGATIVE,NEUTRAL,,,,,,,,,,,,,,,,,,,,,,,,,,,,,,,,,,,,,,,,,,,,,,,,,,,,,
Tribune,Piastri stays on top in Spanish GP practice,NEUTRAL,NEUTRAL,,,,,,,,,,,,,,,,,,,,,,,,,,,,,,,,,,,,,,,,,,,,,,,,,,,,,
Tribune,Javelin star outshines all,NEUTRAL,POSITIVE,,,,,,,,,,,,,,,,,,,,,,,,,,,,,,,,,,,,,,,,,,,,,,,,,,,,,
Tribune,"IMF seeks explanation on Bitcoin, AI initiatives",NEUTRAL,POSITIVE,,,,,,,,,,,,,,,,,,,,,,,,,,,,,,,,,,,,,,,,,,,,,,,,,,,,,
Tribune,PSG's Marquinhos wants a fight against Inter,NEUTRAL,NEUTRAL,,,,,,,,,,,,,,,,,,,,,,,,,,,,,,,,,,,,,,,,,,,,,,,,,,,,,
Tribune,Two convicted for murder,NEUTRAL,NEUTRAL,,,,,,,,,,,,,,,,,,,,,,,,,,,,,,,,,,,,,,,,,,,,,,,,,,,,,
Tribune,Bureaucratic maze traps harassment victims,NEUTRAL,NEUTRAL,,,,,,,,,,,,,,,,,,,,,,,,,,,,,,,,,,,,,,,,,,,,,,,,,,,,,
Tribune,Israel blocks Arab FMs Ramallah meeting,NEUTRAL,NEGATIVE,,,,,,,,,,,,,,,,,,,,,,,,,,,,,,,,,,,,,,,,,,,,,,,,,,,,,
Tribune,Hot and humid days ahead for city,NEUTRAL,NEUTRAL,,,,,,,,,,,,,,,,,,,,,,,,,,,,,,,,,,,,,,,,,,,,,,,,,,,,,
Tribune,Indian general admits Pakistan downed jets,POSITIVE,NEGATIVE,,,,,,,,,,,,,,,,,,,,,,,,,,,,,,,,,,,,,,,,,,,,,,,,,,,,,
Tribune,Another gold for Nadeem,NEUTRAL,POSITIVE,,,,,,,,,,,,,,,,,,,,,,,,,,,,,,,,,,,,,,,,,,,,,,,,,,,,,
Tribune,Blocking of passports: officials pass buck to interior ministry,NEGATIVE,NEGATIVE,,,,,,,,,,,,,,,,,,,,,,,,,,,,,,,,,,,,,,,,,,,,,,,,,,,,,
Tribune,Zardari's Jati Umrah visit fuels speculation,NEUTRAL,NEUTRAL,,,,,,,,,,,,,,,,,,,,,,,,,,,,,,,,,,,,,,,,,,,,,,,,,,,,,
Tribune,A budget beyond rhetoric,NEUTRAL,POSITIVE,,,,,,,,,,,,,,,,,,,,,,,,,,,,,,,,,,,,,,,,,,,,,,,,,,,,,
Tribune,Reconstruction work stalls over land dispute,NEUTRAL,NEUTRAL,,,,,,,,,,,,,,,,,,,,,,,,,,,,,,,,,,,,,,,,,,,,,,,,,,,,,
Tribune,"Qatar, Egypt to intensify efforts to resume Gaza truce talks",NEUTRAL,NEUTRAL,,,,,,,,,,,,,,,,,,,,,,,,,,,,,,,,,,,,,,,,,,,,,,,,,,,,,
Tribune,Govt refutes allegations of irregularities,NEUTRAL,NEUTRAL,,,,,,,,,,,,,,,,,,,,,,,,,,,,,,,,,,,,,,,,,,,,,,,,,,,,,
Tribune,"Climate shifts, droughts threaten migratory bird haven",NEGATIVE,NEUTRAL,,,,,,,,,,,,,,,,,,,,,,,,,,,,,,,,,,,,,,,,,,,,,,,,,,,,,
Tribune,Stray dogs terrorise villagers,NEUTRAL,NEGATIVE,,,,,,,,,,,,,,,,,,,,,,,,,,,,,,,,,,,,,,,,,,,,,,,,,,,,,
Tribune,Humanity on the line: true cost of a third world war,NEGATIVE,NEGATIVE,,,,,,,,,,,,,,,,,,,,,,,,,,,,,,,,,,,,,,,,,,,,,,,,,,,,,
Tribune,India arrests 81 for 'sympathising' with Pakistan,POSITIVE,NEUTRAL,,,,,,,,,,,,,,,,,,,,,,,,,,,,,,,,,,,,,,,,,,,,,,,,,,,,,
Tribune,Nawaz leaves for London on special plane,NEGATIVE,NEUTRAL,,,,,,,,,,,,,,,,,,,,,,,,,,,,,,,,,,,,,,,,,,,,,,,,,,,,,
Tribune,Pakistan whitewash Bangladesh in T20 series,NEUTRAL,NEUTRAL,,,,,,,,,,,,,,,,,,,,,,,,,,,,,,,,,,,,,,,,,,,,,,,,,,,,,
Tribune,Electric bus fares go up in capital,NEUTRAL,NEUTRAL,,,,,,,,,,,,,,,,,,,,,,,,,,,,,,,,,,,,,,,,,,,,,,,,,,,,,
Tribune,"Field Marshal must act on Kashmir, Palestine too: Hafiz Naeem",NEGATIVE,NEUTRAL,,,,,,,,,,,,,,,,,,,,,,,,,,,,,,,,,,,,,,,,,,,,,,,,,,,,,
Tribune,Mobile tower outsourcing comes,NEUTRAL,NEUTRAL,,,,,,,,,,,,,,,,,,,,,,,,,,,,,,,,,,,,,,,,,,,,,,,,,,,,,
Tribune,Death toll in Indonesian quarry rock fall reaches 18,NEUTRAL,NEGATIVE,,,,,,,,,,,,,,,,,,,,,,,,,,,,,,,,,,,,,,,,,,,,,,,,,,,,,
Tribune,ECP summons Omar Ayub on 4th,NEUTRAL,NEUTRAL,,,,,,,,,,,,,,,,,,,,,,,,,,,,,,,,,,,,,,,,,,,,,,,,,,,,,
Tribune,Clint Eastwood wants filmmakers to be original,NEUTRAL,NEUTRAL,,,,,,,,,,,,,,,,,,,,,,,,,,,,,,,,,,,,,,,,,,,,,,,,,,,,,
Tribune,Suspect claims killed friend 'accidentally',POSITIVE,NEGATIVE,,,,,,,,,,,,,,,,,,,,,,,,,,,,,,,,,,,,,,,,,,,,,,,,,,,,,
Tribune,'Future Voice' programme empowers youth,NEUTRAL,POSITIVE,,,,,,,,,,,,,,,,,,,,,,,,,,,,,,,,,,,,,,,,,,,,,,,,,,,,,
Tribune,No country can tax itself into prosperity,POSITIVE,NEUTRAL,,,,,,,,,,,,,,,,,,,,,,,,,,,,,,,,,,,,,,,,,,,,,,,,,,,,,
Tribune,Fake visa travellers face action,POSITIVE,NEGATIVE,,,,,,,,,,,,,,,,,,,,,,,,,,,,,,,,,,,,,,,,,,,,,,,,,,,,,
Tribune,Piastri triumphs in Spain with McLaren one-two,NEUTRAL,NEUTRAL,,,,,,,,,,,,,,,,,,,,,,,,,,,,,,,,,,,,,,,,,,,,,,,,,,,,,
Tribune,ICC fines WI for slow over-rate,NEUTRAL,NEUTRAL,,,,,,,,,,,,,,,,,,,,,,,,,,,,,,,,,,,,,,,,,,,,,,,,,,,,,
Tribune,K-P vows furniture for all students,NEUTRAL,NEUTRAL,,,,,,,,,,,,,,,,,,,,,,,,,,,,,,,,,,,,,,,,,,,,,,,,,,,,,
Tribune,Osman Khalid Butt rants about the rain,NEUTRAL,NEUTRAL,,,,,,,,,,,,,,,,,,,,,,,,,,,,,,,,,,,,,,,,,,,,,,,,,,,,,
Tribune,JUI-F announces drive against 'un-Islamic' child marriage law,NEGATIVE,NEGATIVE,,,,,,,,,,,,,,,,,,,,,,,,,,,,,,,,,,,,,,,,,,,,,,,,,,,,,
Tribune,"Ditch AI filters, consume real art",NEUTRAL,POSITIVE,,,,,,,,,,,,,,,,,,,,,,,,,,,,,,,,,,,,,,,,,,,,,,,,,,,,,
Tribune,FinMin praises rising consumer confidence,POSITIVE,POSITIVE,,,,,,,,,,,,,,,,,,,,,,,,,,,,,,,,,,,,,,,,,,,,,,,,,,,,,
Tribune,Moscow accepts Taliban ambassador,NEUTRAL,NEUTRAL,,,,,,,,,,,,,,,,,,,,,,,,,,,,,,,,,,,,,,,,,,,,,,,,,,,,,
Tribune,Swiatek passes Rybakina test at Roland Garros,NEUTRAL,NEUTRAL,,,,,,,,,,,,,,,,,,,,,,,,,,,,,,,,,,,,,,,,,,,,,,,,,,,,,
Tribune,PAC orders audit of Rs2b monthly allocations to UCs,NEUTRAL,NEUTRAL,,,,,,,,,,,,,,,,,,,,,,,,,,,,,,,,,,,,,,,,,,,,,,,,,,,,,
Tribune,PML-N leads in Sialkot by-elections,NEUTRAL,NEUTRAL,,,,,,,,,,,,,,,,,,,,,,,,,,,,,,,,,,,,,,,,,,,,,,,,,,,,,
Tribune,PSG's UCL win gives Qatari owners glory,POSITIVE,POSITIVE,,,,,,,,,,,,,,,,,,,,,,,,,,,,,,,,,,,,,,,,,,,,,,,,,,,,,
Tribune,"Simplicity, faith drive Thal endurance",NEUTRAL,POSITIVE,,,,,,,,,,,,,,,,,,,,,,,,,,,,,,,,,,,,,,,,,,,,,,,,,,,,,
Tribune,Crafts bazaar showcases cultural heritage,POSITIVE,POSITIVE,,,,,,,,,,,,,,,,,,,,,,,,,,,,,,,,,,,,,,,,,,,,,,,,,,,,,
Tribune,Home-based women workers' rights ignored,NEGATIVE,NEUTRAL,,,,,,,,,,,,,,,,,,,,,,,,,,,,,,,,,,,,,,,,,,,,,,,,,,,,,
Tribune,Hitman killed by accomplice's 'fire',NEUTRAL,NEGATIVE,,,,,,,,,,,,,,,,,,,,,,,,,,,,,,,,,,,,,,,,,,,,,,,,,,,,,
Tribune,Finals line-up of Pak Padel Cup complete,NEUTRAL,POSITIVE,,,,,,,,,,,,,,,,,,,,,,,,,,,,,,,,,,,,,,,,,,,,,,,,,,,,,
Tribune,A tax system built on evasion,NEUTRAL,NEGATIVE,,,,,,,,,,,,,,,,,,,,,,,,,,,,,,,,,,,,,,,,,,,,,,,,,,,,,
Tribune,Man Utd sign Brazil forward Cunha,NEUTRAL,NEUTRAL,,,,,,,,,,,,,,,,,,,,,,,,,,,,,,,,,,,,,,,,,,,,,,,,,,,,,
Tribune,JUI-F blasts PTI over Kohistan scandal,POSITIVE,NEGATIVE,,,,,,,,,,,,,,,,,,,,,,,,,,,,,,,,,,,,,,,,,,,,,,,,,,,,,
Tribune,Food price disparities persist across metropolis,NEUTRAL,NEUTRAL,,,,,,,,,,,,,,,,,,,,,,,,,,,,,,,,,,,,,,,,,,,,,,,,,,,,,
Tribune,Bilawal-led delegation to meet UN leaders,NEUTRAL,NEUTRAL,,,,,,,,,,,,,,,,,,,,,,,,,,,,,,,,,,,,,,,,,,,,,,,,,,,,,
Tribune,The Greater Bairam: a festival of inclusivity,POSITIVE,NEGATIVE,,,,,,,,,,,,,,,,,,,,,,,,,,,,,,,,,,,,,,,,,,,,,,,,,,,,,
Tribune,Families flock to outdoor breakfast spots,NEUTRAL,POSITIVE,,,,,,,,,,,,,,,,,,,,,,,,,,,,,,,,,,,,,,,,,,,,,,,,,,,,,
Tribune,Webster seeks dream pairing in WTC Final,NEUTRAL,POSITIVE,,,,,,,,,,,,,,,,,,,,,,,,,,,,,,,,,,,,,,,,,,,,,,,,,,,,,
Tribune,Pakistan's missed climate opportunity,NEUTRAL,NEGATIVE,,,,,,,,,,,,,,,,,,,,,,,,,,,,,,,,,,,,,,,,,,,,,,,,,,,,,
Tribune,Cattle markets spring to life amid soaring prices,NEUTRAL,NEUTRAL,,,,,,,,,,,,,,,,,,,,,,,,,,,,,,,,,,,,,,,,,,,,,,,,,,,,,
Tribune,Two addicts die stealing high-voltage power lines,NEUTRAL,NEGATIVE,,,,,,,,,,,,,,,,,,,,,,,,,,,,,,,,,,,,,,,,,,,,,,,,,,,,,
Tribune,Nisho's note for Rambo,NEGATIVE,NEUTRAL,,,,,,,,,,,,,,,,,,,,,,,,,,,,,,,,,,,,,,,,,,,,,,,,,,,,,
Tribune,Govt bans temporary mechanical rides,NEGATIVE,NEUTRAL,,,,,,,,,,,,,,,,,,,,,,,,,,,,,,,,,,,,,,,,,,,,,,,,,,,,,
Tribune,Water project contract dispute lands in court,NEUTRAL,NEUTRAL,,,,,,,,,,,,,,,,,,,,,,,,,,,,,,,,,,,,,,,,,,,,,,,,,,,,,
Tribune,"Islamabad, Kabul bonhomie surges",NEUTRAL,NEUTRAL,,,,,,,,,,,,,,,,,,,,,,,,,,,,,,,,,,,,,,,,,,,,,,,,,,,,,
Tribune,Development budget likely to top Rs4tr,NEGATIVE,NEUTRAL,,,,,,,,,,,,,,,,,,,,,,,,,,,,,,,,,,,,,,,,,,,,,,,,,,,,,
Tribune,Beaten to death,NEUTRAL,NEGATIVE,,,,,,,,,,,,,,,,,,,,,,,,,,,,,,,,,,,,,,,,,,,,,,,,,,,,,
Tribune,"More than 1,100 migrants crossed Channel",NEUTRAL,NEUTRAL,,,,,,,,,,,,,,,,,,,,,,,,,,,,,,,,,,,,,,,,,,,,,,,,,,,,,
Tribune,Bangladesh opens fugitive ex-PM's trial over protest killings,NEUTRAL,NEUTRAL,,,,,,,,,,,,,,,,,,,,,,,,,,,,,,,,,,,,,,,,,,,,,,,,,,,,,
Tribune,Survivors of terrorism lack access to counselling,NEUTRAL,NEGATIVE,,,,,,,,,,,,,,,,,,,,,,,,,,,,,,,,,,,,,,,,,,,,,,,,,,,,,
Tribune,"CM, governor pay tribute to parents",NEUTRAL,POSITIVE,,,,,,,,,,,,,,,,,,,,,,,,,,,,,,,,,,,,,,,,,,,,,,,,,,,,,
Tribune,Rivalling ICJ,NEGATIVE,NEUTRAL,,,,,,,,,,,,,,,,,,,,,,,,,,,,,,,,,,,,,,,,,,,,,,,,,,,,,
Tribune,'Sinners' highlights Mississippi,NEGATIVE,NEUTRAL,,,,,,,,,,,,,,,,,,,,,,,,,,,,,,,,,,,,,,,,,,,,,,,,,,,,,
Tribune,Pak weightlifters win 8 golds at Asian Masters Championship,NEUTRAL,POSITIVE,,,,,,,,,,,,,,,,,,,,,,,,,,,,,,,,,,,,,,,,,,,,,,,,,,,,,
Tribune,Help accident victims without fear of legal trouble: IG,NEUTRAL,NEUTRAL,,,,,,,,,,,,,,,,,,,,,,,,,,,,,,,,,,,,,,,,,,,,,,,,,,,,,
Tribune,Railways privatisation hits low-income commuters,NEUTRAL,NEUTRAL,,,,,,,,,,,,,,,,,,,,,,,,,,,,,,,,,,,,,,,,,,,,,,,,,,,,,
Tribune,Cattle prices surge by up to 70%,POSITIVE,NEUTRAL,,,,,,,,,,,,,,,,,,,,,,,,,,,,,,,,,,,,,,,,,,,,,,,,,,,,,
Tribune,Bangladesh SC restores Jamaat-e-Islami,NEUTRAL,NEUTRAL,,,,,,,,,,,,,,,,,,,,,,,,,,,,,,,,,,,,,,,,,,,,,,,,,,,,,
Tribune,Global water organisation launched to tackle crisis,NEGATIVE,NEUTRAL,,,,,,,,,,,,,,,,,,,,,,,,,,,,,,,,,,,,,,,,,,,,,,,,,,,,,
Tribune,Achakzai announces drive for democratic revival,NEGATIVE,NEUTRAL,,,,,,,,,,,,,,,,,,,,,,,,,,,,,,,,,,,,,,,,,,,,,,,,,,,,,
Tribune,Climate debt unpaid,NEUTRAL,NEGATIVE,,,,,,,,,,,,,,,,,,,,,,,,,,,,,,,,,,,,,,,,,,,,,,,,,,,,,
Tribune,SC calls for mediation first in litigation,NEGATIVE,NEUTRAL,,,,,,,,,,,,,,,,,,,,,,,,,,,,,,,,,,,,,,,,,,,,,,,,,,,,,
Tribune,"Ringleader, accomplice killed in 'encounter'",NEUTRAL,NEUTRAL,,,,,,,,,,,,,,,,,,,,,,,,,,,,,,,,,,,,,,,,,,,,,,,,,,,,,
Tribune,President urges unity among coalition partners,NEGATIVE,NEUTRAL,,,,,,,,,,,,,,,,,,,,,,,,,,,,,,,,,,,,,,,,,,,,,,,,,,,,,
Tribune,Army will crush all threats: COAS,NEUTRAL,NEUTRAL,,,,,,,,,,,,,,,,,,,,,,,,,,,,,,,,,,,,,,,,,,,,,,,,,,,,,
Tribune,Pindi's cinema era fades into history,NEUTRAL,NEUTRAL,,,,,,,,,,,,,,,,,,,,,,,,,,,,,,,,,,,,,,,,,,,,,,,,,,,,,
Tribune,Four TTP men neutralised in DG Khan,NEGATIVE,NEGATIVE,,,,,,,,,,,,,,,,,,,,,,,,,,,,,,,,,,,,,,,,,,,,,,,,,,,,,
Tribune,"12 cops penalised over corruption, negligence",NEUTRAL,NEGATIVE,,,,,,,,,,,,,,,,,,,,,,,,,,,,,,,,,,,,,,,,,,,,,,,,,,,,,
Tribune,Navigating towards sustainable growth,NEUTRAL,NEUTRAL,,,,,,,,,,,,,,,,,,,,,,,,,,,,,,,,,,,,,,,,,,,,,,,,,,,,,
Tribune,Islamic state and the Muslim world,NEUTRAL,NEUTRAL,,,,,,,,,,,,,,,,,,,,,,,,,,,,,,,,,,,,,,,,,,,,,,,,,,,,,
Tribune,Kashmir settlement mandatory: CJCSC,NEGATIVE,NEUTRAL,,,,,,,,,,,,,,,,,,,,,,,,,,,,,,,,,,,,,,,,,,,,,,,,,,,,,
Tribune,BD share tentative dates with PCB,NEUTRAL,NEUTRAL,,,,,,,,,,,,,,,,,,,,,,,,,,,,,,,,,,,,,,,,,,,,,,,,,,,,,
Tribune,How House got it wrong,NEUTRAL,NEGATIVE,,,,,,,,,,,,,,,,,,,,,,,,,,,,,,,,,,,,,,,,,,,,,,,,,,,,,
Tribune,IS terrorist wanted by Turkiye captured,NEUTRAL,NEGATIVE,,,,,,,,,,,,,,,,,,,,,,,,,,,,,,,,,,,,,,,,,,,,,,,,,,,,,
Tribune,Parents of underage drivers face action,NEUTRAL,NEUTRAL,,,,,,,,,,,,,,,,,,,,,,,,,,,,,,,,,,,,,,,,,,,,,,,,,,,,,
Tribune,Experts urge fiscal reforms before budget,NEUTRAL,NEUTRAL,,,,,,,,,,,,,,,,,,,,,,,,,,,,,,,,,,,,,,,,,,,,,,,,,,,,,
Tribune,Rajanpuri goats turn heads at Islamabad cattle market,NEGATIVE,POSITIVE,,,,,,,,,,,,,,,,,,,,,,,,,,,,,,,,,,,,,,,,,,,,,,,,,,,,,
Tribune,31 dead in Israeli gunfire near aid site,NEGATIVE,NEGATIVE,,,,,,,,,,,,,,,,,,,,,,,,,,,,,,,,,,,,,,,,,,,,,,,,,,,,,
Tribune,Demand for butchers and charges go up,NEGATIVE,NEUTRAL,,,,,,,,,,,,,,,,,,,,,,,,,,,,,,,,,,,,,,,,,,,,,,,,,,,,,
Tribune,Russian jets destroyed in Ukraine drone strikes,NEGATIVE,NEGATIVE,,,,,,,,,,,,,,,,,,,,,,,,,,,,,,,,,,,,,,,,,,,,,,,,,,,,,
Tribune,Industries to pay for pollution,NEUTRAL,NEUTRAL,,,,,,,,,,,,,,,,,,,,,,,,,,,,,,,,,,,,,,,,,,,,,,,,,,,,,
Tribune,Pakistan seeks stronger ties with Bangladesh,POSITIVE,POSITIVE,,,,,,,,,,,,,,,,,,,,,,,,,,,,,,,,,,,,,,,,,,,,,,,,,,,,,
Tribune,Monsoon rains kill 30 in India,NEUTRAL,NEGATIVE,,,,,,,,,,,,,,,,,,,,,,,,,,,,,,,,,,,,,,,,,,,,,,,,,,,,,
Tribune,Two held in Manga Mandi rape case,NEUTRAL,NEUTRAL,,,,,,,,,,,,,,,,,,,,,,,,,,,,,,,,,,,,,,,,,,,,,,,,,,,,,
Tribune,Crackdown on illegal cattle markets,POSITIVE,NEUTRAL,,,,,,,,,,,,,,,,,,,,,,,,,,,,,,,,,,,,,,,,,,,,,,,,,,,,,
Tribune,Iran poised to dismiss US nuclear proposal,NEUTRAL,NEGATIVE,,,,,,,,,,,,,,,,,,,,,,,,,,,,,,,,,,,,,,,,,,,,,,,,,,,,,
Tribune,"Pakistan eyes 8,000MW target with Chashma-5 project",NEUTRAL,NEUTRAL,,,,,,,,,,,,,,,,,,,,,,,,,,,,,,,,,,,,,,,,,,,,,,,,,,,,,
Tribune,Luari Sharif shrine dispute echoes in Badin,NEUTRAL,NEGATIVE,,,,,,,,,,,,,,,,,,,,,,,,,,,,,,,,,,,,,,,,,,,,,,,,,,,,,
Tribune,England beat West Indies to clinch ODI series,NEUTRAL,NEUTRAL,,,,,,,,,,,,,,,,,,,,,,,,,,,,,,,,,,,,,,,,,,,,,,,,,,,,,
Tribune,UK judge convicts man over blasphemy,NEUTRAL,NEGATIVE,,,,,,,,,,,,,,,,,,,,,,,,,,,,,,,,,,,,,,,,,,,,,,,,,,,,,
Tribune,Polish nationalist wins presidency,NEGATIVE,NEUTRAL,,,,,,,,,,,,,,,,,,,,,,,,,,,,,,,,,,,,,,,,,,,,,,,,,,,,,
Tribune,Immediate resumption of cellular services ordered,POSITIVE,NEGATIVE,,,,,,,,,,,,,,,,,,,,,,,,,,,,,,,,,,,,,,,,,,,,,,,,,,,,,
Tribune,Biker assaulted in front of sister; influential tormentor held,NEUTRAL,NEGATIVE,,,,,,,,,,,,,,,,,,,,,,,,,,,,,,,,,,,,,,,,,,,,,,,,,,,,,
Tribune,Alizeh Shah is not letting criticism slide,NEUTRAL,NEUTRAL,,,,,,,,,,,,,,,,,,,,,,,,,,,,,,,,,,,,,,,,,,,,,,,,,,,,,
Tribune,PM replies to queries in defamation suit,NEUTRAL,NEUTRAL,,,,,,,,,,,,,,,,,,,,,,,,,,,,,,,,,,,,,,,,,,,,,,,,,,,,,
Tribune,'Nursing hospitals not meeting standards',NEGATIVE,NEUTRAL,,,,,,,,,,,,,,,,,,,,,,,,,,,,,,,,,,,,,,,,,,,,,,,,,,,,,
Tribune,Sticks to stardom,NEUTRAL,POSITIVE,,,,,,,,,,,,,,,,,,,,,,,,,,,,,,,,,,,,,,,,,,,,,,,,,,,,,
Tribune,JAC demands Rs50b for university revival,POSITIVE,NEUTRAL,,,,,,,,,,,,,,,,,,,,,,,,,,,,,,,,,,,,,,,,,,,,,,,,,,,,,
Tribune,Imran again refuses lie detector tests,NEUTRAL,NEUTRAL,,,,,,,,,,,,,,,,,,,,,,,,,,,,,,,,,,,,,,,,,,,,,,,,,,,,,
Tribune,We must dig deep to figure out someone's intentions',NEUTRAL,NEUTRAL,,,,,,,,,,,,,,,,,,,,,,,,,,,,,,,,,,,,,,,,,,,,,,,,,,,,,
Tribune,Punjab needs 19k new govt schools,NEUTRAL,NEGATIVE,,,,,,,,,,,,,,,,,,,,,,,,,,,,,,,,,,,,,,,,,,,,,,,,,,,,,
Tribune,The polio paradox,NEUTRAL,NEGATIVE,,,,,,,,,,,,,,,,,,,,,,,,,,,,,,,,,,,,,,,,,,,,,,,,,,,,,
Tribune,Scattered showers bring relief to city,NEUTRAL,NEUTRAL,,,,,,,,,,,,,,,,,,,,,,,,,,,,,,,,,,,,,,,,,,,,,,,,,,,,,
Tribune,PTI decries Sialkot by-polls as rigged,NEUTRAL,NEGATIVE,,,,,,,,,,,,,,,,,,,,,,,,,,,,,,,,,,,,,,,,,,,,,,,,,,,,,
Tribune,"Muzammil, Nadir enter quarter-finals",NEGATIVE,NEUTRAL,,,,,,,,,,,,,,,,,,,,,,,,,,,,,,,,,,,,,,,,,,,,,,,,,,,,,
Tribune,Gunmen attack polio team in G-B,NEUTRAL,NEGATIVE,,,,,,,,,,,,,,,,,,,,,,,,,,,,,,,,,,,,,,,,,,,,,,,,,,,,,
Tribune,PM orders third-party validation of reforms,NEGATIVE,POSITIVE,,,,,,,,,,,,,,,,,,,,,,,,,,,,,,,,,,,,,,,,,,,,,,,,,,,,,
Tribune,Butchers in high demand ahead of Eid,NEUTRAL,NEUTRAL,,,,,,,,,,,,,,,,,,,,,,,,,,,,,,,,,,,,,,,,,,,,,,,,,,,,,
Tribune,Call for action on marine turtle conservation,NEUTRAL,NEUTRAL,,,,,,,,,,,,,,,,,,,,,,,,,,,,,,,,,,,,,,,,,,,,,,,,,,,,,
Tribune,Murree hikes public toilet fees amid financial crisis,NEGATIVE,NEUTRAL,,,,,,,,,,,,,,,,,,,,,,,,,,,,,,,,,,,,,,,,,,,,,,,,,,,,,
Tribune,"Quarantine issue halts import of giraffes, rhinos",POSITIVE,NEUTRAL,,,,,,,,,,,,,,,,,,,,,,,,,,,,,,,,,,,,,,,,,,,,,,,,,,,,,
Tribune,'Robber' arrested after shootout,NEUTRAL,NEGATIVE,,,,,,,,,,,,,,,,,,,,,,,,,,,,,,,,,,,,,,,,,,,,,,,,,,,,,
Tribune,Australia gifts patrol boat to strategic Maldives,NEUTRAL,NEUTRAL,,,,,,,,,,,,,,,,,,,,,,,,,,,,,,,,,,,,,,,,,,,,,,,,,,,,,
Tribune,"Padel Stars, TRIBS clinch Padel Ranking Cup titles",NEUTRAL,NEUTRAL,,,,,,,,,,,,,,,,,,,,,,,,,,,,,,,,,,,,,,,,,,,,,,,,,,,,,
Tribune,Premium vehicle licence plates to be auctioned online,NEUTRAL,NEUTRAL,,,,,,,,,,,,,,,,,,,,,,,,,,,,,,,,,,,,,,,,,,,,,,,,,,,,,
Tribune,Oil gains as wildfires threaten Canada supply,NEUTRAL,NEUTRAL,,,,,,,,,,,,,,,,,,,,,,,,,,,,,,,,,,,,,,,,,,,,,,,,,,,,,
Tribune,Lilo & Stitch' tops North America box office again,NEUTRAL,POSITIVE,,,,,,,,,,,,,,,,,,,,,,,,,,,,,,,,,,,,,,,,,,,,,,,,,,,,,
Tribune,Centre bypasses Punjab in DAO postings,POSITIVE,NEUTRAL,,,,,,,,,,,,,,,,,,,,,,,,,,,,,,,,,,,,,,,,,,,,,,,,,,,,,
Tribune,Pakistan launches diplomatic offensive against India,NEGATIVE,NEUTRAL,,,,,,,,,,,,,,,,,,,,,,,,,,,,,,,,,,,,,,,,,,,,,,,,,,,,,
Tribune,Minor tremors create panic,NEUTRAL,NEUTRAL,,,,,,,,,,,,,,,,,,,,,,,,,,,,,,,,,,,,,,,,,,,,,,,,,,,,,
Tribune,Stocks close bearish amid tax hike concerns,NEGATIVE,NEUTRAL,,,,,,,,,,,,,,,,,,,,,,,,,,,,,,,,,,,,,,,,,,,,,,,,,,,,,
Tribune,Grenade attack targets police patrol in Quetta,NEUTRAL,NEGATIVE,,,,,,,,,,,,,,,,,,,,,,,,,,,,,,,,,,,,,,,,,,,,,,,,,,,,,
Tribune,German court rules against migration crackdown,NEUTRAL,NEUTRAL,,,,,,,,,,,,,,,,,,,,,,,,,,,,,,,,,,,,,,,,,,,,,,,,,,,,,
Tribune,Delay in Punjab LG polls irks CEC,NEUTRAL,NEUTRAL,,,,,,,,,,,,,,,,,,,,,,,,,,,,,,,,,,,,,,,,,,,,,,,,,,,,,
Tribune,Shifting tides,NEUTRAL,NEGATIVE,,,,,,,,,,,,,,,,,,,,,,,,,,,,,,,,,,,,,,,,,,,,,,,,,,,,,
Tribune,PCC to draft digital assets framework,POSITIVE,NEUTRAL,,,,,,,,,,,,,,,,,,,,,,,,,,,,,,,,,,,,,,,,,,,,,,,,,,,,,
Tribune,Govt approves Rs1tr uplift budget,NEUTRAL,NEUTRAL,,,,,,,,,,,,,,,,,,,,,,,,,,,,,,,,,,,,,,,,,,,,,,,,,,,,,
Tribune,Balochistan front,NEUTRAL,NEUTRAL,,,,,,,,,,,,,,,,,,,,,,,,,,,,,,,,,,,,,,,,,,,,,,,,,,,,,
Tribune,"Russia, Ukraine agree new POW swap",NEUTRAL,NEUTRAL,,,,,,,,,,,,,,,,,,,,,,,,,,,,,,,,,,,,,,,,,,,,,,,,,,,,,
Tribune,SNGPL to lay dedicated pipelines for industries,NEUTRAL,NEUTRAL,,,,,,,,,,,,,,,,,,,,,,,,,,,,,,,,,,,,,,,,,,,,,,,,,,,,,
Tribune,Illegal housing projects face action,NEUTRAL,NEUTRAL,,,,,,,,,,,,,,,,,,,,,,,,,,,,,,,,,,,,,,,,,,,,,,,,,,,,,
Tribune,Animal fodder prices on fire ahead of Eid,POSITIVE,NEGATIVE,,,,,,,,,,,,,,,,,,,,,,,,,,,,,,,,,,,,,,,,,,,,,,,,,,,,,
Tribune,Govt to appoint focal persons for expatriates,NEUTRAL,NEUTRAL,,,,,,,,,,,,,,,,,,,,,,,,,,,,,,,,,,,,,,,,,,,,,,,,,,,,,
Tribune,Pak Women's WC ties in Colombo,NEUTRAL,NEUTRAL,,,,,,,,,,,,,,,,,,,,,,,,,,,,,,,,,,,,,,,,,,,,,,,,,,,,,
Tribune,PCB Chief Naqvi holds key meeting in Lahore,NEUTRAL,NEUTRAL,,,,,,,,,,,,,,,,,,,,,,,,,,,,,,,,,,,,,,,,,,,,,,,,,,,,,
Tribune,Hayatabad street crimes draw top judge's ire,NEUTRAL,NEGATIVE,,,,,,,,,,,,,,,,,,,,,,,,,,,,,,,,,,,,,,,,,,,,,,,,,,,,,
Tribune,Degree deadline looms for PTV staff,POSITIVE,NEUTRAL,,,,,,,,,,,,,,,,,,,,,,,,,,,,,,,,,,,,,,,,,,,,,,,,,,,,,
Tribune,Eid revellers warned of drowning risk,NEUTRAL,NEUTRAL,,,,,,,,,,,,,,,,,,,,,,,,,,,,,,,,,,,,,,,,,,,,,,,,,,,,,
Tribune,JI condemns KE in citywide protests,NEGATIVE,NEUTRAL,,,,,,,,,,,,,,,,,,,,,,,,,,,,,,,,,,,,,,,,,,,,,,,,,,,,,
Tribune,Haripur's youth sparks digital uplift,NEUTRAL,POSITIVE,,,,,,,,,,,,,,,,,,,,,,,,,,,,,,,,,,,,,,,,,,,,,,,,,,,,,
Tribune,UN chief calls for probe into Gaza aid site deaths,NEGATIVE,NEGATIVE,,,,,,,,,,,,,,,,,,,,,,,,,,,,,,,,,,,,,,,,,,,,,,,,,,,,,
Tribune,Cinecittà plans comeback despite Trump's tariffs,NEGATIVE,NEUTRAL,,,,,,,,,,,,,,,,,,,,,,,,,,,,,,,,,,,,,,,,,,,,,,,,,,,,,
Tribune,Ministry advises 'strict adherence' to Saudi laws,NEGATIVE,NEUTRAL,,,,,,,,,,,,,,,,,,,,,,,,,,,,,,,,,,,,,,,,,,,,,,,,,,,,,
Tribune,The secret of China's success,NEUTRAL,NEUTRAL,,,,,,,,,,,,,,,,,,,,,,,,,,,,,,,,,,,,,,,,,,,,,,,,,,,,,
Tribune,Alleged rustler dies in lockup,NEUTRAL,NEGATIVE,,,,,,,,,,,,,,,,,,,,,,,,,,,,,,,,,,,,,,,,,,,,,,,,,,,,,
Tribune,Yasir Hussain is not opposed to raising a dozen kids,NEUTRAL,NEUTRAL,,,,,,,,,,,,,,,,,,,,,,,,,,,,,,,,,,,,,,,,,,,,,,,,,,,,,
Tribune,Gold surges as uncertainty grows,NEUTRAL,NEUTRAL,,,,,,,,,,,,,,,,,,,,,,,,,,,,,,,,,,,,,,,,,,,,,,,,,,,,,
Tribune,PA unites against unannounced load-shedding,NEUTRAL,NEGATIVE,,,,,,,,,,,,,,,,,,,,,,,,,,,,,,,,,,,,,,,,,,,,,,,,,,,,,
Tribune,Australia's Glenn Maxwell retires from ODIs,NEUTRAL,POSITIVE,,,,,,,,,,,,,,,,,,,,,,,,,,,,,,,,,,,,,,,,,,,,,,,,,,,,,
Tribune,Skyrocketing prices deter cattle buyers,NEUTRAL,NEGATIVE,,,,,,,,,,,,,,,,,,,,,,,,,,,,,,,,,,,,,,,,,,,,,,,,,,,,,
Tribune,Punishment must be proportionate: SC,NEUTRAL,NEUTRAL,,,,,,,,,,,,,,,,,,,,,,,,,,,,,,,,,,,,,,,,,,,,,,,,,,,,,
Tribune,OMCs failing to keep 20-day stock to face penalties,NEUTRAL,NEGATIVE,,,,,,,,,,,,,,,,,,,,,,,,,,,,,,,,,,,,,,,,,,,,,,,,,,,,,
Tribune,Pakistan for creating growth opportunities,NEUTRAL,POSITIVE,,,,,,,,,,,,,,,,,,,,,,,,,,,,,,,,,,,,,,,,,,,,,,,,,,,,,
Tribune,Sybil creates history for Pakistan,NEGATIVE,POSITIVE,,,,,,,,,,,,,,,,,,,,,,,,,,,,,,,,,,,,,,,,,,,,,,,,,,,,,
Tribune,"From Russia, with Love",NEUTRAL,NEUTRAL,,,,,,,,,,,,,,,,,,,,,,,,,,,,,,,,,,,,,,,,,,,,,,,,,,,,,
Tribune,Murder suspect sentenced to death,NEUTRAL,NEGATIVE,,,,,,,,,,,,,,,,,,,,,,,,,,,,,,,,,,,,,,,,,,,,,,,,,,,,,
Tribune,'From near-certainty to a coin flip',NEGATIVE,NEUTRAL,,,,,,,,,,,,,,,,,,,,,,,,,,,,,,,,,,,,,,,,,,,,,,,,,,,,,
Tribune,"Gauff, Keys set up all-American clash",NEUTRAL,NEUTRAL,,,,,,,,,,,,,,,,,,,,,,,,,,,,,,,,,,,,,,,,,,,,,,,,,,,,,
Tribune,Nutrition key to cutting maternal deaths,NEGATIVE,NEUTRAL,,,,,,,,,,,,,,,,,,,,,,,,,,,,,,,,,,,,,,,,,,,,,,,,,,,,,
Tribune,Negligence leaves Yazman Road in filth,NEUTRAL,NEGATIVE,,,,,,,,,,,,,,,,,,,,,,,,,,,,,,,,,,,,,,,,,,,,,,,,,,,,,
Tribune,Reimagining institutions,NEUTRAL,NEUTRAL,,,,,,,,,,,,,,,,,,,,,,,,,,,,,,,,,,,,,,,,,,,,,,,,,,,,,
Tribune,MYT impact estimated at over Rs300b,POSITIVE,NEUTRAL,,,,,,,,,,,,,,,,,,,,,,,,,,,,,,,,,,,,,,,,,,,,,,,,,,,,,
Tribune,"Trump, Xi will 'likely' talk this week",NEGATIVE,NEUTRAL,,,,,,,,,,,,,,,,,,,,,,,,,,,,,,,,,,,,,,,,,,,,,,,,,,,,,
Tribune,South Asia's David vs Goliath,NEGATIVE,NEUTRAL,,,,,,,,,,,,,,,,,,,,,,,,,,,,,,,,,,,,,,,,,,,,,,,,,,,,,
Tribune,Inflation rate jumps tofive-month high of 3.5%,NEGATIVE,NEUTRAL,,,,,,,,,,,,,,,,,,,,,,,,,,,,,,,,,,,,,,,,,,,,,,,,,,,,,
Tribune,Pak rowing team bags 10 gold in Asian event,NEUTRAL,POSITIVE,,,,,,,,,,,,,,,,,,,,,,,,,,,,,,,,,,,,,,,,,,,,,,,,,,,,,
Tribune,First Eid train departs from Karachi,NEUTRAL,POSITIVE,,,,,,,,,,,,,,,,,,,,,,,,,,,,,,,,,,,,,,,,,,,,,,,,,,,,,
Tribune,Immerse yourself into 'The Matrix',NEUTRAL,NEUTRAL,,,,,,,,,,,,,,,,,,,,,,,,,,,,,,,,,,,,,,,,,,,,,,,,,,,,,
Tribune,Seminary student raped,NEUTRAL,NEUTRAL,,,,,,,,,,,,,,,,,,,,,,,,,,,,,,,,,,,,,,,,,,,,,,,,,,,,,
Tribune,Youth shot dead 'by Customs men' during snap checking,NEUTRAL,NEGATIVE,,,,,,,,,,,,,,,,,,,,,,,,,,,,,,,,,,,,,,,,,,,,,,,,,,,,,
Tribune,'Flamethrower' attacker facing US federal hate charges,NEGATIVE,NEGATIVE,,,,,,,,,,,,,,,,,,,,,,,,,,,,,,,,,,,,,,,,,,,,,,,,,,,,,
Tribune,Britain unveils radical defence overhaul,NEGATIVE,NEUTRAL,,,,,,,,,,,,,,,,,,,,,,,,,,,,,,,,,,,,,,,,,,,,,,,,,,,,,
Tribune,PML-Q leaders urged to highlight military's role,NEGATIVE,POSITIVE,,,,,,,,,,,,,,,,,,,,,,,,,,,,,,,,,,,,,,,,,,,,,,,,,,,,,
Tribune,Chicken prices drop in Peshawar,NEGATIVE,NEUTRAL,,,,,,,,,,,,,,,,,,,,,,,,,,,,,,,,,,,,,,,,,,,,,,,,,,,,,
Tribune,FinMin to approve budget honorariums,NEUTRAL,NEUTRAL,,,,,,,,,,,,,,,,,,,,,,,,,,,,,,,,,,,,,,,,,,,,,,,,,,,,,
Tribune,'Wealthy nations must step up climate funding',NEUTRAL,NEGATIVE,,,,,,,,,,,,,,,,,,,,,,,,,,,,,,,,,,,,,,,,,,,,,,,,,,,,,
Tribune,Anderson stars in T20 comeback,NEUTRAL,NEUTRAL,,,,,,,,,,,,,,,,,,,,,,,,,,,,,,,,,,,,,,,,,,,,,,,,,,,,,
Tribune,Four cops injured as terror bid foiled,NEUTRAL,NEGATIVE,,,,,,,,,,,,,,,,,,,,,,,,,,,,,,,,,,,,,,,,,,,,,,,,,,,,,
Tribune,Punjab gets first Child Protection Policy,NEUTRAL,NEUTRAL,,,,,,,,,,,,,,,,,,,,,,,,,,,,,,,,,,,,,,,,,,,,,,,,,,,,,
Tribune,Substandard hospital mats seized in Swat,NEUTRAL,NEGATIVE,,,,,,,,,,,,,,,,,,,,,,,,,,,,,,,,,,,,,,,,,,,,,,,,,,,,,
Tribune,Govt opens special children's rehab centre,NEUTRAL,NEUTRAL,,,,,,,,,,,,,,,,,,,,,,,,,,,,,,,,,,,,,,,,,,,,,,,,,,,,,
Tribune,Ukraine's deep strike,NEUTRAL,NEUTRAL,,,,,,,,,,,,,,,,,,,,,,,,,,,,,,,,,,,,,,,,,,,,,,,,,,,,,
Tribune,'Game of Thrones' star Liam Cunningham sets sail for Gaza,NEUTRAL,NEUTRAL,,,,,,,,,,,,,,,,,,,,,,,,,,,,,,,,,,,,,,,,,,,,,,,,,,,,,
Tribune,NA body seeks stronger oversight on rice exports,NEUTRAL,NEUTRAL,,,,,,,,,,,,,,,,,,,,,,,,,,,,,,,,,,,,,,,,,,,,,,,,,,,,,
Tribune,Buoyed projections?,NEUTRAL,NEUTRAL,,,,,,,,,,,,,,,,,,,,,,,,,,,,,,,,,,,,,,,,,,,,,,,,,,,,,
Tribune,Aus confirm Pakistan tour in 2026,NEUTRAL,POSITIVE,,,,,,,,,,,,,,,,,,,,,,,,,,,,,,,,,,,,,,,,,,,,,,,,,,,,,
Tribune,MrBeast hits 400 million subscribers on YouTube,POSITIVE,POSITIVE,,,,,,,,,,,,,,,,,,,,,,,,,,,,,,,,,,,,,,,,,,,,,,,,,,,,,
Tribune,Gold inches up as global market cools,POSITIVE,NEUTRAL,,,,,,,,,,,,,,,,,,,,,,,,,,,,,,,,,,,,,,,,,,,,,,,,,,,,,
Tribune,Securing our national security through economic stability,NEUTRAL,POSITIVE,,,,,,,,,,,,,,,,,,,,,,,,,,,,,,,,,,,,,,,,,,,,,,,,,,,,,
Tribune,Pilgrims warned of high temperatures,NEUTRAL,NEUTRAL,,,,,,,,,,,,,,,,,,,,,,,,,,,,,,,,,,,,,,,,,,,,,,,,,,,,,
Tribune,Pindi chalks out Eid offal cleanup plan,NEUTRAL,NEUTRAL,,,,,,,,,,,,,,,,,,,,,,,,,,,,,,,,,,,,,,,,,,,,,,,,,,,,,
Tribune,Muneeb preaches kindness to animals this Eidul Azha,NEUTRAL,NEUTRAL,,,,,,,,,,,,,,,,,,,,,,,,,,,,,,,,,,,,,,,,,,,,,,,,,,,,,
Tribune,Popularity does not equate to power or reform,NEUTRAL,NEUTRAL,,,,,,,,,,,,,,,,,,,,,,,,,,,,,,,,,,,,,,,,,,,,,,,,,,,,,
Tribune,Pakistan busts German-led global child abuse ring,POSITIVE,NEUTRAL,,,,,,,,,,,,,,,,,,,,,,,,,,,,,,,,,,,,,,,,,,,,,,,,,,,,,
Tribune,Rivals Meloni and Macron seek to mend fences,POSITIVE,POSITIVE,,,,,,,,,,,,,,,,,,,,,,,,,,,,,,,,,,,,,,,,,,,,,,,,,,,,,
Tribune,Kyrgios 'disappointed' after Wimbledon blow,NEGATIVE,NEGATIVE,,,,,,,,,,,,,,,,,,,,,,,,,,,,,,,,,,,,,,,,,,,,,,,,,,,,,
Tribune,Railways beefs up train security,NEUTRAL,NEUTRAL,,,,,,,,,,,,,,,,,,,,,,,,,,,,,,,,,,,,,,,,,,,,,,,,,,,,,
Tribune,Alarm as China's critical mineral export ban takes hold,POSITIVE,NEUTRAL,,,,,,,,,,,,,,,,,,,,,,,,,,,,,,,,,,,,,,,,,,,,,,,,,,,,,
Tribune,Wheat in Pakistan — quo vadis?,NEUTRAL,NEUTRAL,,,,,,,,,,,,,,,,,,,,,,,,,,,,,,,,,,,,,,,,,,,,,,,,,,,,,
Tribune,Tracing Mohammad Haris' T20 rise,NEUTRAL,POSITIVE,,,,,,,,,,,,,,,,,,,,,,,,,,,,,,,,,,,,,,,,,,,,,,,,,,,,,
Tribune,Panel mulls ways to tackle drug issue,NEUTRAL,NEUTRAL,,,,,,,,,,,,,,,,,,,,,,,,,,,,,,,,,,,,,,,,,,,,,,,,,,,,,
Tribune,Imran takes up reins of PTI ahead of protest,NEUTRAL,NEUTRAL,,,,,,,,,,,,,,,,,,,,,,,,,,,,,,,,,,,,,,,,,,,,,,,,,,,,,
Tribune,Bilawal proposes ISI-RAW tie-up to fight terror,NEUTRAL,NEUTRAL,,,,,,,,,,,,,,,,,,,,,,,,,,,,,,,,,,,,,,,,,,,,,,,,,,,,,
Tribune,"Pakistan, Iran ink MoU on boosting ties",NEUTRAL,NEUTRAL,,,,,,,,,,,,,,,,,,,,,,,,,,,,,,,,,,,,,,,,,,,,,,,,,,,,,
Tribune,PM vows strategic response to India's water threat,NEUTRAL,NEUTRAL,,,,,,,,,,,,,,,,,,,,,,,,,,,,,,,,,,,,,,,,,,,,,,,,,,,,,
Tribune,Russia says no quick breakthrough in 'complex' Ukraine talks,NEUTRAL,NEUTRAL,,,,,,,,,,,,,,,,,,,,,,,,,,,,,,,,,,,,,,,,,,,,,,,,,,,,,
Tribune,Innovators recognised on Environment Day,NEUTRAL,POSITIVE,,,,,,,,,,,,,,,,,,,,,,,,,,,,,,,,,,,,,,,,,,,,,,,,,,,,,
Tribune,"Holder, Russell return for West Indies",NEUTRAL,NEUTRAL,,,,,,,,,,,,,,,,,,,,,,,,,,,,,,,,,,,,,,,,,,,,,,,,,,,,,
Tribune,Accused held for torturing biker remanded,NEGATIVE,NEUTRAL,,,,,,,,,,,,,,,,,,,,,,,,,,,,,,,,,,,,,,,,,,,,,,,,,,,,,
Tribune,Automaker airlifts parts over geopolitical risks,NEGATIVE,NEUTRAL,,,,,,,,,,,,,,,,,,,,,,,,,,,,,,,,,,,,,,,,,,,,,,,,,,,,,
Tribune,Flood preparedness drill organised,NEGATIVE,NEUTRAL,,,,,,,,,,,,,,,,,,,,,,,,,,,,,,,,,,,,,,,,,,,,,,,,,,,,,
Tribune,"Musk blasts Trump mega-bill, days after farewell",NEUTRAL,NEUTRAL,,,,,,,,,,,,,,,,,,,,,,,,,,,,,,,,,,,,,,,,,,,,,,,,,,,,,
Tribune,Saeed proud of weightlifter Sybil Sohail's gold medal,NEUTRAL,POSITIVE,,,,,,,,,,,,,,,,,,,,,,,,,,,,,,,,,,,,,,,,,,,,,,,,,,,,,
Tribune,'Offer met with silence can't be accepted later',NEUTRAL,NEUTRAL,,,,,,,,,,,,,,,,,,,,,,,,,,,,,,,,,,,,,,,,,,,,,,,,,,,,,
Tribune,Wildlife officer shot in anti-poaching raid,NEGATIVE,NEUTRAL,,,,,,,,,,,,,,,,,,,,,,,,,,,,,,,,,,,,,,,,,,,,,,,,,,,,,
Tribune,Aftershock getaway,NEUTRAL,NEGATIVE,,,,,,,,,,,,,,,,,,,,,,,,,,,,,,,,,,,,,,,,,,,,,,,,,,,,,
Tribune,"135,000 Pakistanis seek asylum abroad",NEUTRAL,NEUTRAL,,,,,,,,,,,,,,,,,,,,,,,,,,,,,,,,,,,,,,,,,,,,,,,,,,,,,
Tribune,Eid reunions for divorced families begin,NEUTRAL,POSITIVE,,,,,,,,,,,,,,,,,,,,,,,,,,,,,,,,,,,,,,,,,,,,,,,,,,,,,
Tribune,Djokovic beats Norrie to join French Open century club,NEGATIVE,POSITIVE,,,,,,,,,,,,,,,,,,,,,,,,,,,,,,,,,,,,,,,,,,,,,,,,,,,,,
Tribune,Traders propose balanced budget,NEUTRAL,NEUTRAL,,,,,,,,,,,,,,,,,,,,,,,,,,,,,,,,,,,,,,,,,,,,,,,,,,,,,
Tribune,Govt reaffirms energy reform commitment,NEGATIVE,POSITIVE,,,,,,,,,,,,,,,,,,,,,,,,,,,,,,,,,,,,,,,,,,,,,,,,,,,,,
Tribune,K-P is abandoning children,NEUTRAL,NEGATIVE,,,,,,,,,,,,,,,,,,,,,,,,,,,,,,,,,,,,,,,,,,,,,,,,,,,,,
Tribune,Five nations elected to serve on UNSC,POSITIVE,NEUTRAL,,,,,,,,,,,,,,,,,,,,,,,,,,,,,,,,,,,,,,,,,,,,,,,,,,,,,
Tribune,Maharaj surprised by Klaasen's retirement,NEUTRAL,POSITIVE,,,,,,,,,,,,,,,,,,,,,,,,,,,,,,,,,,,,,,,,,,,,,,,,,,,,,
Tribune,'Own resources used in conflict with India',NEUTRAL,NEGATIVE,,,,,,,,,,,,,,,,,,,,,,,,,,,,,,,,,,,,,,,,,,,,,,,,,,,,,
Tribune,Climate Action Board Bill approved,NEUTRAL,NEUTRAL,,,,,,,,,,,,,,,,,,,,,,,,,,,,,,,,,,,,,,,,,,,,,,,,,,,,,
Tribune,'Sana's murder a case of repeated rejections',POSITIVE,NEUTRAL,,,,,,,,,,,,,,,,,,,,,,,,,,,,,,,,,,,,,,,,,,,,,,,,,,,,,
Tribune,"Commuters urge metro, electric bus fare review",POSITIVE,NEGATIVE,,,,,,,,,,,,,,,,,,,,,,,,,,,,,,,,,,,,,,,,,,,,,,,,,,,,,
Tribune,Fertiliser firms fined for price fixing,POSITIVE,NEGATIVE,,,,,,,,,,,,,,,,,,,,,,,,,,,,,,,,,,,,,,,,,,,,,,,,,,,,,
Tribune,Experts discuss challenges to CPEC,NEUTRAL,NEUTRAL,,,,,,,,,,,,,,,,,,,,,,,,,,,,,,,,,,,,,,,,,,,,,,,,,,,,,
Tribune,Stamp shortage halts judicial proceedings,NEUTRAL,NEGATIVE,,,,,,,,,,,,,,,,,,,,,,,,,,,,,,,,,,,,,,,,,,,,,,,,,,,,,
Tribune,Cambridge students protest against Israel,POSITIVE,NEGATIVE,,,,,,,,,,,,,,,,,,,,,,,,,,,,,,,,,,,,,,,,,,,,,,,,,,,,,
Tribune,19 tremors in three days shake city,NEUTRAL,NEUTRAL,,,,,,,,,,,,,,,,,,,,,,,,,,,,,,,,,,,,,,,,,,,,,,,,,,,,,
Tribune,Section 144 imposed near Punjab airports,NEUTRAL,NEUTRAL,,,,,,,,,,,,,,,,,,,,,,,,,,,,,,,,,,,,,,,,,,,,,,,,,,,,,
Tribune,South Punjab enjoys cattle market boom,NEUTRAL,NEUTRAL,,,,,,,,,,,,,,,,,,,,,,,,,,,,,,,,,,,,,,,,,,,,,,,,,,,,,
Tribune,Did Mozart have any friends?,NEUTRAL,NEUTRAL,,,,,,,,,,,,,,,,,,,,,,,,,,,,,,,,,,,,,,,,,,,,,,,,,,,,,
Tribune,Govt College University without deans,NEGATIVE,NEUTRAL,,,,,,,,,,,,,,,,,,,,,,,,,,,,,,,,,,,,,,,,,,,,,,,,,,,,,
Tribune,Static vaccination centre inaugurated,NEUTRAL,NEUTRAL,,,,,,,,,,,,,,,,,,,,,,,,,,,,,,,,,,,,,,,,,,,,,,,,,,,,,
Tribune,Rising stars headline Blackcaps Central Contracts,NEUTRAL,NEUTRAL,,,,,,,,,,,,,,,,,,,,,,,,,,,,,,,,,,,,,,,,,,,,,,,,,,,,,
Tribune,Two witnesses record testimonies in gifts case,NEGATIVE,NEUTRAL,,,,,,,,,,,,,,,,,,,,,,,,,,,,,,,,,,,,,,,,,,,,,,,,,,,,,
Tribune,FAFEN gives Sialkot by-poll all clear,NEUTRAL,NEUTRAL,,,,,,,,,,,,,,,,,,,,,,,,,,,,,,,,,,,,,,,,,,,,,,,,,,,,,
Tribune,Buyers struggle with cattle costs,NEUTRAL,NEUTRAL,,,,,,,,,,,,,,,,,,,,,,,,,,,,,,,,,,,,,,,,,,,,,,,,,,,,,
Tribune,"Niba, Majid, Ali win titles in Essa Lab Tennis",NEUTRAL,NEUTRAL,,,,,,,,,,,,,,,,,,,,,,,,,,,,,,,,,,,,,,,,,,,,,,,,,,,,,
Tribune,Drive stresses hazards of waste burning,NEGATIVE,NEGATIVE,,,,,,,,,,,,,,,,,,,,,,,,,,,,,,,,,,,,,,,,,,,,,,,,,,,,,
Tribune,CM makes pitch for K-P role in talks with Kabul,NEGATIVE,NEUTRAL,,,,,,,,,,,,,,,,,,,,,,,,,,,,,,,,,,,,,,,,,,,,,,,,,,,,,
Tribune,Funding urged to safeguard children,NEGATIVE,NEUTRAL,,,,,,,,,,,,,,,,,,,,,,,,,,,,,,,,,,,,,,,,,,,,,,,,,,,,,
Tribune,"Driven by exports, cement sales rise 2.5%",NEGATIVE,NEUTRAL,,,,,,,,,,,,,,,,,,,,,,,,,,,,,,,,,,,,,,,,,,,,,,,,,,,,,
Tribune,"Textile sector slams EFS, seeks relief",NEUTRAL,NEGATIVE,,,,,,,,,,,,,,,,,,,,,,,,,,,,,,,,,,,,,,,,,,,,,,,,,,,,,
Tribune,Over 200 inmates escape from Malir Jail,NEUTRAL,NEUTRAL,,,,,,,,,,,,,,,,,,,,,,,,,,,,,,,,,,,,,,,,,,,,,,,,,,,,,
Tribune,Key infrastructure projects face delays,NEGATIVE,NEGATIVE,,,,,,,,,,,,,,,,,,,,,,,,,,,,,,,,,,,,,,,,,,,,,,,,,,,,,
Tribune,South Korea's Lee wins presidency,NEUTRAL,POSITIVE,,,,,,,,,,,,,,,,,,,,,,,,,,,,,,,,,,,,,,,,,,,,,,,,,,,,,
Tribune,Stocks hit record as ADB loan fuels rally,NEUTRAL,POSITIVE,,,,,,,,,,,,,,,,,,,,,,,,,,,,,,,,,,,,,,,,,,,,,,,,,,,,,
Tribune,"Forces kill 7 terrorists in Kachhi, Kalat IBOs",NEGATIVE,NEUTRAL,,,,,,,,,,,,,,,,,,,,,,,,,,,,,,,,,,,,,,,,,,,,,,,,,,,,,
Tribune,"New budget to focus on education, health: Bugti",NEUTRAL,NEUTRAL,,,,,,,,,,,,,,,,,,,,,,,,,,,,,,,,,,,,,,,,,,,,,,,,,,,,,
Tribune,'Butcher of Bosnia' requests early release,NEUTRAL,NEGATIVE,,,,,,,,,,,,,,,,,,,,,,,,,,,,,,,,,,,,,,,,,,,,,,,,,,,,,
Tribune,Rs3.8b wastewater project back on track,NEUTRAL,NEUTRAL,,,,,,,,,,,,,,,,,,,,,,,,,,,,,,,,,,,,,,,,,,,,,,,,,,,,,
Tribune,27 killed near Gaza aid point,NEUTRAL,NEGATIVE,,,,,,,,,,,,,,,,,,,,,,,,,,,,,,,,,,,,,,,,,,,,,,,,,,,,,
Tribune,Injured suspects netted after 'crossfire',NEUTRAL,NEUTRAL,,,,,,,,,,,,,,,,,,,,,,,,,,,,,,,,,,,,,,,,,,,,,,,,,,,,,
Tribune,"Court bans Thandiani, Taxila crushers",NEUTRAL,NEUTRAL,,,,,,,,,,,,,,,,,,,,,,,,,,,,,,,,,,,,,,,,,,,,,,,,,,,,,
Tribune,Govt to intensify polio eradication efforts,NEUTRAL,NEUTRAL,,,,,,,,,,,,,,,,,,,,,,,,,,,,,,,,,,,,,,,,,,,,,,,,,,,,,
Tribune,ADB snubs India to approve Pakistan loan,NEUTRAL,NEUTRAL,,,,,,,,,,,,,,,,,,,,,,,,,,,,,,,,,,,,,,,,,,,,,,,,,,,,,
Tribune,Alcaraz in French Open semi-final hunt,NEUTRAL,POSITIVE,,,,,,,,,,,,,,,,,,,,,,,,,,,,,,,,,,,,,,,,,,,,,,,,,,,,,
Tribune,Minister pledges to engage youth in positive pursuits,NEGATIVE,NEUTRAL,,,,,,,,,,,,,,,,,,,,,,,,,,,,,,,,,,,,,,,,,,,,,,,,,,,,,
Tribune,Pakistan pushes for deeper ties with SCO,NEUTRAL,POSITIVE,,,,,,,,,,,,,,,,,,,,,,,,,,,,,,,,,,,,,,,,,,,,,,,,,,,,,
Tribune,India's role in South Asia: time to honour Delhi Agreement,NEUTRAL,NEUTRAL,,,,,,,,,,,,,,,,,,,,,,,,,,,,,,,,,,,,,,,,,,,,,,,,,,,,,
Tribune,Police claim 69% drop in serious crimes in Lahore,NEGATIVE,POSITIVE,,,,,,,,,,,,,,,,,,,,,,,,,,,,,,,,,,,,,,,,,,,,,,,,,,,,,
Tribune,Brutality behind rejection,NEGATIVE,NEGATIVE,,,,,,,,,,,,,,,,,,,,,,,,,,,,,,,,,,,,,,,,,,,,,,,,,,,,,
Tribune,"Military notes; Indo-Pak conflict: deterrence, pre-battle manoeuvres",NEUTRAL,NEGATIVE,,,,,,,,,,,,,,,,,,,,,,,,,,,,,,,,,,,,,,,,,,,,,,,,,,,,,
Tribune,'Carrie' going from page to Prime,NEUTRAL,POSITIVE,,,,,,,,,,,,,,,,,,,,,,,,,,,,,,,,,,,,,,,,,,,,,,,,,,,,,
Tribune,The UK is open for business,NEUTRAL,POSITIVE,,,,,,,,,,,,,,,,,,,,,,,,,,,,,,,,,,,,,,,,,,,,,,,,,,,,,
Tribune,Spain target Nations League defence,NEUTRAL,POSITIVE,,,,,,,,,,,,,,,,,,,,,,,,,,,,,,,,,,,,,,,,,,,,,,,,,,,,,
Tribune,Cashless economy at crossroads,NEGATIVE,NEUTRAL,,,,,,,,,,,,,,,,,,,,,,,,,,,,,,,,,,,,,,,,,,,,,,,,,,,,,
Tribune,Doctors reject imposition of professional tax,NEUTRAL,NEUTRAL,,,,,,,,,,,,,,,,,,,,,,,,,,,,,,,,,,,,,,,,,,,,,,,,,,,,,
Tribune,Asif declares Simla agreement a 'dead document',NEUTRAL,NEUTRAL,,,,,,,,,,,,,,,,,,,,,,,,,,,,,,,,,,,,,,,,,,,,,,,,,,,,,
Tribune,Govt decides to tighten solar net metering rules,NEUTRAL,NEUTRAL,,,,,,,,,,,,,,,,,,,,,,,,,,,,,,,,,,,,,,,,,,,,,,,,,,,,,
Tribune,PR announces 20% Eid travel discount,NEUTRAL,NEUTRAL,,,,,,,,,,,,,,,,,,,,,,,,,,,,,,,,,,,,,,,,,,,,,,,,,,,,,
Tribune,"Bangladesh says India pushes back 1,200 people",NEGATIVE,NEGATIVE,,,,,,,,,,,,,,,,,,,,,,,,,,,,,,,,,,,,,,,,,,,,,,,,,,,,,
Tribune,Alarm grows as China restricts mineral export,NEUTRAL,NEGATIVE,,,,,,,,,,,,,,,,,,,,,,,,,,,,,,,,,,,,,,,,,,,,,,,,,,,,,
Tribune,Three 'robbers' killed in alleged crossfire with CCD,NEUTRAL,NEGATIVE,,,,,,,,,,,,,,,,,,,,,,,,,,,,,,,,,,,,,,,,,,,,,,,,,,,,,
Tribune,"'Palestinian, Kashmiri kids facing aggression'",NEUTRAL,NEGATIVE,,,,,,,,,,,,,,,,,,,,,,,,,,,,,,,,,,,,,,,,,,,,,,,,,,,,,
Tribune,Kohli dedicates IPL title to fans,POSITIVE,POSITIVE,,,,,,,,,,,,,,,,,,,,,,,,,,,,,,,,,,,,,,,,,,,,,,,,,,,,,
Tribune,Audit flags 'unauthorised allowance' to ECP staff,NEUTRAL,NEUTRAL,,,,,,,,,,,,,,,,,,,,,,,,,,,,,,,,,,,,,,,,,,,,,,,,,,,,,
Tribune,Hafizabad gang-rape victim records statement,NEUTRAL,NEGATIVE,,,,,,,,,,,,,,,,,,,,,,,,,,,,,,,,,,,,,,,,,,,,,,,,,,,,,
Tribune,Eastwood slams 'phony' Austrian daily interview,NEUTRAL,NEUTRAL,,,,,,,,,,,,,,,,,,,,,,,,,,,,,,,,,,,,,,,,,,,,,,,,,,,,,
Tribune,PHC slams inaction over climate crisis,NEUTRAL,NEGATIVE,,,,,,,,,,,,,,,,,,,,,,,,,,,,,,,,,,,,,,,,,,,,,,,,,,,,,
Tribune,"'Toot Gaya' gives 'Love Guru' a heartfelt, melancholic kick",NEGATIVE,POSITIVE,,,,,,,,,,,,,,,,,,,,,,,,,,,,,,,,,,,,,,,,,,,,,,,,,,,,,
Tribune,27 tremors felt in the city in four days,POSITIVE,NEUTRAL,,,,,,,,,,,,,,,,,,,,,,,,,,,,,,,,,,,,,,,,,,,,,,,,,,,,,
Tribune,IHC issues last warning to respondents in PECA case,NEUTRAL,NEUTRAL,,,,,,,,,,,,,,,,,,,,,,,,,,,,,,,,,,,,,,,,,,,,,,,,,,,,,
Tribune,'Eidi' complaints mar Eid travel,NEGATIVE,NEUTRAL,,,,,,,,,,,,,,,,,,,,,,,,,,,,,,,,,,,,,,,,,,,,,,,,,,,,,
Tribune,Animal decorations in high demand,NEUTRAL,POSITIVE,,,,,,,,,,,,,,,,,,,,,,,,,,,,,,,,,,,,,,,,,,,,,,,,,,,,,
Tribune,Surging plastic pollution poses environmental crisis,NEUTRAL,NEGATIVE,,,,,,,,,,,,,,,,,,,,,,,,,,,,,,,,,,,,,,,,,,,,,,,,,,,,,
Tribune,Soaring cotton imports,NEUTRAL,NEGATIVE,,,,,,,,,,,,,,,,,,,,,,,,,,,,,,,,,,,,,,,,,,,,,,,,,,,,,
Tribune,No country for journalists,NEGATIVE,NEGATIVE,,,,,,,,,,,,,,,,,,,,,,,,,,,,,,,,,,,,,,,,,,,,,,,,,,,,,
Tribune,"Cop abducted, three injured in rescue bid",NEUTRAL,NEGATIVE,,,,,,,,,,,,,,,,,,,,,,,,,,,,,,,,,,,,,,,,,,,,,,,,,,,,,
Tribune,Two Pakistani men murdered in Iran,NEUTRAL,NEUTRAL,,,,,,,,,,,,,,,,,,,,,,,,,,,,,,,,,,,,,,,,,,,,,,,,,,,,,
Tribune,11 killed at IPL champs' celebrations,POSITIVE,NEGATIVE,,,,,,,,,,,,,,,,,,,,,,,,,,,,,,,,,,,,,,,,,,,,,,,,,,,,,
Tribune,"Sacrificial animals robbed, drivers protest 'police-robber nexus'",NEUTRAL,NEGATIVE,,,,,,,,,,,,,,,,,,,,,,,,,,,,,,,,,,,,,,,,,,,,,,,,,,,,,
Tribune,Police foil 'honour killing' attempt,POSITIVE,NEGATIVE,,,,,,,,,,,,,,,,,,,,,,,,,,,,,,,,,,,,,,,,,,,,,,,,,,,,,
Tribune,Slain child's uncle attempts self-immolation,NEUTRAL,NEGATIVE,,,,,,,,,,,,,,,,,,,,,,,,,,,,,,,,,,,,,,,,,,,,,,,,,,,,,
Tribune,"Pakistan, US explore ways for digital asset innovation",NEUTRAL,POSITIVE,,,,,,,,,,,,,,,,,,,,,,,,,,,,,,,,,,,,,,,,,,,,,,,,,,,,,
Tribune,"AI, drones and thousands of cameras to keep pilgrims safe",NEUTRAL,NEUTRAL,,,,,,,,,,,,,,,,,,,,,,,,,,,,,,,,,,,,,,,,,,,,,,,,,,,,,
Tribune,"Provinces demand NFC, agri tax review",NEUTRAL,NEUTRAL,,,,,,,,,,,,,,,,,,,,,,,,,,,,,,,,,,,,,,,,,,,,,,,,,,,,,
Tribune,Pak bags bronze in CAVA Nations League,NEGATIVE,POSITIVE,,,,,,,,,,,,,,,,,,,,,,,,,,,,,,,,,,,,,,,,,,,,,,,,,,,,,
Tribune,Reference against Omar Ayub adjourned,NEUTRAL,NEUTRAL,,,,,,,,,,,,,,,,,,,,,,,,,,,,,,,,,,,,,,,,,,,,,,,,,,,,,
Tribune,Shehbaz hails Trump as 'man of peace',NEGATIVE,POSITIVE,,,,,,,,,,,,,,,,,,,,,,,,,,,,,,,,,,,,,,,,,,,,,,,,,,,,,
Tribune,'We will not forget you',NEUTRAL,NEGATIVE,,,,,,,,,,,,,,,,,,,,,,,,,,,,,,,,,,,,,,,,,,,,,,,,,,,,,
Tribune,Need for water reservoirs,NEUTRAL,NEUTRAL,,,,,,,,,,,,,,,,,,,,,,,,,,,,,,,,,,,,,,,,,,,,,,,,,,,,,
Tribune,PM writes to opposition to confer on new CEC,POSITIVE,NEUTRAL,,,,,,,,,,,,,,,,,,,,,,,,,,,,,,,,,,,,,,,,,,,,,,,,,,,,,
Tribune,"PM, field marshal to visit Saudi Arabia",NEUTRAL,NEUTRAL,,,,,,,,,,,,,,,,,,,,,,,,,,,,,,,,,,,,,,,,,,,,,,,,,,,,,
Tribune,Indonesia mulls buying China's J-10 jets,NEUTRAL,NEUTRAL,,,,,,,,,,,,,,,,,,,,,,,,,,,,,,,,,,,,,,,,,,,,,,,,,,,,,
Tribune,Pakistan wants to resolve issues with India: Bilawal,NEUTRAL,NEUTRAL,,,,,,,,,,,,,,,,,,,,,,,,,,,,,,,,,,,,,,,,,,,,,,,,,,,,,
Tribune,Govt urged to restore EFS in original form,NEUTRAL,NEUTRAL,,,,,,,,,,,,,,,,,,,,,,,,,,,,,,,,,,,,,,,,,,,,,,,,,,,,,
Tribune,"HEC, Sindh HEC at odds over VCs forum in Morocco",NEUTRAL,NEUTRAL,,,,,,,,,,,,,,,,,,,,,,,,,,,,,,,,,,,,,,,,,,,,,,,,,,,,,
Tribune,Traffic wardens equipped with body cams,NEUTRAL,NEUTRAL,,,,,,,,,,,,,,,,,,,,,,,,,,,,,,,,,,,,,,,,,,,,,,,,,,,,,
Tribune,MQM-P slams KE over persistent power outages in sweltering heat,NEUTRAL,NEGATIVE,,,,,,,,,,,,,,,,,,,,,,,,,,,,,,,,,,,,,,,,,,,,,,,,,,,,,
Tribune,Event celebrates Pakistan-Bulgaria diplomatic ties,NEUTRAL,POSITIVE,,,,,,,,,,,,,,,,,,,,,,,,,,,,,,,,,,,,,,,,,,,,,,,,,,,,,
Tribune,218 arrested for cattle theft since May 1,NEUTRAL,NEUTRAL,,,,,,,,,,,,,,,,,,,,,,,,,,,,,,,,,,,,,,,,,,,,,,,,,,,,,
Tribune,Opposition leader fires back at CM's notice,NEGATIVE,NEUTRAL,,,,,,,,,,,,,,,,,,,,,,,,,,,,,,,,,,,,,,,,,,,,,,,,,,,,,
Tribune,'Russia will respond to Ukrainian attacks',NEUTRAL,NEGATIVE,,,,,,,,,,,,,,,,,,,,,,,,,,,,,,,,,,,,,,,,,,,,,,,,,,,,,
Tribune,Pak airspace ban costs Air India Rs8.2b,NEUTRAL,NEGATIVE,,,,,,,,,,,,,,,,,,,,,,,,,,,,,,,,,,,,,,,,,,,,,,,,,,,,,
Tribune,"Djokovic, Sinner chase FO semis",NEUTRAL,NEUTRAL,,,,,,,,,,,,,,,,,,,,,,,,,,,,,,,,,,,,,,,,,,,,,,,,,,,,,
Tribune,Jam Kamal unveils new pharma export council,NEUTRAL,POSITIVE,,,,,,,,,,,,,,,,,,,,,,,,,,,,,,,,,,,,,,,,,,,,,,,,,,,,,
Tribune,Trump says Iran 'slowwalking',NEUTRAL,NEUTRAL,,,,,,,,,,,,,,,,,,,,,,,,,,,,,,,,,,,,,,,,,,,,,,,,,,,,,
Tribune,Atkinson likely to miss first India Test,NEUTRAL,NEUTRAL,,,,,,,,,,,,,,,,,,,,,,,,,,,,,,,,,,,,,,,,,,,,,,,,,,,,,
Tribune,Local gold prices steady despite global surge,NEUTRAL,NEUTRAL,,,,,,,,,,,,,,,,,,,,,,,,,,,,,,,,,,,,,,,,,,,,,,,,,,,,,
Tribune,Alarms over the 27th constitutional tweak,NEUTRAL,NEUTRAL,,,,,,,,,,,,,,,,,,,,,,,,,,,,,,,,,,,,,,,,,,,,,,,,,,,,,
Tribune,"Woman, son found dead at home",NEGATIVE,NEGATIVE,,,,,,,,,,,,,,,,,,,,,,,,,,,,,,,,,,,,,,,,,,,,,,,,,,,,,
Tribune,China welcomes Pak-Afghan ties upgrade,POSITIVE,POSITIVE,,,,,,,,,,,,,,,,,,,,,,,,,,,,,,,,,,,,,,,,,,,,,,,,,,,,,
Tribune,Author Dr Nauman sues Shoaib Akhtar,NEGATIVE,NEUTRAL,,,,,,,,,,,,,,,,,,,,,,,,,,,,,,,,,,,,,,,,,,,,,,,,,,,,,
Tribune,Gary Stead to depart as New Zealand coach,NEUTRAL,POSITIVE,,,,,,,,,,,,,,,,,,,,,,,,,,,,,,,,,,,,,,,,,,,,,,,,,,,,,
Tribune,PSX at new peak over budget hopes,NEUTRAL,POSITIVE,,,,,,,,,,,,,,,,,,,,,,,,,,,,,,,,,,,,,,,,,,,,,,,,,,,,,
Tribune,Man slaughters wife in Pindi,NEGATIVE,NEGATIVE,,,,,,,,,,,,,,,,,,,,,,,,,,,,,,,,,,,,,,,,,,,,,,,,,,,,,
Tribune,Land dispute triggers firing,NEUTRAL,NEGATIVE,,,,,,,,,,,,,,,,,,,,,,,,,,,,,,,,,,,,,,,,,,,,,,,,,,,,,
Tribune,Pilgrims begin Hajj under blazing sun,NEGATIVE,NEUTRAL,,,,,,,,,,,,,,,,,,,,,,,,,,,,,,,,,,,,,,,,,,,,,,,,,,,,,
Tribune,105 escapees recaptured after Malir jailbreak; 111 at large,POSITIVE,NEUTRAL,,,,,,,,,,,,,,,,,,,,,,,,,,,,,,,,,,,,,,,,,,,,,,,,,,,,,
Tribune,Tump assistant commissioner abducted,POSITIVE,NEGATIVE,,,,,,,,,,,,,,,,,,,,,,,,,,,,,,,,,,,,,,,,,,,,,,,,,,,,,
Tribune,Zardari chastises PPP over Sialkot loss,NEUTRAL,NEUTRAL,,,,,,,,,,,,,,,,,,,,,,,,,,,,,,,,,,,,,,,,,,,,,,,,,,,,,
Tribune,10 health officials face dismissal over graft,NEUTRAL,NEGATIVE,,,,,,,,,,,,,,,,,,,,,,,,,,,,,,,,,,,,,,,,,,,,,,,,,,,,,
Tribune,Sarah Khan won't do films anytime soon,NEUTRAL,NEUTRAL,,,,,,,,,,,,,,,,,,,,,,,,,,,,,,,,,,,,,,,,,,,,,,,,,,,,,
Tribune,Marsh returns to lead Australia against West Indies,NEUTRAL,NEUTRAL,,,,,,,,,,,,,,,,,,,,,,,,,,,,,,,,,,,,,,,,,,,,,,,,,,,,,
Tribune,Haris rises 210 spots in T20 ranks,NEGATIVE,POSITIVE,,,,,,,,,,,,,,,,,,,,,,,,,,,,,,,,,,,,,,,,,,,,,,,,,,,,,
Tribune,Khamenei dismisses US nuclear proposal,NEUTRAL,NEUTRAL,,,,,,,,,,,,,,,,,,,,,,,,,,,,,,,,,,,,,,,,,,,,,,,,,,,,,
Tribune,Children release baby turtles in sea,NEUTRAL,NEUTRAL,,,,,,,,,,,,,,,,,,,,,,,,,,,,,,,,,,,,,,,,,,,,,,,,,,,,,
Tribune,Pakistan lands key UNSC anti-terror posts,NEUTRAL,NEUTRAL,,,,,,,,,,,,,,,,,,,,,,,,,,,,,,,,,,,,,,,,,,,,,,,,,,,,,
Tribune,'Not entertainment but dangerous storytelling',NEUTRAL,NEGATIVE,,,,,,,,,,,,,,,,,,,,,,,,,,,,,,,,,,,,,,,,,,,,,,,,,,,,,
Tribune,Top RDA officials summoned in massive scandal,NEUTRAL,NEUTRAL,,,,,,,,,,,,,,,,,,,,,,,,,,,,,,,,,,,,,,,,,,,,,,,,,,,,,
Tribune,Fishermen oppose 'national fisheries policy',POSITIVE,NEUTRAL,,,,,,,,,,,,,,,,,,,,,,,,,,,,,,,,,,,,,,,,,,,,,,,,,,,,,
Tribune,"200,000 Afghans left Pakistan after deportation drive",NEUTRAL,NEUTRAL,,,,,,,,,,,,,,,,,,,,,,,,,,,,,,,,,,,,,,,,,,,,,,,,,,,,,
Tribune,14 terrorists gunned down in N Waziristan,NEUTRAL,NEUTRAL,,,,,,,,,,,,,,,,,,,,,,,,,,,,,,,,,,,,,,,,,,,,,,,,,,,,,
Tribune,Sana's 'killer' sent to jail,NEUTRAL,NEUTRAL,,,,,,,,,,,,,,,,,,,,,,,,,,,,,,,,,,,,,,,,,,,,,,,,,,,,,
Tribune,US lawmakers urge deportation relief for Afghans,NEUTRAL,NEUTRAL,,,,,,,,,,,,,,,,,,,,,,,,,,,,,,,,,,,,,,,,,,,,,,,,,,,,,
Tribune,Storms expose rural homes' vulnerability,NEUTRAL,NEUTRAL,,,,,,,,,,,,,,,,,,,,,,,,,,,,,,,,,,,,,,,,,,,,,,,,,,,,,
Tribune,PTC urges tax on cigarette paper,NEUTRAL,NEUTRAL,,,,,,,,,,,,,,,,,,,,,,,,,,,,,,,,,,,,,,,,,,,,,,,,,,,,,
Tribune,America protects Israel by killing democracy,NEGATIVE,NEGATIVE,,,,,,,,,,,,,,,,,,,,,,,,,,,,,,,,,,,,,,,,,,,,,,,,,,,,,
Tribune,Govt moves to revive sick industries,NEUTRAL,NEUTRAL,,,,,,,,,,,,,,,,,,,,,,,,,,,,,,,,,,,,,,,,,,,,,,,,,,,,,
Tribune,Guarding ideas,NEGATIVE,POSITIVE,,,,,,,,,,,,,,,,,,,,,,,,,,,,,,,,,,,,,,,,,,,,,,,,,,,,,
Tribune,Dar-led body to oversee funding strategies for dams,NEGATIVE,NEUTRAL,,,,,,,,,,,,,,,,,,,,,,,,,,,,,,,,,,,,,,,,,,,,,,,,,,,,,
Tribune,Karachi tremors,NEGATIVE,NEUTRAL,,,,,,,,,,,,,,,,,,,,,,,,,,,,,,,,,,,,,,,,,,,,,,,,,,,,,
Tribune,Stitching costs surge ahead of Eid,NEUTRAL,NEUTRAL,,,,,,,,,,,,,,,,,,,,,,,,,,,,,,,,,,,,,,,,,,,,,,,,,,,,,
Tribune,FX dips by $7m as SBP plans Rs4.35tr auction,NEUTRAL,NEUTRAL,,,,,,,,,,,,,,,,,,,,,,,,,,,,,,,,,,,,,,,,,,,,,,,,,,,,,
Tribune,Brilliant boxer Waseem's world title celebrated,NEUTRAL,POSITIVE,,,,,,,,,,,,,,,,,,,,,,,,,,,,,,,,,,,,,,,,,,,,,,,,,,,,,
Tribune,Anger as US blocks Gaza ceasefire resolution,NEGATIVE,NEGATIVE,,,,,,,,,,,,,,,,,,,,,,,,,,,,,,,,,,,,,,,,,,,,,,,,,,,,,
Tribune,Rawalpindi goes full 'bakra mode',NEUTRAL,NEUTRAL,,,,,,,,,,,,,,,,,,,,,,,,,,,,,,,,,,,,,,,,,,,,,,,,,,,,,
Tribune,Brazil's funk star's arrest sparks censorship debate,NEGATIVE,NEGATIVE,,,,,,,,,,,,,,,,,,,,,,,,,,,,,,,,,,,,,,,,,,,,,,,,,,,,,
Tribune,NEPRA approves Rs50b write-off for KE,NEGATIVE,NEUTRAL,,,,,,,,,,,,,,,,,,,,,,,,,,,,,,,,,,,,,,,,,,,,,,,,,,,,,
Tribune,Child molester held,NEUTRAL,NEGATIVE,,,,,,,,,,,,,,,,,,,,,,,,,,,,,,,,,,,,,,,,,,,,,,,,,,,,,
Tribune,"Stricter waste regulations at coasts, ports urged",NEUTRAL,NEUTRAL,,,,,,,,,,,,,,,,,,,,,,,,,,,,,,,,,,,,,,,,,,,,,,,,,,,,,
Tribune,PTI names MPs for panel on CEC selection,NEGATIVE,NEUTRAL,,,,,,,,,,,,,,,,,,,,,,,,,,,,,,,,,,,,,,,,,,,,,,,,,,,,,
Tribune,Emissions certification misses the mark,NEUTRAL,NEUTRAL,,,,,,,,,,,,,,,,,,,,,,,,,,,,,,,,,,,,,,,,,,,,,,,,,,,,,
Tribune,Cattle traders draw public rage,NEGATIVE,NEUTRAL,,,,,,,,,,,,,,,,,,,,,,,,,,,,,,,,,,,,,,,,,,,,,,,,,,,,,
Tribune,UN says malnutrition rate among Gaza children triples,NEUTRAL,NEGATIVE,,,,,,,,,,,,,,,,,,,,,,,,,,,,,,,,,,,,,,,,,,,,,,,,,,,,,
Tribune,Petition urges ECP to disqualify Gandapur,NEUTRAL,NEUTRAL,,,,,,,,,,,,,,,,,,,,,,,,,,,,,,,,,,,,,,,,,,,,,,,,,,,,,
Tribune,Hospitals fail to maintain infection control amid bed shortages,NEUTRAL,NEGATIVE,,,,,,,,,,,,,,,,,,,,,,,,,,,,,,,,,,,,,,,,,,,,,,,,,,,,,
Tribune,Djokovic downs Zverev in FO quarters,NEUTRAL,POSITIVE,,,,,,,,,,,,,,,,,,,,,,,,,,,,,,,,,,,,,,,,,,,,,,,,,,,,,
Tribune,No decision yet to annul treaties with India: FO,NEUTRAL,NEUTRAL,,,,,,,,,,,,,,,,,,,,,,,,,,,,,,,,,,,,,,,,,,,,,,,,,,,,,
Tribune,Eid remission brings freedom to 270 inmates,NEGATIVE,NEUTRAL,,,,,,,,,,,,,,,,,,,,,,,,,,,,,,,,,,,,,,,,,,,,,,,,,,,,,
Tribune,Why is 'Mera Jism Meri Marzi' so controversial?,NEGATIVE,NEGATIVE,,,,,,,,,,,,,,,,,,,,,,,,,,,,,,,,,,,,,,,,,,,,,,,,,,,,,
Tribune,Ronaldo fires Portugal into Nations League final,NEGATIVE,POSITIVE,,,,,,,,,,,,,,,,,,,,,,,,,,,,,,,,,,,,,,,,,,,,,,,,,,,,,
Tribune,RAW funding Fitna al Hindustan: Bugti,NEUTRAL,NEGATIVE,,,,,,,,,,,,,,,,,,,,,,,,,,,,,,,,,,,,,,,,,,,,,,,,,,,,,
Tribune,"BISP, World Bank discuss data security",NEGATIVE,NEUTRAL,,,,,,,,,,,,,,,,,,,,,,,,,,,,,,,,,,,,,,,,,,,,,,,,,,,,,
Tribune,Trump restores travel ban on 12 countries,NEGATIVE,NEGATIVE,,,,,,,,,,,,,,,,,,,,,,,,,,,,,,,,,,,,,,,,,,,,,,,,,,,,,
Tribune,Car riders steal goats tied outside house,NEUTRAL,NEGATIVE,,,,,,,,,,,,,,,,,,,,,,,,,,,,,,,,,,,,,,,,,,,,,,,,,,,,,
Tribune,Reddit sues AI firm,NEGATIVE,NEUTRAL,,,,,,,,,,,,,,,,,,,,,,,,,,,,,,,,,,,,,,,,,,,,,,,,,,,,,
Tribune,Malir jailbreak escapee dies by suicide; emotional video surfaces,NEUTRAL,NEUTRAL,,,,,,,,,,,,,,,,,,,,,,,,,,,,,,,,,,,,,,,,,,,,,,,,,,,,,
Tribune,Sacrifice pool prices rise in line with animal costs,NEUTRAL,NEGATIVE,,,,,,,,,,,,,,,,,,,,,,,,,,,,,,,,,,,,,,,,,,,,,,,,,,,,,
Tribune,PHC halts rollback of cadet promotions,NEUTRAL,NEUTRAL,,,,,,,,,,,,,,,,,,,,,,,,,,,,,,,,,,,,,,,,,,,,,,,,,,,,,
Tribune,Leaders rally for green Pakistan,NEUTRAL,POSITIVE,,,,,,,,,,,,,,,,,,,,,,,,,,,,,,,,,,,,,,,,,,,,,,,,,,,,,
Tribune,Indo-US posturing on China via Bangladesh?,NEGATIVE,NEUTRAL,,,,,,,,,,,,,,,,,,,,,,,,,,,,,,,,,,,,,,,,,,,,,,,,,,,,,
Tribune,Govt eyes tractor policy for agri-mechanisation,NEGATIVE,NEUTRAL,,,,,,,,,,,,,,,,,,,,,,,,,,,,,,,,,,,,,,,,,,,,,,,,,,,,,
Tribune,GDP growth forecasted at mere 2.44%,NEUTRAL,NEGATIVE,,,,,,,,,,,,,,,,,,,,,,,,,,,,,,,,,,,,,,,,,,,,,,,,,,,,,
Tribune,Inzaghi to coach Saudi Arabia's Al Hilal,NEUTRAL,NEUTRAL,,,,,,,,,,,,,,,,,,,,,,,,,,,,,,,,,,,,,,,,,,,,,,,,,,,,,
Tribune,WB readjusts poverty line in Pakistan at 44.7%,NEUTRAL,NEUTRAL,,,,,,,,,,,,,,,,,,,,,,,,,,,,,,,,,,,,,,,,,,,,,,,,,,,,,
Tribune,PM takes notice of G-B polio case,NEUTRAL,NEUTRAL,,,,,,,,,,,,,,,,,,,,,,,,,,,,,,,,,,,,,,,,,,,,,,,,,,,,,
Tribune,"KSE-100 retreats on budget jitters, taxes",NEUTRAL,NEUTRAL,,,,,,,,,,,,,,,,,,,,,,,,,,,,,,,,,,,,,,,,,,,,,,,,,,,,,
Tribune,CM vows plastic-free Sindh on World Environment Day,NEUTRAL,NEUTRAL,,,,,,,,,,,,,,,,,,,,,,,,,,,,,,,,,,,,,,,,,,,,,,,,,,,,,
Tribune,Khamenei's no,NEGATIVE,NEGATIVE,,,,,,,,,,,,,,,,,,,,,,,,,,,,,,,,,,,,,,,,,,,,,,,,,,,,,
Tribune,The dilemma of the right strategic choice,NEGATIVE,NEGATIVE,,,,,,,,,,,,,,,,,,,,,,,,,,,,,,,,,,,,,,,,,,,,,,,,,,,,,
Tribune,FIA 'uncovers' multibillion-rupee scam,NEUTRAL,NEUTRAL,,,,,,,,,,,,,,,,,,,,,,,,,,,,,,,,,,,,,,,,,,,,,,,,,,,,,
Tribune,Public input invited on SME finance guidelines,NEUTRAL,NEUTRAL,,,,,,,,,,,,,,,,,,,,,,,,,,,,,,,,,,,,,,,,,,,,,,,,,,,,,
Tribune,Hafizabad gang-rape prime suspect killed in encounter,NEUTRAL,NEGATIVE,,,,,,,,,,,,,,,,,,,,,,,,,,,,,,,,,,,,,,,,,,,,,,,,,,,,,
Tribune,K-P grant shortfall sparks LG fury,NEUTRAL,NEGATIVE,,,,,,,,,,,,,,,,,,,,,,,,,,,,,,,,,,,,,,,,,,,,,,,,,,,,,
Tribune,Panel formed to probe railway bridge collapse,NEGATIVE,NEUTRAL,,,,,,,,,,,,,,,,,,,,,,,,,,,,,,,,,,,,,,,,,,,,,,,,,,,,,
Tribune,Turmoil in Bangladesh,NEUTRAL,NEGATIVE,,,,,,,,,,,,,,,,,,,,,,,,,,,,,,,,,,,,,,,,,,,,,,,,,,,,,
Tribune,Vegetables drive weekly SPI up 0.02%,NEUTRAL,NEUTRAL,,,,,,,,,,,,,,,,,,,,,,,,,,,,,,,,,,,,,,,,,,,,,,,,,,,,,
Tribune,Cleanliness drive set for Eid,NEUTRAL,NEUTRAL,,,,,,,,,,,,,,,,,,,,,,,,,,,,,,,,,,,,,,,,,,,,,,,,,,,,,
Tribune,"PTI activists protest outside SHC, brave police brutality",NEUTRAL,NEUTRAL,,,,,,,,,,,,,,,,,,,,,,,,,,,,,,,,,,,,,,,,,,,,,,,,,,,,,
Tribune,How we love and lost Bakra Eid,NEGATIVE,NEUTRAL,,,,,,,,,,,,,,,,,,,,,,,,,,,,,,,,,,,,,,,,,,,,,,,,,,,,,
Tribune,"Nadir, Naba clinch tennis titles in style",NEGATIVE,POSITIVE,,,,,,,,,,,,,,,,,,,,,,,,,,,,,,,,,,,,,,,,,,,,,,,,,,,,,
Tribune,'Andheray Kay Roop' shines at drama festival,NEUTRAL,POSITIVE,,,,,,,,,,,,,,,,,,,,,,,,,,,,,,,,,,,,,,,,,,,,,,,,,,,,,
Tribune,Zardari roots for broad national consensus,NEUTRAL,NEUTRAL,,,,,,,,,,,,,,,,,,,,,,,,,,,,,,,,,,,,,,,,,,,,,,,,,,,,,
Tribune,India paving ground for N-war: Bilawal,NEUTRAL,NEUTRAL,,,,,,,,,,,,,,,,,,,,,,,,,,,,,,,,,,,,,,,,,,,,,,,,,,,,,
Tribune,Govt ignored agri sector in upcoming budget: SAB,NEUTRAL,NEUTRAL,,,,,,,,,,,,,,,,,,,,,,,,,,,,,,,,,,,,,,,,,,,,,,,,,,,,,
Tribune,"Imran, Bushra fail to get Eid relief",NEUTRAL,NEUTRAL,,,,,,,,,,,,,,,,,,,,,,,,,,,,,,,,,,,,,,,,,,,,,,,,,,,,,
Tribune,Caution urged on foreign advice,NEGATIVE,NEUTRAL,,,,,,,,,,,,,,,,,,,,,,,,,,,,,,,,,,,,,,,,,,,,,,,,,,,,,
Tribune,Haunted by missed potential,NEGATIVE,NEUTRAL,,,,,,,,,,,,,,,,,,,,,,,,,,,,,,,,,,,,,,,,,,,,,,,,,,,,,
Tribune,"Overton, Bethell in Eng squad for India Test",NEUTRAL,NEUTRAL,,,,,,,,,,,,,,,,,,,,,,,,,,,,,,,,,,,,,,,,,,,,,,,,,,,,,
Tribune,"Trump, Xi discuss trade, rare earths",NEGATIVE,NEUTRAL,,,,,,,,,,,,,,,,,,,,,,,,,,,,,,,,,,,,,,,,,,,,,,,,,,,,,
Tribune,IPL's Bengaluru pledge cash help for stampede victims,NEUTRAL,NEUTRAL,,,,,,,,,,,,,,,,,,,,,,,,,,,,,,,,,,,,,,,,,,,,,,,,,,,,,
Tribune,"Trump, Musk feud escalates over tax bill",NEGATIVE,NEUTRAL,,,,,,,,,,,,,,,,,,,,,,,,,,,,,,,,,,,,,,,,,,,,,,,,,,,,,
Tribune,KWSC employee falls victim to 'target killing',NEGATIVE,NEGATIVE,,,,,,,,,,,,,,,,,,,,,,,,,,,,,,,,,,,,,,,,,,,,,,,,,,,,,
Tribune,Demand of barbecue essentials surges,NEUTRAL,POSITIVE,,,,,,,,,,,,,,,,,,,,,,,,,,,,,,,,,,,,,,,,,,,,,,,,,,,,,
Tribune,'I want Pak team to be nation's pride',NEGATIVE,NEUTRAL,,,,,,,,,,,,,,,,,,,,,,,,,,,,,,,,,,,,,,,,,,,,,,,,,,,,,
Tribune,Two drown as boat capsizes,NEUTRAL,NEGATIVE,,,,,,,,,,,,,,,,,,,,,,,,,,,,,,,,,,,,,,,,,,,,,,,,,,,,,
Tribune,Life of Chuck' explores essence of life and love,NEGATIVE,NEUTRAL,,,,,,,,,,,,,,,,,,,,,,,,,,,,,,,,,,,,,,,,,,,,,,,,,,,,,
Tribune,"Nepra allows relief for Karachi, raises tariff for the rest",NEGATIVE,NEUTRAL,,,,,,,,,,,,,,,,,,,,,,,,,,,,,,,,,,,,,,,,,,,,,,,,,,,,,
Tribune,ECP announces elections on LG reserved seats,NEUTRAL,NEUTRAL,,,,,,,,,,,,,,,,,,,,,,,,,,,,,,,,,,,,,,,,,,,,,,,,,,,,,
Tribune,West plans N-resolution against Iran,NEGATIVE,NEUTRAL,,,,,,,,,,,,,,,,,,,,,,,,,,,,,,,,,,,,,,,,,,,,,,,,,,,,,
Tribune,Alvi allowed to withdraw up to Rs1m,NEGATIVE,NEUTRAL,,,,,,,,,,,,,,,,,,,,,,,,,,,,,,,,,,,,,,,,,,,,,,,,,,,,,
Tribune,"PTI wanted to spread chaos, witness testifies in ATC",NEGATIVE,NEGATIVE,,,,,,,,,,,,,,,,,,,,,,,,,,,,,,,,,,,,,,,,,,,,,,,,,,,,,
Tribune,Zakat Department cancels Eid payouts,NEUTRAL,NEGATIVE,,,,,,,,,,,,,,,,,,,,,,,,,,,,,,,,,,,,,,,,,,,,,,,,,,,,,
Tribune,"Denmark aims to ban veils in schools, varsities",POSITIVE,NEUTRAL,,,,,,,,,,,,,,,,,,,,,,,,,,,,,,,,,,,,,,,,,,,,,,,,,,,,,
Tribune,PTI inmates wish Eid greetings,NEGATIVE,POSITIVE,,,,,,,,,,,,,,,,,,,,,,,,,,,,,,,,,,,,,,,,,,,,,,,,,,,,,
Tribune,"Dialogue, not aggression",NEGATIVE,NEUTRAL,,,,,,,,,,,,,,,,,,,,,,,,,,,,,,,,,,,,,,,,,,,,,,,,,,,,,
Tribune,Ayeza Khan under fire for 'insensitive' statement,NEUTRAL,NEGATIVE,,,,,,,,,,,,,,,,,,,,,,,,,,,,,,,,,,,,,,,,,,,,,,,,,,,,,
Tribune,"No sign of Imran being released, says Gandapur",NEGATIVE,NEUTRAL,,,,,,,,,,,,,,,,,,,,,,,,,,,,,,,,,,,,,,,,,,,,,,,,,,,,,
Tribune,Messi uncertain for WC qualifier against Chile,NEGATIVE,NEUTRAL,,,,,,,,,,,,,,,,,,,,,,,,,,,,,,,,,,,,,,,,,,,,,,,,,,,,,
Tribune,'Outsiders' appointed to top prison posts following jailbreak,POSITIVE,NEUTRAL,,,,,,,,,,,,,,,,,,,,,,,,,,,,,,,,,,,,,,,,,,,,,,,,,,,,,
Tribune,ATC extends bail of PTI leaders,NEUTRAL,NEUTRAL,,,,,,,,,,,,,,,,,,,,,,,,,,,,,,,,,,,,,,,,,,,,,,,,,,,,,
Tribune,Pilgrims ascend Mount Arafat for Hajj climax,NEUTRAL,NEUTRAL,,,,,,,,,,,,,,,,,,,,,,,,,,,,,,,,,,,,,,,,,,,,,,,,,,,,,
Tribune,Interior ministry to enhance crucial data sharing,NEUTRAL,NEUTRAL,,,,,,,,,,,,,,,,,,,,,,,,,,,,,,,,,,,,,,,,,,,,,,,,,,,,,
Tribune,Blistering heat bears down on Pakistan,NEUTRAL,NEUTRAL,,,,,,,,,,,,,,,,,,,,,,,,,,,,,,,,,,,,,,,,,,,,,,,,,,,,,
Tribune,Bosnia partners with EU to secure border,NEGATIVE,NEUTRAL,,,,,,,,,,,,,,,,,,,,,,,,,,,,,,,,,,,,,,,,,,,,,,,,,,,,,
Tribune,US mediation offer,NEUTRAL,NEGATIVE,,,,,,,,,,,,,,,,,,,,,,,,,,,,,,,,,,,,,,,,,,,,,,,,,,,,,
Tribune,Migration crisis: what really matters?,NEUTRAL,NEGATIVE,,,,,,,,,,,,,,,,,,,,,,,,,,,,,,,,,,,,,,,,,,,,,,,,,,,,,
Tribune,London Mayor knighted by King Charles,NEUTRAL,POSITIVE,,,,,,,,,,,,,,,,,,,,,,,,,,,,,,,,,,,,,,,,,,,,,,,,,,,,,
Tribune,Escalator installed at Lahore railway station,NEUTRAL,NEUTRAL,,,,,,,,,,,,,,,,,,,,,,,,,,,,,,,,,,,,,,,,,,,,,,,,,,,,,
Tribune,15% hike in oil refining planned,POSITIVE,NEUTRAL,,,,,,,,,,,,,,,,,,,,,,,,,,,,,,,,,,,,,,,,,,,,,,,,,,,,,
Tribune,Death penalty for child molestation upheld,NEUTRAL,NEGATIVE,,,,,,,,,,,,,,,,,,,,,,,,,,,,,,,,,,,,,,,,,,,,,,,,,,,,,
Tribune,PSL11 likely to clash with IPL again,NEUTRAL,NEUTRAL,,,,,,,,,,,,,,,,,,,,,,,,,,,,,,,,,,,,,,,,,,,,,,,,,,,,,
Tribune,Professional panhandlers thrive in capital,NEUTRAL,NEGATIVE,,,,,,,,,,,,,,,,,,,,,,,,,,,,,,,,,,,,,,,,,,,,,,,,,,,,,
Tribune,PM jets off on UAE visit today,NEUTRAL,NEUTRAL,,,,,,,,,,,,,,,,,,,,,,,,,,,,,,,,,,,,,,,,,,,,,,,,,,,,,
Tribune,"'Tax physical retailers, not budding e-commerce'",NEUTRAL,NEUTRAL,,,,,,,,,,,,,,,,,,,,,,,,,,,,,,,,,,,,,,,,,,,,,,,,,,,,,
Tribune,JCP to review tenure of CB,NEUTRAL,NEUTRAL,,,,,,,,,,,,,,,,,,,,,,,,,,,,,,,,,,,,,,,,,,,,,,,,,,,,,
Tribune,Pooran retires from internationals,POSITIVE,POSITIVE,,,,,,,,,,,,,,,,,,,,,,,,,,,,,,,,,,,,,,,,,,,,,,,,,,,,,
Tribune,Govt set to lift surcharge cap on electricity bills,NEUTRAL,NEUTRAL,,,,,,,,,,,,,,,,,,,,,,,,,,,,,,,,,,,,,,,,,,,,,,,,,,,,,
Tribune,Senegal stun England to put Tuchel under pressure,NEUTRAL,NEUTRAL,,,,,,,,,,,,,,,,,,,,,,,,,,,,,,,,,,,,,,,,,,,,,,,,,,,,,
Tribune,SC rejects plea against mobile towers around KHI airport,NEUTRAL,NEUTRAL,,,,,,,,,,,,,,,,,,,,,,,,,,,,,,,,,,,,,,,,,,,,,,,,,,,,,
Tribune,Saba Qamar skipped Eid glamour for rest,NEUTRAL,NEUTRAL,,,,,,,,,,,,,,,,,,,,,,,,,,,,,,,,,,,,,,,,,,,,,,,,,,,,,
Tribune,Pakistani who plotted US attack extradited from Canada,NEUTRAL,NEUTRAL,,,,,,,,,,,,,,,,,,,,,,,,,,,,,,,,,,,,,,,,,,,,,,,,,,,,,
Tribune,CM appeals to citizens to donate blood,NEUTRAL,NEUTRAL,,,,,,,,,,,,,,,,,,,,,,,,,,,,,,,,,,,,,,,,,,,,,,,,,,,,,
Tribune,Black Cloud' installation envelopes Ukraine streets,NEUTRAL,NEUTRAL,,,,,,,,,,,,,,,,,,,,,,,,,,,,,,,,,,,,,,,,,,,,,,,,,,,,,
Tribune,PRAC criticises missed opportunities in budget,NEUTRAL,NEGATIVE,,,,,,,,,,,,,,,,,,,,,,,,,,,,,,,,,,,,,,,,,,,,,,,,,,,,,
Tribune,"Punjab, Sindh clash over local governance",NEUTRAL,NEGATIVE,,,,,,,,,,,,,,,,,,,,,,,,,,,,,,,,,,,,,,,,,,,,,,,,,,,,,
Tribune,Reform bills tabled amid quorum clashes,NEUTRAL,NEUTRAL,,,,,,,,,,,,,,,,,,,,,,,,,,,,,,,,,,,,,,,,,,,,,,,,,,,,,
Tribune,Pakistanis topped asylum seekers' list  in UK in 2024,NEUTRAL,NEUTRAL,,,,,,,,,,,,,,,,,,,,,,,,,,,,,,,,,,,,,,,,,,,,,,,,,,,,,
Tribune,FO rejects Jaishankar's 'irresponsible' remarks,NEGATIVE,NEUTRAL,,,,,,,,,,,,,,,,,,,,,,,,,,,,,,,,,,,,,,,,,,,,,,,,,,,,,
Tribune,Military notes of Indo-Pak conflict — the rundown,NEGATIVE,NEUTRAL,,,,,,,,,,,,,,,,,,,,,,,,,,,,,,,,,,,,,,,,,,,,,,,,,,,,,
Tribune,Are copyright laws a threat to AI industry?,NEUTRAL,NEUTRAL,,,,,,,,,,,,,,,,,,,,,,,,,,,,,,,,,,,,,,,,,,,,,,,,,,,,,
Tribune,SESSI made 'doubtful' medicine purchases,NEUTRAL,NEUTRAL,,,,,,,,,,,,,,,,,,,,,,,,,,,,,,,,,,,,,,,,,,,,,,,,,,,,,
Tribune,Pindi to revise property valuation rates,NEUTRAL,NEUTRAL,,,,,,,,,,,,,,,,,,,,,,,,,,,,,,,,,,,,,,,,,,,,,,,,,,,,,
Tribune,Bilawal slams India for sabotaging Trump's peace efforts,NEGATIVE,NEUTRAL,,,,,,,,,,,,,,,,,,,,,,,,,,,,,,,,,,,,,,,,,,,,,,,,,,,,,
Tribune,Charred body found on motorway,NEGATIVE,NEGATIVE,,,,,,,,,,,,,,,,,,,,,,,,,,,,,,,,,,,,,,,,,,,,,,,,,,,,,
Tribune,Top US general praises 'phenomenal partner' Pakistan,NEGATIVE,NEUTRAL,,,,,,,,,,,,,,,,,,,,,,,,,,,,,,,,,,,,,,,,,,,,,,,,,,,,,
Tribune,Friends going home from food street crushed by tanker,NEGATIVE,NEGATIVE,,,,,,,,,,,,,,,,,,,,,,,,,,,,,,,,,,,,,,,,,,,,,,,,,,,,,
Tribune,JUI-F slams budget as economic strangulation,NEUTRAL,NEGATIVE,,,,,,,,,,,,,,,,,,,,,,,,,,,,,,,,,,,,,,,,,,,,,,,,,,,,,
Tribune,"Fights, politics rock Rawalpindi Arts Council",NEGATIVE,NEGATIVE,,,,,,,,,,,,,,,,,,,,,,,,,,,,,,,,,,,,,,,,,,,,,,,,,,,,,
Tribune,"Pump petrol, earn raptures",POSITIVE,NEUTRAL,,,,,,,,,,,,,,,,,,,,,,,,,,,,,,,,,,,,,,,,,,,,,,,,,,,,,
Tribune,WI announce revamped Test squad for Aus series,NEUTRAL,POSITIVE,,,,,,,,,,,,,,,,,,,,,,,,,,,,,,,,,,,,,,,,,,,,,,,,,,,,,
Tribune,"Substantial budget for purchase of buses, EV taxis: Sharjeel",NEUTRAL,NEUTRAL,,,,,,,,,,,,,,,,,,,,,,,,,,,,,,,,,,,,,,,,,,,,,,,,,,,,,
Tribune,Chichawatni police arrest injured robber,NEUTRAL,NEUTRAL,,,,,,,,,,,,,,,,,,,,,,,,,,,,,,,,,,,,,,,,,,,,,,,,,,,,,
Tribune,FinMin's presser marred by journalists boycott,NEUTRAL,NEGATIVE,,,,,,,,,,,,,,,,,,,,,,,,,,,,,,,,,,,,,,,,,,,,,,,,,,,,,
Tribune,Balochistan launches first climate fund,NEUTRAL,POSITIVE,,,,,,,,,,,,,,,,,,,,,,,,,,,,,,,,,,,,,,,,,,,,,,,,,,,,,
Tribune,FIA arrests visa fraud suspect,NEGATIVE,NEGATIVE,,,,,,,,,,,,,,,,,,,,,,,,,,,,,,,,,,,,,,,,,,,,,,,,,,,,,
Tribune,Green economy: beneficiaries and losers,NEUTRAL,POSITIVE,,,,,,,,,,,,,,,,,,,,,,,,,,,,,,,,,,,,,,,,,,,,,,,,,,,,,
Tribune,Humayun doesn't care if you think he is too old to be a hero,NEUTRAL,NEUTRAL,,,,,,,,,,,,,,,,,,,,,,,,,,,,,,,,,,,,,,,,,,,,,,,,,,,,,
Tribune,"US, China agree on trade 'framework'",NEUTRAL,NEUTRAL,,,,,,,,,,,,,,,,,,,,,,,,,,,,,,,,,,,,,,,,,,,,,,,,,,,,,
Tribune,PSX at new peak as budget sparks optimism,NEUTRAL,POSITIVE,,,,,,,,,,,,,,,,,,,,,,,,,,,,,,,,,,,,,,,,,,,,,,,,,,,,,
Tribune,Gillespie takes a dig at PCB Chief Naqvi,NEGATIVE,NEUTRAL,,,,,,,,,,,,,,,,,,,,,,,,,,,,,,,,,,,,,,,,,,,,,,,,,,,,,
Tribune,"Pak, Afg and UAE to play T20I tri-series",NEGATIVE,NEUTRAL,,,,,,,,,,,,,,,,,,,,,,,,,,,,,,,,,,,,,,,,,,,,,,,,,,,,,
Tribune,PML-Q supports premier's economic initiatives,NEUTRAL,POSITIVE,,,,,,,,,,,,,,,,,,,,,,,,,,,,,,,,,,,,,,,,,,,,,,,,,,,,,
Tribune,Remittances cross $34.9b for FY2025,NEUTRAL,POSITIVE,,,,,,,,,,,,,,,,,,,,,,,,,,,,,,,,,,,,,,,,,,,,,,,,,,,,,
Tribune,KE consumers to get Rs4.69/unit relief in April,NEUTRAL,NEUTRAL,,,,,,,,,,,,,,,,,,,,,,,,,,,,,,,,,,,,,,,,,,,,,,,,,,,,,
Tribune,Diddy defence questions ex,NEUTRAL,NEUTRAL,,,,,,,,,,,,,,,,,,,,,,,,,,,,,,,,,,,,,,,,,,,,,,,,,,,,,
Tribune,US says Trump keen to resolve Kashmir issue,NEUTRAL,NEUTRAL,,,,,,,,,,,,,,,,,,,,,,,,,,,,,,,,,,,,,,,,,,,,,,,,,,,,,
Tribune,Eight killed in migrant boat attack off Djibouti,NEUTRAL,NEGATIVE,,,,,,,,,,,,,,,,,,,,,,,,,,,,,,,,,,,,,,,,,,,,,,,,,,,,,
Tribune,SC demands vehicle seizure records,NEUTRAL,NEUTRAL,,,,,,,,,,,,,,,,,,,,,,,,,,,,,,,,,,,,,,,,,,,,,,,,,,,,,
Tribune,PTI stages protest for Imran's release,NEUTRAL,NEGATIVE,,,,,,,,,,,,,,,,,,,,,,,,,,,,,,,,,,,,,,,,,,,,,,,,,,,,,
Tribune,Govt hints at Rs500b mini-budget,NEGATIVE,NEUTRAL,,,,,,,,,,,,,,,,,,,,,,,,,,,,,,,,,,,,,,,,,,,,,,,,,,,,,
Tribune,Man gets life in jail for murder,NEUTRAL,NEGATIVE,,,,,,,,,,,,,,,,,,,,,,,,,,,,,,,,,,,,,,,,,,,,,,,,,,,,,
Tribune,Impunity prevails,NEUTRAL,NEGATIVE,,,,,,,,,,,,,,,,,,,,,,,,,,,,,,,,,,,,,,,,,,,,,,,,,,,,,
Tribune,Court slams police over investigation in Malir jailbreak case,NEUTRAL,NEGATIVE,,,,,,,,,,,,,,,,,,,,,,,,,,,,,,,,,,,,,,,,,,,,,,,,,,,,,
Tribune,Auto sector divided on new budget,NEGATIVE,POSITIVE,,,,,,,,,,,,,,,,,,,,,,,,,,,,,,,,,,,,,,,,,,,,,,,,,,,,,
Tribune,Poverty spike,NEUTRAL,NEGATIVE,,,,,,,,,,,,,,,,,,,,,,,,,,,,,,,,,,,,,,,,,,,,,,,,,,,,,
Tribune,"60 Gazans dead in Israeli gunfire, airstrikes",NEUTRAL,NEGATIVE,,,,,,,,,,,,,,,,,,,,,,,,,,,,,,,,,,,,,,,,,,,,,,,,,,,,,
Tribune,Taliban hang up Kalashnikovs to pen memoirs of Afghan war,NEUTRAL,NEGATIVE,,,,,,,,,,,,,,,,,,,,,,,,,,,,,,,,,,,,,,,,,,,,,,,,,,,,,
Tribune,K-P to unveil Rs2tr tax-free budget,NEGATIVE,NEUTRAL,,,,,,,,,,,,,,,,,,,,,,,,,,,,,,,,,,,,,,,,,,,,,,,,,,,,,
Tribune,BTS megastars to reunite after military service,NEUTRAL,NEUTRAL,,,,,,,,,,,,,,,,,,,,,,,,,,,,,,,,,,,,,,,,,,,,,,,,,,,,,
Tribune,Bread makers push for rate hike,NEUTRAL,NEGATIVE,,,,,,,,,,,,,,,,,,,,,,,,,,,,,,,,,,,,,,,,,,,,,,,,,,,,,
Tribune,Murray leaves door open to coaching return,NEUTRAL,NEUTRAL,,,,,,,,,,,,,,,,,,,,,,,,,,,,,,,,,,,,,,,,,,,,,,,,,,,,,
Tribune,"Woman, son shot dead near Daska",NEGATIVE,NEUTRAL,,,,,,,,,,,,,,,,,,,,,,,,,,,,,,,,,,,,,,,,,,,,,,,,,,,,,
Tribune,Rare dowry lawsuit filed decades after marriage,NEUTRAL,NEUTRAL,,,,,,,,,,,,,,,,,,,,,,,,,,,,,,,,,,,,,,,,,,,,,,,,,,,,,
Tribune,"Brazil, Ecuador book World Cup berths",NEUTRAL,NEUTRAL,,,,,,,,,,,,,,,,,,,,,,,,,,,,,,,,,,,,,,,,,,,,,,,,,,,,,
Tribune,Six drowned picnickers' corpses retrieved,NEGATIVE,NEUTRAL,,,,,,,,,,,,,,,,,,,,,,,,,,,,,,,,,,,,,,,,,,,,,,,,,,,,,
Tribune,Oil industry slams govt for failing to fulfil promise,NEUTRAL,NEUTRAL,,,,,,,,,,,,,,,,,,,,,,,,,,,,,,,,,,,,,,,,,,,,,,,,,,,,,
Tribune,'No new tax in Punjab budget',NEUTRAL,NEUTRAL,,,,,,,,,,,,,,,,,,,,,,,,,,,,,,,,,,,,,,,,,,,,,,,,,,,,,
Tribune,"India, ISKP and BLA: Pakistan's multi-front security challenge",NEGATIVE,NEGATIVE,,,,,,,,,,,,,,,,,,,,,,,,,,,,,,,,,,,,,,,,,,,,,,,,,,,,,
Tribune,Govt raises Rs1.1trin debt auctions,NEUTRAL,NEUTRAL,,,,,,,,,,,,,,,,,,,,,,,,,,,,,,,,,,,,,,,,,,,,,,,,,,,,,
Tribune,NA nod sought for Rs345b spending,NEUTRAL,NEUTRAL,,,,,,,,,,,,,,,,,,,,,,,,,,,,,,,,,,,,,,,,,,,,,,,,,,,,,
Tribune,1st post-Hajj flight carrying 340 pilgrims arrives,NEUTRAL,NEUTRAL,,,,,,,,,,,,,,,,,,,,,,,,,,,,,,,,,,,,,,,,,,,,,,,,,,,,,
Tribune,Curfew in LA as Trump vows to 'liberate' city,NEUTRAL,NEGATIVE,,,,,,,,,,,,,,,,,,,,,,,,,,,,,,,,,,,,,,,,,,,,,,,,,,,,,
Tribune,Fishing cat: Indus delta losing its lone surviving predator,NEUTRAL,NEUTRAL,,,,,,,,,,,,,,,,,,,,,,,,,,,,,,,,,,,,,,,,,,,,,,,,,,,,,
Tribune,African lion seized after abuse video goes viral,NEUTRAL,NEUTRAL,,,,,,,,,,,,,,,,,,,,,,,,,,,,,,,,,,,,,,,,,,,,,,,,,,,,,
Tribune,PTI brands planning minister 'Goebbels',NEUTRAL,NEGATIVE,,,,,,,,,,,,,,,,,,,,,,,,,,,,,,,,,,,,,,,,,,,,,,,,,,,,,
Tribune,"Imad urges Babar, Rizwan's inclusion in T20 squad",POSITIVE,NEUTRAL,,,,,,,,,,,,,,,,,,,,,,,,,,,,,,,,,,,,,,,,,,,,,,,,,,,,,
Tribune,Asim and Merub end engagement with grace,NEUTRAL,POSITIVE,,,,,,,,,,,,,,,,,,,,,,,,,,,,,,,,,,,,,,,,,,,,,,,,,,,,,
Tribune,Govt moves to fix teacher shortage,NEUTRAL,POSITIVE,,,,,,,,,,,,,,,,,,,,,,,,,,,,,,,,,,,,,,,,,,,,,,,,,,,,,
Tribune,IHC rules telecom's tower deal taxable,NEUTRAL,NEUTRAL,,,,,,,,,,,,,,,,,,,,,,,,,,,,,,,,,,,,,,,,,,,,,,,,,,,,,
Tribune,Taxman told to enhance skills,NEGATIVE,NEUTRAL,,,,,,,,,,,,,,,,,,,,,,,,,,,,,,,,,,,,,,,,,,,,,,,,,,,,,
Tribune,Assured confusion,NEUTRAL,NEGATIVE,,,,,,,,,,,,,,,,,,,,,,,,,,,,,,,,,,,,,,,,,,,,,,,,,,,,,
Tribune,"Stop telling people they are old and ugly, says Samina",NEUTRAL,NEUTRAL,,,,,,,,,,,,,,,,,,,,,,,,,,,,,,,,,,,,,,,,,,,,,,,,,,,,,
Tribune,"Pakistan, UAE reaffirm commitment to peace",NEUTRAL,POSITIVE,,,,,,,,,,,,,,,,,,,,,,,,,,,,,,,,,,,,,,,,,,,,,,,,,,,,,
Tribune,SC slams police over seized vehicles,NEUTRAL,NEUTRAL,,,,,,,,,,,,,,,,,,,,,,,,,,,,,,,,,,,,,,,,,,,,,,,,,,,,,
Tribune,Sindh to unveil Rs1t budget for 2025-26,NEUTRAL,NEUTRAL,,,,,,,,,,,,,,,,,,,,,,,,,,,,,,,,,,,,,,,,,,,,,,,,,,,,,
Tribune,Pakistan secures $700m loan for Reko Diq,NEUTRAL,POSITIVE,,,,,,,,,,,,,,,,,,,,,,,,,,,,,,,,,,,,,,,,,,,,,,,,,,,,,
Tribune,My last few games were ordinary: Mathews,NEUTRAL,POSITIVE,,,,,,,,,,,,,,,,,,,,,,,,,,,,,,,,,,,,,,,,,,,,,,,,,,,,,
Tribune,Migrants flee N Ireland unrest,NEUTRAL,NEGATIVE,,,,,,,,,,,,,,,,,,,,,,,,,,,,,,,,,,,,,,,,,,,,,,,,,,,,,
Tribune,Work on Lodhran's first dual carriageway resumes,NEUTRAL,NEUTRAL,,,,,,,,,,,,,,,,,,,,,,,,,,,,,,,,,,,,,,,,,,,,,,,,,,,,,
Tribune,4 killed in tribal ambush,NEUTRAL,NEGATIVE,,,,,,,,,,,,,,,,,,,,,,,,,,,,,,,,,,,,,,,,,,,,,,,,,,,,,
Tribune,"Man, mother gunned down",NEUTRAL,NEUTRAL,,,,,,,,,,,,,,,,,,,,,,,,,,,,,,,,,,,,,,,,,,,,,,,,,,,,,
Tribune,'Sindh committed to eradicating child labour',NEUTRAL,NEUTRAL,,,,,,,,,,,,,,,,,,,,,,,,,,,,,,,,,,,,,,,,,,,,,,,,,,,,,
Tribune,"Rains, thundershower expected from June 13",NEUTRAL,NEUTRAL,,,,,,,,,,,,,,,,,,,,,,,,,,,,,,,,,,,,,,,,,,,,,,,,,,,,,
Tribune,"Pak to tour WI for ODIs, T20s in July",NEUTRAL,NEUTRAL,,,,,,,,,,,,,,,,,,,,,,,,,,,,,,,,,,,,,,,,,,,,,,,,,,,,,
Tribune,PSX retreats from record on profit-taking,NEUTRAL,NEUTRAL,,,,,,,,,,,,,,,,,,,,,,,,,,,,,,,,,,,,,,,,,,,,,,,,,,,,,
Tribune,Passenger car sales jump 32% in 11 months,NEUTRAL,NEUTRAL,,,,,,,,,,,,,,,,,,,,,,,,,,,,,,,,,,,,,,,,,,,,,,,,,,,,,
Tribune,Akram praises his statue amid social media flak,NEUTRAL,NEUTRAL,,,,,,,,,,,,,,,,,,,,,,,,,,,,,,,,,,,,,,,,,,,,,,,,,,,,,
Tribune,265 perish in India's worst air disaster,NEGATIVE,NEGATIVE,,,,,,,,,,,,,,,,,,,,,,,,,,,,,,,,,,,,,,,,,,,,,,,,,,,,,
Tribune,122m forcibly displaced worldwide 'untenably high': UN,NEUTRAL,NEUTRAL,,,,,,,,,,,,,,,,,,,,,,,,,,,,,,,,,,,,,,,,,,,,,,,,,,,,,
Tribune,Egypt detains over 200 activists ahead of Gaza aid march,NEUTRAL,NEUTRAL,,,,,,,,,,,,,,,,,,,,,,,,,,,,,,,,,,,,,,,,,,,,,,,,,,,,,
Tribune,Child workers driven toward education: CM,NEGATIVE,NEUTRAL,,,,,,,,,,,,,,,,,,,,,,,,,,,,,,,,,,,,,,,,,,,,,,,,,,,,,
Tribune,"Truck, loader rickshaw impounded after fatal crash",NEUTRAL,NEGATIVE,,,,,,,,,,,,,,,,,,,,,,,,,,,,,,,,,,,,,,,,,,,,,,,,,,,,,
Tribune,JSM stages strike against lawlessness,NEGATIVE,NEGATIVE,,,,,,,,,,,,,,,,,,,,,,,,,,,,,,,,,,,,,,,,,,,,,,,,,,,,,
Tribune,Eid and Gaza,NEUTRAL,NEGATIVE,,,,,,,,,,,,,,,,,,,,,,,,,,,,,,,,,,,,,,,,,,,,,,,,,,,,,
Tribune,Motorway police urge heatwave caution,NEUTRAL,NEUTRAL,,,,,,,,,,,,,,,,,,,,,,,,,,,,,,,,,,,,,,,,,,,,,,,,,,,,,
Tribune,GDP figure based on old data,NEUTRAL,NEUTRAL,,,,,,,,,,,,,,,,,,,,,,,,,,,,,,,,,,,,,,,,,,,,,,,,,,,,,
Tribune,Stoic Roman emperor subject of new exhibition,POSITIVE,NEUTRAL,,,,,,,,,,,,,,,,,,,,,,,,,,,,,,,,,,,,,,,,,,,,,,,,,,,,,
Tribune,Pakistan extends condolences to India,NEGATIVE,NEGATIVE,,,,,,,,,,,,,,,,,,,,,,,,,,,,,,,,,,,,,,,,,,,,,,,,,,,,,
Tribune,"After nightfall, robbers prowl Shahrah-e-Bhutto",NEUTRAL,NEUTRAL,,,,,,,,,,,,,,,,,,,,,,,,,,,,,,,,,,,,,,,,,,,,,,,,,,,,,
Tribune,PMDC introduces new MDCAT syllabus,NEUTRAL,NEUTRAL,,,,,,,,,,,,,,,,,,,,,,,,,,,,,,,,,,,,,,,,,,,,,,,,,,,,,
Tribune,Brian Wilson of Beach Boys dies aged 82,NEUTRAL,POSITIVE,,,,,,,,,,,,,,,,,,,,,,,,,,,,,,,,,,,,,,,,,,,,,,,,,,,,,
Tribune,K-P to unveil Rs21b health outlay,NEUTRAL,NEUTRAL,,,,,,,,,,,,,,,,,,,,,,,,,,,,,,,,,,,,,,,,,,,,,,,,,,,,,
Tribune,Call to expedite work on Polyclinic Hospital,NEGATIVE,NEUTRAL,,,,,,,,,,,,,,,,,,,,,,,,,,,,,,,,,,,,,,,,,,,,,,,,,,,,,
Tribune,From knowing to painting thyself,NEUTRAL,NEUTRAL,,,,,,,,,,,,,,,,,,,,,,,,,,,,,,,,,,,,,,,,,,,,,,,,,,,,,
Tribune,13 held for swimming in canal,NEUTRAL,NEGATIVE,,,,,,,,,,,,,,,,,,,,,,,,,,,,,,,,,,,,,,,,,,,,,,,,,,,,,
Tribune,Death toll in S Africa floods rises to 78,POSITIVE,NEGATIVE,,,,,,,,,,,,,,,,,,,,,,,,,,,,,,,,,,,,,,,,,,,,,,,,,,,,,
Tribune,Cop suspected in double murder,POSITIVE,NEGATIVE,,,,,,,,,,,,,,,,,,,,,,,,,,,,,,,,,,,,,,,,,,,,,,,,,,,,,
Tribune,PHC seeks answers on Hayatabad crime surge,NEUTRAL,NEUTRAL,,,,,,,,,,,,,,,,,,,,,,,,,,,,,,,,,,,,,,,,,,,,,,,,,,,,,
Tribune,Tuchel wants Bellingham to inspire England,NEUTRAL,NEUTRAL,,,,,,,,,,,,,,,,,,,,,,,,,,,,,,,,,,,,,,,,,,,,,,,,,,,,,
Tribune,Day against Child Labour observed,NEUTRAL,NEGATIVE,,,,,,,,,,,,,,,,,,,,,,,,,,,,,,,,,,,,,,,,,,,,,,,,,,,,,
Tribune,US lawmakers approve $9b of Elon Musk's federal cuts,NEUTRAL,NEUTRAL,,,,,,,,,,,,,,,,,,,,,,,,,,,,,,,,,,,,,,,,,,,,,,,,,,,,,
Tribune,Who raised parliament custodians' salaries,NEUTRAL,NEUTRAL,,,,,,,,,,,,,,,,,,,,,,,,,,,,,,,,,,,,,,,,,,,,,,,,,,,,,
Tribune,Govt urged to take back harsh tax steps,NEUTRAL,NEGATIVE,,,,,,,,,,,,,,,,,,,,,,,,,,,,,,,,,,,,,,,,,,,,,,,,,,,,,
Tribune,Pakistan makes a pitch for regional peace at Brussels,NEUTRAL,POSITIVE,,,,,,,,,,,,,,,,,,,,,,,,,,,,,,,,,,,,,,,,,,,,,,,,,,,,,
Tribune,China shoppers swap luxury for pre-loved,NEUTRAL,NEUTRAL,,,,,,,,,,,,,,,,,,,,,,,,,,,,,,,,,,,,,,,,,,,,,,,,,,,,,
Tribune,India tell Reddy to be ready,NEUTRAL,NEUTRAL,,,,,,,,,,,,,,,,,,,,,,,,,,,,,,,,,,,,,,,,,,,,,,,,,,,,,
Tribune,IHC stops FIA from harassing Farhatullah Babar,NEUTRAL,NEUTRAL,,,,,,,,,,,,,,,,,,,,,,,,,,,,,,,,,,,,,,,,,,,,,,,,,,,,,
Tribune,"Murree, Talagang granted autonomy",NEUTRAL,NEUTRAL,,,,,,,,,,,,,,,,,,,,,,,,,,,,,,,,,,,,,,,,,,,,,,,,,,,,,
Tribune,"IMF positive after trade deals, tariff cuts",NEUTRAL,NEUTRAL,,,,,,,,,,,,,,,,,,,,,,,,,,,,,,,,,,,,,,,,,,,,,,,,,,,,,
Tribune,Are Ibn Khaldun's ideas still relevant for countries like Pakistan?,NEUTRAL,NEUTRAL,,,,,,,,,,,,,,,,,,,,,,,,,,,,,,,,,,,,,,,,,,,,,,,,,,,,,
Tribune,IMF raises eyebrows over Rs344b grant,NEUTRAL,NEUTRAL,,,,,,,,,,,,,,,,,,,,,,,,,,,,,,,,,,,,,,,,,,,,,,,,,,,,,
Tribune,"President, PM urge efforts to end child labour",NEUTRAL,NEUTRAL,,,,,,,,,,,,,,,,,,,,,,,,,,,,,,,,,,,,,,,,,,,,,,,,,,,,,
Tribune,Iqbal highlights development priorities,NEUTRAL,NEUTRAL,,,,,,,,,,,,,,,,,,,,,,,,,,,,,,,,,,,,,,,,,,,,,,,,,,,,,
Tribune,Trump boasts troops making Los Angeles 'safe',NEUTRAL,NEUTRAL,,,,,,,,,,,,,,,,,,,,,,,,,,,,,,,,,,,,,,,,,,,,,,,,,,,,,
Tribune,The corridor that redrew the map,NEUTRAL,NEUTRAL,,,,,,,,,,,,,,,,,,,,,,,,,,,,,,,,,,,,,,,,,,,,,,,,,,,,,
Tribune,Punjab held back Rs2b sugarcane fund,NEUTRAL,NEUTRAL,,,,,,,,,,,,,,,,,,,,,,,,,,,,,,,,,,,,,,,,,,,,,,,,,,,,,
Tribune,Reserves hit 3-year high at $16.9b,NEGATIVE,NEUTRAL,,,,,,,,,,,,,,,,,,,,,,,,,,,,,,,,,,,,,,,,,,,,,,,,,,,,,
Tribune,"Foreign minister, US diplomat discuss ties",NEGATIVE,NEUTRAL,,,,,,,,,,,,,,,,,,,,,,,,,,,,,,,,,,,,,,,,,,,,,,,,,,,,,
Tribune,Pindi sears at 45°C,POSITIVE,NEUTRAL,,,,,,,,,,,,,,,,,,,,,,,,,,,,,,,,,,,,,,,,,,,,,,,,,,,,,
Tribune,Traders seek urgent consultation,NEUTRAL,NEGATIVE,,,,,,,,,,,,,,,,,,,,,,,,,,,,,,,,,,,,,,,,,,,,,,,,,,,,,
Tribune,Harvey Weinstein found guilty,NEUTRAL,NEUTRAL,,,,,,,,,,,,,,,,,,,,,,,,,,,,,,,,,,,,,,,,,,,,,,,,,,,,,
Tribune,Sizzling Punjab,NEUTRAL,NEUTRAL,,,,,,,,,,,,,,,,,,,,,,,,,,,,,,,,,,,,,,,,,,,,,,,,,,,,,
Tribune,Traders call federal budget 'cruel and inflationary',NEUTRAL,NEGATIVE,,,,,,,,,,,,,,,,,,,,,,,,,,,,,,,,,,,,,,,,,,,,,,,,,,,,,
Tribune,Adviser oversees firefight effort,NEUTRAL,NEUTRAL,,,,,,,,,,,,,,,,,,,,,,,,,,,,,,,,,,,,,,,,,,,,,,,,,,,,,
Tribune,"Solar net metering to add over 2,600 MW",NEUTRAL,POSITIVE,,,,,,,,,,,,,,,,,,,,,,,,,,,,,,,,,,,,,,,,,,,,,,,,,,,,,
Tribune,Two criminals surrender,NEUTRAL,NEUTRAL,,,,,,,,,,,,,,,,,,,,,,,,,,,,,,,,,,,,,,,,,,,,,,,,,,,,,
Tribune,SA strikes back after Cummins' heroics,NEUTRAL,NEUTRAL,,,,,,,,,,,,,,,,,,,,,,,,,,,,,,,,,,,,,,,,,,,,,,,,,,,,,
Tribune,SC declares digital evidence admissible,NEUTRAL,NEUTRAL,,,,,,,,,,,,,,,,,,,,,,,,,,,,,,,,,,,,,,,,,,,,,,,,,,,,,
Tribune,LHC takes up case against circus cruelty,NEUTRAL,NEUTRAL,,,,,,,,,,,,,,,,,,,,,,,,,,,,,,,,,,,,,,,,,,,,,,,,,,,,,
Tribune,'Over $100b needed for carbon-neutral energy sector',NEUTRAL,NEUTRAL,,,,,,,,,,,,,,,,,,,,,,,,,,,,,,,,,,,,,,,,,,,,,,,,,,,,,
Tribune,Infant smuggling bid thwarted; two female doctors held,NEUTRAL,NEUTRAL,,,,,,,,,,,,,,,,,,,,,,,,,,,,,,,,,,,,,,,,,,,,,,,,,,,,,
Tribune,Pindi's martyred cop laid to rest,NEUTRAL,NEUTRAL,,,,,,,,,,,,,,,,,,,,,,,,,,,,,,,,,,,,,,,,,,,,,,,,,,,,,
Tribune,Women's Squash Clinic held in Karachi,NEUTRAL,POSITIVE,,,,,,,,,,,,,,,,,,,,,,,,,,,,,,,,,,,,,,,,,,,,,,,,,,,,,
Tribune,Israel kills 21 people waiting for aid in Gaza,NEUTRAL,NEGATIVE,,,,,,,,,,,,,,,,,,,,,,,,,,,,,,,,,,,,,,,,,,,,,,,,,,,,,
Tribune,Man hacks wife to death,NEUTRAL,NEGATIVE,,,,,,,,,,,,,,,,,,,,,,,,,,,,,,,,,,,,,,,,,,,,,,,,,,,,,
Tribune,Pakistan sinks to bottom of GGGI,NEUTRAL,NEUTRAL,,,,,,,,,,,,,,,,,,,,,,,,,,,,,,,,,,,,,,,,,,,,,,,,,,,,,
Tribune,Israel appears ready to attack Iran,NEUTRAL,NEUTRAL,,,,,,,,,,,,,,,,,,,,,,,,,,,,,,,,,,,,,,,,,,,,,,,,,,,,,
Tribune,RCB approves Rs7.43b budget for FY26,POSITIVE,NEUTRAL,,,,,,,,,,,,,,,,,,,,,,,,,,,,,,,,,,,,,,,,,,,,,,,,,,,,,
Tribune,JI rejects proposed federal budget,NEUTRAL,NEGATIVE,,,,,,,,,,,,,,,,,,,,,,,,,,,,,,,,,,,,,,,,,,,,,,,,,,,,,
Tribune,Demolition of illegal fourth floor in flats ordered,NEGATIVE,NEUTRAL,,,,,,,,,,,,,,,,,,,,,,,,,,,,,,,,,,,,,,,,,,,,,,,,,,,,,
Tribune,Sydney Sixers publicise Babar Azam's signing,NEGATIVE,NEUTRAL,,,,,,,,,,,,,,,,,,,,,,,,,,,,,,,,,,,,,,,,,,,,,,,,,,,,,
Tribune,Ukrainians beg for news of missing soldiers,NEGATIVE,NEUTRAL,,,,,,,,,,,,,,,,,,,,,,,,,,,,,,,,,,,,,,,,,,,,,,,,,,,,,
Tribune,Pakistan's first open data portal launched,NEUTRAL,POSITIVE,,,,,,,,,,,,,,,,,,,,,,,,,,,,,,,,,,,,,,,,,,,,,,,,,,,,,
Tribune,US anti-immigrant crackdowns,POSITIVE,NEGATIVE,,,,,,,,,,,,,,,,,,,,,,,,,,,,,,,,,,,,,,,,,,,,,,,,,,,,,
Tribune,Trump repeats offer of mediation on Kashmir,NEUTRAL,NEUTRAL,,,,,,,,,,,,,,,,,,,,,,,,,,,,,,,,,,,,,,,,,,,,,,,,,,,,,
Tribune,Hydrocarbon reserves discovered in Khairpur,POSITIVE,NEUTRAL,,,,,,,,,,,,,,,,,,,,,,,,,,,,,,,,,,,,,,,,,,,,,,,,,,,,,
Tribune,After the last word,NEUTRAL,NEUTRAL,,,,,,,,,,,,,,,,,,,,,,,,,,,,,,,,,,,,,,,,,,,,,,,,,,,,,
Tribune,Water cutoff could spark war: Bilawal,NEUTRAL,NEUTRAL,,,,,,,,,,,,,,,,,,,,,,,,,,,,,,,,,,,,,,,,,,,,,,,,,,,,,
Tribune,PA passes multiple resolutions amid quorum crisis,POSITIVE,NEUTRAL,,,,,,,,,,,,,,,,,,,,,,,,,,,,,,,,,,,,,,,,,,,,,,,,,,,,,
Tribune,PTI leaders' interim bail extended,NEUTRAL,NEUTRAL,,,,,,,,,,,,,,,,,,,,,,,,,,,,,,,,,,,,,,,,,,,,,,,,,,,,,
Tribune,"Chicken, garlic prices dip as weekly SPI falls 0.11%",NEUTRAL,NEUTRAL,,,,,,,,,,,,,,,,,,,,,,,,,,,,,,,,,,,,,,,,,,,,,,,,,,,,,
Tribune,Warholm breaks hurdles world record,NEUTRAL,POSITIVE,,,,,,,,,,,,,,,,,,,,,,,,,,,,,,,,,,,,,,,,,,,,,,,,,,,,,
Tribune,Probe begins into RDA scam,NEUTRAL,NEGATIVE,,,,,,,,,,,,,,,,,,,,,,,,,,,,,,,,,,,,,,,,,,,,,,,,,,,,,
Tribune,IHCBA to hold jurists confab on 26th Amendment,NEUTRAL,NEUTRAL,,,,,,,,,,,,,,,,,,,,,,,,,,,,,,,,,,,,,,,,,,,,,,,,,,,,,
Tribune,Respite from merciless heat on horizon,NEUTRAL,NEUTRAL,,,,,,,,,,,,,,,,,,,,,,,,,,,,,,,,,,,,,,,,,,,,,,,,,,,,,
Tribune,CM presents over Rs1tr ADP for 2025-26,NEUTRAL,NEUTRAL,,,,,,,,,,,,,,,,,,,,,,,,,,,,,,,,,,,,,,,,,,,,,,,,,,,,,
Tribune,Trans person shot dead at wedding party,NEUTRAL,NEUTRAL,,,,,,,,,,,,,,,,,,,,,,,,,,,,,,,,,,,,,,,,,,,,,,,,,,,,,
Tribune,PM for awareness on blood donations,NEUTRAL,NEUTRAL,,,,,,,,,,,,,,,,,,,,,,,,,,,,,,,,,,,,,,,,,,,,,,,,,,,,,
Tribune,PSX tumbles on heightened Mideast tensions,NEGATIVE,NEGATIVE,,,,,,,,,,,,,,,,,,,,,,,,,,,,,,,,,,,,,,,,,,,,,,,,,,,,,
Tribune,Israel vs Iran,NEUTRAL,NEGATIVE,,,,,,,,,,,,,,,,,,,,,,,,,,,,,,,,,,,,,,,,,,,,,,,,,,,,,
Tribune,Blacklisted firm declared eligible for NGC tender,NEUTRAL,NEUTRAL,,,,,,,,,,,,,,,,,,,,,,,,,,,,,,,,,,,,,,,,,,,,,,,,,,,,,
Tribune,Bilawal warns of water war risk,NEUTRAL,NEGATIVE,,,,,,,,,,,,,,,,,,,,,,,,,,,,,,,,,,,,,,,,,,,,,,,,,,,,,
Tribune,Melting poles,NEUTRAL,NEGATIVE,,,,,,,,,,,,,,,,,,,,,,,,,,,,,,,,,,,,,,,,,,,,,,,,,,,,,
Tribune,King Tut treasures to be moved to Grand Egyptian Museum,NEUTRAL,NEUTRAL,,,,,,,,,,,,,,,,,,,,,,,,,,,,,,,,,,,,,,,,,,,,,,,,,,,,,
Tribune,7 convicted in UK's latest 'grooming' scandal,NEGATIVE,NEGATIVE,,,,,,,,,,,,,,,,,,,,,,,,,,,,,,,,,,,,,,,,,,,,,,,,,,,,,
Tribune,Iran's missiles rain down on Israel,NEUTRAL,NEGATIVE,,,,,,,,,,,,,,,,,,,,,,,,,,,,,,,,,,,,,,,,,,,,,,,,,,,,,
Tribune,Women's rights and freedom,NEUTRAL,NEUTRAL,,,,,,,,,,,,,,,,,,,,,,,,,,,,,,,,,,,,,,,,,,,,,,,,,,,,,
Tribune,Pakistan airspace operating smoothly,NEUTRAL,POSITIVE,,,,,,,,,,,,,,,,,,,,,,,,,,,,,,,,,,,,,,,,,,,,,,,,,,,,,
Tribune,Trump tells Iran to make deal or face 'more brutal' attacks,NEUTRAL,NEUTRAL,,,,,,,,,,,,,,,,,,,,,,,,,,,,,,,,,,,,,,,,,,,,,,,,,,,,,
Tribune,Omar lambasts govt's 'disastrous' policies,NEUTRAL,NEGATIVE,,,,,,,,,,,,,,,,,,,,,,,,,,,,,,,,,,,,,,,,,,,,,,,,,,,,,
Tribune,Should men on screen hide their chest hair?,NEUTRAL,NEGATIVE,,,,,,,,,,,,,,,,,,,,,,,,,,,,,,,,,,,,,,,,,,,,,,,,,,,,,
Tribune,Two 'cops' caught using fake currency,NEGATIVE,NEGATIVE,,,,,,,,,,,,,,,,,,,,,,,,,,,,,,,,,,,,,,,,,,,,,,,,,,,,,
Tribune,Pakistan-UAE JMC to be held in Abu Dhabi,NEGATIVE,NEUTRAL,,,,,,,,,,,,,,,,,,,,,,,,,,,,,,,,,,,,,,,,,,,,,,,,,,,,,
Tribune,Japan cricket fights obscurity amid threats,NEUTRAL,POSITIVE,,,,,,,,,,,,,,,,,,,,,,,,,,,,,,,,,,,,,,,,,,,,,,,,,,,,,
Tribune,Sindh agriculture gets Rs133b,NEUTRAL,NEUTRAL,,,,,,,,,,,,,,,,,,,,,,,,,,,,,,,,,,,,,,,,,,,,,,,,,,,,,
Tribune,Rs1.4b earmarked for Sindh PITP Phase-II,NEUTRAL,POSITIVE,,,,,,,,,,,,,,,,,,,,,,,,,,,,,,,,,,,,,,,,,,,,,,,,,,,,,
Tribune,Rs2.92bn earmarked for 65 sports development schemes,NEUTRAL,NEUTRAL,,,,,,,,,,,,,,,,,,,,,,,,,,,,,,,,,,,,,,,,,,,,,,,,,,,,,
Tribune,Joy spread among orphans on Children's Day,NEUTRAL,POSITIVE,,,,,,,,,,,,,,,,,,,,,,,,,,,,,,,,,,,,,,,,,,,,,,,,,,,,,
Tribune,Four get death penalty for juvenile's murder,NEUTRAL,NEGATIVE,,,,,,,,,,,,,,,,,,,,,,,,,,,,,,,,,,,,,,,,,,,,,,,,,,,,,
Tribune,Health budget up by eight per cent,NEUTRAL,POSITIVE,,,,,,,,,,,,,,,,,,,,,,,,,,,,,,,,,,,,,,,,,,,,,,,,,,,,,
Tribune,Gender gap crisis,POSITIVE,NEGATIVE,,,,,,,,,,,,,,,,,,,,,,,,,,,,,,,,,,,,,,,,,,,,,,,,,,,,,
Tribune,"Pakistan, WHO rally for life-saving blood donation",NEUTRAL,NEUTRAL,,,,,,,,,,,,,,,,,,,,,,,,,,,,,,,,,,,,,,,,,,,,,,,,,,,,,
Tribune,"Sadiq, Gilani deny role in salary hike",POSITIVE,NEUTRAL,,,,,,,,,,,,,,,,,,,,,,,,,,,,,,,,,,,,,,,,,,,,,,,,,,,,,
Tribune,Three illegal fuel units sealed in crackdown,NEUTRAL,NEUTRAL,,,,,,,,,,,,,,,,,,,,,,,,,,,,,,,,,,,,,,,,,,,,,,,,,,,,,
Tribune,Consumers demand audit before tariff hike,NEUTRAL,NEUTRAL,,,,,,,,,,,,,,,,,,,,,,,,,,,,,,,,,,,,,,,,,,,,,,,,,,,,,
Tribune,'May their families find strength',NEUTRAL,NEGATIVE,,,,,,,,,,,,,,,,,,,,,,,,,,,,,,,,,,,,,,,,,,,,,,,,,,,,,
Tribune,Judge declares mistrial on Weinstein rape charge,NEUTRAL,NEGATIVE,,,,,,,,,,,,,,,,,,,,,,,,,,,,,,,,,,,,,,,,,,,,,,,,,,,,,
Tribune,Achakzai warns of proxy war fallout,NEUTRAL,NEGATIVE,,,,,,,,,,,,,,,,,,,,,,,,,,,,,,,,,,,,,,,,,,,,,,,,,,,,,
Tribune,Budget unveiled amid standoff,NEUTRAL,NEUTRAL,,,,,,,,,,,,,,,,,,,,,,,,,,,,,,,,,,,,,,,,,,,,,,,,,,,,,
Tribune,ASI among three held for robbing citizen,NEUTRAL,NEGATIVE,,,,,,,,,,,,,,,,,,,,,,,,,,,,,,,,,,,,,,,,,,,,,,,,,,,,,
Tribune,Illegal gun trade escapes crackdown,NEUTRAL,NEGATIVE,,,,,,,,,,,,,,,,,,,,,,,,,,,,,,,,,,,,,,,,,,,,,,,,,,,,,
Tribune,Hearing of eleven May 9 cases today,NEUTRAL,NEUTRAL,,,,,,,,,,,,,,,,,,,,,,,,,,,,,,,,,,,,,,,,,,,,,,,,,,,,,
Tribune,Debate opens in Senate amid fierce criticism,NEGATIVE,NEGATIVE,,,,,,,,,,,,,,,,,,,,,,,,,,,,,,,,,,,,,,,,,,,,,,,,,,,,,
Tribune,PM orders safe return of zaireen from Iran,NEUTRAL,NEUTRAL,,,,,,,,,,,,,,,,,,,,,,,,,,,,,,,,,,,,,,,,,,,,,,,,,,,,,
Tribune,Gulf countries fear Israel-Iran spillover,NEUTRAL,NEGATIVE,,,,,,,,,,,,,,,,,,,,,,,,,,,,,,,,,,,,,,,,,,,,,,,,,,,,,
Tribune,"Pro-Gaza activists 'stopped in Libya, Egypt'",NEUTRAL,NEUTRAL,,,,,,,,,,,,,,,,,,,,,,,,,,,,,,,,,,,,,,,,,,,,,,,,,,,,,
Tribune,Seven teams to compete in KPL three,NEUTRAL,POSITIVE,,,,,,,,,,,,,,,,,,,,,,,,,,,,,,,,,,,,,,,,,,,,,,,,,,,,,
Tribune,Airlines halt many Middle East flights,NEGATIVE,NEGATIVE,,,,,,,,,,,,,,,,,,,,,,,,,,,,,,,,,,,,,,,,,,,,,,,,,,,,,
Tribune,Oil up 6% as Israel strikes avoid oil sites,NEUTRAL,NEUTRAL,,,,,,,,,,,,,,,,,,,,,,,,,,,,,,,,,,,,,,,,,,,,,,,,,,,,,
Tribune,UNGA demands immediate Gaza ceasefire,NEGATIVE,NEUTRAL,,,,,,,,,,,,,,,,,,,,,,,,,,,,,,,,,,,,,,,,,,,,,,,,,,,,,
Tribune,Senate passes bill on seminary registration,NEUTRAL,NEUTRAL,,,,,,,,,,,,,,,,,,,,,,,,,,,,,,,,,,,,,,,,,,,,,,,,,,,,,
Tribune,K-P hikes education budget by 11%,NEUTRAL,POSITIVE,,,,,,,,,,,,,,,,,,,,,,,,,,,,,,,,,,,,,,,,,,,,,,,,,,,,,
Tribune,K-P proposes Rs157b surplus in Rs2.1tr budget,NEUTRAL,NEUTRAL,,,,,,,,,,,,,,,,,,,,,,,,,,,,,,,,,,,,,,,,,,,,,,,,,,,,,
Tribune,Optical delusions,NEUTRAL,NEGATIVE,,,,,,,,,,,,,,,,,,,,,,,,,,,,,,,,,,,,,,,,,,,,,,,,,,,,,
Tribune,President meet splits PPP's Pindi chapter,NEUTRAL,NEUTRAL,,,,,,,,,,,,,,,,,,,,,,,,,,,,,,,,,,,,,,,,,,,,,,,,,,,,,
Tribune,Piastri sees 'cooler' stats ahead of Canada GP,NEUTRAL,POSITIVE,,,,,,,,,,,,,,,,,,,,,,,,,,,,,,,,,,,,,,,,,,,,,,,,,,,,,
Tribune,Labour bodies slam 'anti-worker budget',NEUTRAL,NEUTRAL,,,,,,,,,,,,,,,,,,,,,,,,,,,,,,,,,,,,,,,,,,,,,,,,,,,,,
Tribune,Liverpool bank on 'world-class' Wirtz,NEUTRAL,POSITIVE,,,,,,,,,,,,,,,,,,,,,,,,,,,,,,,,,,,,,,,,,,,,,,,,,,,,,
Tribune,Bayern eye Club World Cup treasures,NEUTRAL,NEUTRAL,,,,,,,,,,,,,,,,,,,,,,,,,,,,,,,,,,,,,,,,,,,,,,,,,,,,,
Tribune,Water crisis hits twin cities,NEUTRAL,NEUTRAL,,,,,,,,,,,,,,,,,,,,,,,,,,,,,,,,,,,,,,,,,,,,,,,,,,,,,
Tribune,WB approves $700m Reko Diq loan,NEUTRAL,NEUTRAL,,,,,,,,,,,,,,,,,,,,,,,,,,,,,,,,,,,,,,,,,,,,,,,,,,,,,
Tribune,Sana Mir takes centre-stage with bell-ringing at Lord's,NEUTRAL,NEUTRAL,,,,,,,,,,,,,,,,,,,,,,,,,,,,,,,,,,,,,,,,,,,,,,,,,,,,,
Tribune,Balochistan reviews monsoon readiness,NEUTRAL,NEUTRAL,,,,,,,,,,,,,,,,,,,,,,,,,,,,,,,,,,,,,,,,,,,,,,,,,,,,,
Tribune,WTC final evenly poised at Lord's,NEUTRAL,NEUTRAL,,,,,,,,,,,,,,,,,,,,,,,,,,,,,,,,,,,,,,,,,,,,,,,,,,,,,
Tribune,Free health camp set up for workers,NEUTRAL,NEUTRAL,,,,,,,,,,,,,,,,,,,,,,,,,,,,,,,,,,,,,,,,,,,,,,,,,,,,,
Tribune,"Sindh budget focuses on social, urban uplift",NEUTRAL,NEUTRAL,,,,,,,,,,,,,,,,,,,,,,,,,,,,,,,,,,,,,,,,,,,,,,,,,,,,,
Tribune,SBP pumps Rs13.5tr,NEUTRAL,NEUTRAL,,,,,,,,,,,,,,,,,,,,,,,,,,,,,,,,,,,,,,,,,,,,,,,,,,,,,
Tribune,SBP set to hold rateover inflation risks,NEUTRAL,NEUTRAL,,,,,,,,,,,,,,,,,,,,,,,,,,,,,,,,,,,,,,,,,,,,,,,,,,,,,
Tribune,Viral Japanese 'Insta-gran' photographer dies aged 97,NEGATIVE,POSITIVE,,,,,,,,,,,,,,,,,,,,,,,,,,,,,,,,,,,,,,,,,,,,,,,,,,,,,
Tribune,Non-development spending outpaces development growth,NEUTRAL,NEUTRAL,,,,,,,,,,,,,,,,,,,,,,,,,,,,,,,,,,,,,,,,,,,,,,,,,,,,,
Tribune,Sharjeel slams MQM-PTI alliance,NEUTRAL,NEUTRAL,,,,,,,,,,,,,,,,,,,,,,,,,,,,,,,,,,,,,,,,,,,,,,,,,,,,,
Tribune,'Cross-examination can't be denied',NEUTRAL,NEUTRAL,,,,,,,,,,,,,,,,,,,,,,,,,,,,,,,,,,,,,,,,,,,,,,,,,,,,,
Tribune,Salaried class to pay Rs535b despite minor relief,NEUTRAL,NEUTRAL,,,,,,,,,,,,,,,,,,,,,,,,,,,,,,,,,,,,,,,,,,,,,,,,,,,,,
Tribune,Alhamra chairman receives French cultural award,NEGATIVE,NEUTRAL,,,,,,,,,,,,,,,,,,,,,,,,,,,,,,,,,,,,,,,,,,,,,,,,,,,,,
Tribune,CM unveils plans for city's revamp,NEUTRAL,POSITIVE,,,,,,,,,,,,,,,,,,,,,,,,,,,,,,,,,,,,,,,,,,,,,,,,,,,,,
Tribune,Nuclear arms spending up 11% in 2024,NEUTRAL,NEUTRAL,,,,,,,,,,,,,,,,,,,,,,,,,,,,,,,,,,,,,,,,,,,,,,,,,,,,,
Tribune,Carbon levy feared to eat into industry finances,NEUTRAL,NEUTRAL,,,,,,,,,,,,,,,,,,,,,,,,,,,,,,,,,,,,,,,,,,,,,,,,,,,,,
Tribune,Sindh jacks up education budget by 18 per cent,NEGATIVE,NEUTRAL,,,,,,,,,,,,,,,,,,,,,,,,,,,,,,,,,,,,,,,,,,,,,,,,,,,,,
Tribune,CM promises facilities for special persons,NEGATIVE,NEUTRAL,,,,,,,,,,,,,,,,,,,,,,,,,,,,,,,,,,,,,,,,,,,,,,,,,,,,,
Tribune,From forerunner to far-runner,NEGATIVE,NEUTRAL,,,,,,,,,,,,,,,,,,,,,,,,,,,,,,,,,,,,,,,,,,,,,,,,,,,,,
Tribune,"Woman dies, three daughters injured in alleged police raid",NEUTRAL,NEGATIVE,,,,,,,,,,,,,,,,,,,,,,,,,,,,,,,,,,,,,,,,,,,,,,,,,,,,,
Tribune,Design students turn heads at fashion show,NEGATIVE,POSITIVE,,,,,,,,,,,,,,,,,,,,,,,,,,,,,,,,,,,,,,,,,,,,,,,,,,,,,
Tribune,Trump and ancient Chinese wisdom,NEUTRAL,NEUTRAL,,,,,,,,,,,,,,,,,,,,,,,,,,,,,,,,,,,,,,,,,,,,,,,,,,,,,
Tribune,Confusion reigns as PPP sends mixed signals on budget protest,NEGATIVE,NEGATIVE,,,,,,,,,,,,,,,,,,,,,,,,,,,,,,,,,,,,,,,,,,,,,,,,,,,,,
Tribune,Delay in road project irks Jhelum residents,NEGATIVE,NEGATIVE,,,,,,,,,,,,,,,,,,,,,,,,,,,,,,,,,,,,,,,,,,,,,,,,,,,,,
Tribune,Haute hats hover at UK horse racing event,NEUTRAL,POSITIVE,,,,,,,,,,,,,,,,,,,,,,,,,,,,,,,,,,,,,,,,,,,,,,,,,,,,,
Tribune,Pakistan condemns Israeli strikes on Iran,NEUTRAL,NEUTRAL,,,,,,,,,,,,,,,,,,,,,,,,,,,,,,,,,,,,,,,,,,,,,,,,,,,,,
Tribune,Punjab unveils security plan for Muharram observances,NEGATIVE,NEUTRAL,,,,,,,,,,,,,,,,,,,,,,,,,,,,,,,,,,,,,,,,,,,,,,,,,,,,,
Tribune,US Marines deployed to LA,NEUTRAL,NEUTRAL,,,,,,,,,,,,,,,,,,,,,,,,,,,,,,,,,,,,,,,,,,,,,,,,,,,,,
Tribune,Sectarianism stoked to block Islamic rule: Fazl,NEUTRAL,NEGATIVE,,,,,,,,,,,,,,,,,,,,,,,,,,,,,,,,,,,,,,,,,,,,,,,,,,,,,
Tribune,More than just a drink,NEUTRAL,NEUTRAL,,,,,,,,,,,,,,,,,,,,,,,,,,,,,,,,,,,,,,,,,,,,,,,,,,,,,
Tribune,Speak gently,NEUTRAL,NEGATIVE,,,,,,,,,,,,,,,,,,,,,,,,,,,,,,,,,,,,,,,,,,,,,,,,,,,,,
Tribune,K-P govt seeks party status in reserved seats case,NEGATIVE,NEUTRAL,,,,,,,,,,,,,,,,,,,,,,,,,,,,,,,,,,,,,,,,,,,,,,,,,,,,,
Tribune,Minister's Bajaur house targeted once again,NEUTRAL,NEGATIVE,,,,,,,,,,,,,,,,,,,,,,,,,,,,,,,,,,,,,,,,,,,,,,,,,,,,,
Tribune,Cop shot dead in Battagram,NEGATIVE,NEGATIVE,,,,,,,,,,,,,,,,,,,,,,,,,,,,,,,,,,,,,,,,,,,,,,,,,,,,,
Tribune,Centre agrees to resolve 'financial matters',NEUTRAL,NEUTRAL,,,,,,,,,,,,,,,,,,,,,,,,,,,,,,,,,,,,,,,,,,,,,,,,,,,,,
Tribune,"PTI slams govt over 'bad economy, load-shedding'",POSITIVE,NEGATIVE,,,,,,,,,,,,,,,,,,,,,,,,,,,,,,,,,,,,,,,,,,,,,,,,,,,,,
Tribune,Man commits suicide after killing ex-wife,NEGATIVE,NEGATIVE,,,,,,,,,,,,,,,,,,,,,,,,,,,,,,,,,,,,,,,,,,,,,,,,,,,,,
Tribune,Attempt to marry off 13-year-old girl foiled,NEGATIVE,NEUTRAL,,,,,,,,,,,,,,,,,,,,,,,,,,,,,,,,,,,,,,,,,,,,,,,,,,,,,
Tribune,Diesel most exposed to Mideast conflict,NEUTRAL,NEUTRAL,,,,,,,,,,,,,,,,,,,,,,,,,,,,,,,,,,,,,,,,,,,,,,,,,,,,,
Tribune,Pak players to feature in Guyana Super League,NEUTRAL,NEUTRAL,,,,,,,,,,,,,,,,,,,,,,,,,,,,,,,,,,,,,,,,,,,,,,,,,,,,,
Tribune,Drama fest ends with award ceremony,NEGATIVE,POSITIVE,,,,,,,,,,,,,,,,,,,,,,,,,,,,,,,,,,,,,,,,,,,,,,,,,,,,,
Tribune,India's bid to isolate Pakistan at FATF fails,NEUTRAL,NEGATIVE,,,,,,,,,,,,,,,,,,,,,,,,,,,,,,,,,,,,,,,,,,,,,,,,,,,,,
Tribune,PPP distances itself from budget prep,NEUTRAL,NEGATIVE,,,,,,,,,,,,,,,,,,,,,,,,,,,,,,,,,,,,,,,,,,,,,,,,,,,,,
Tribune,Karachi in grip of 'severe heatwave',NEGATIVE,NEUTRAL,,,,,,,,,,,,,,,,,,,,,,,,,,,,,,,,,,,,,,,,,,,,,,,,,,,,,
Tribune,CM hails women's interest in digital empowerment,NEGATIVE,POSITIVE,,,,,,,,,,,,,,,,,,,,,,,,,,,,,,,,,,,,,,,,,,,,,,,,,,,,,
Tribune,Gunfire targets MQM-P leader's home,NEUTRAL,NEGATIVE,,,,,,,,,,,,,,,,,,,,,,,,,,,,,,,,,,,,,,,,,,,,,,,,,,,,,
Tribune,"Iran, Israel exchange massive strikes as conflict escalates",NEUTRAL,NEGATIVE,,,,,,,,,,,,,,,,,,,,,,,,,,,,,,,,,,,,,,,,,,,,,,,,,,,,,
Tribune,Dualisation of Pindi-Kahuta Road greenlit,NEGATIVE,NEUTRAL,,,,,,,,,,,,,,,,,,,,,,,,,,,,,,,,,,,,,,,,,,,,,,,,,,,,,
Tribune,PTI plea against state counsel order accepted,NEUTRAL,NEUTRAL,,,,,,,,,,,,,,,,,,,,,,,,,,,,,,,,,,,,,,,,,,,,,,,,,,,,,
Tribune,PM decries Israeli aggression as a threat to regional peace,NEGATIVE,NEUTRAL,,,,,,,,,,,,,,,,,,,,,,,,,,,,,,,,,,,,,,,,,,,,,,,,,,,,,
Tribune,Sir David Beckham achieves ultimate goal,NEUTRAL,POSITIVE,,,,,,,,,,,,,,,,,,,,,,,,,,,,,,,,,,,,,,,,,,,,,,,,,,,,,
Tribune,Hilly areas witness record holiday rush,POSITIVE,POSITIVE,,,,,,,,,,,,,,,,,,,,,,,,,,,,,,,,,,,,,,,,,,,,,,,,,,,,,
Tribune,A budget of contrasts,NEUTRAL,NEUTRAL,,,,,,,,,,,,,,,,,,,,,,,,,,,,,,,,,,,,,,,,,,,,,,,,,,,,,
Tribune,"Before 18 is not a crime, after 18 is not a cure: rethinking",POSITIVE,NEUTRAL,,,,,,,,,,,,,,,,,,,,,,,,,,,,,,,,,,,,,,,,,,,,,,,,,,,,,
Tribune,"Cop abducted, martyred in Lakki Marwat",NEUTRAL,NEUTRAL,,,,,,,,,,,,,,,,,,,,,,,,,,,,,,,,,,,,,,,,,,,,,,,,,,,,,
Tribune,"Balochistan budget to focus on welfare, uplift",NEUTRAL,POSITIVE,,,,,,,,,,,,,,,,,,,,,,,,,,,,,,,,,,,,,,,,,,,,,,,,,,,,,
Tribune,"As BTS completes 12 years, fans gear up for return",NEGATIVE,NEUTRAL,,,,,,,,,,,,,,,,,,,,,,,,,,,,,,,,,,,,,,,,,,,,,,,,,,,,,
Tribune,ICC turns down India's request to host future WTC finals,POSITIVE,NEUTRAL,,,,,,,,,,,,,,,,,,,,,,,,,,,,,,,,,,,,,,,,,,,,,,,,,,,,,
Tribune,Lawmakers demand tax relief for masses,NEUTRAL,NEUTRAL,,,,,,,,,,,,,,,,,,,,,,,,,,,,,,,,,,,,,,,,,,,,,,,,,,,,,
Tribune,Health experts urge safe meat consumption,NEGATIVE,NEUTRAL,,,,,,,,,,,,,,,,,,,,,,,,,,,,,,,,,,,,,,,,,,,,,,,,,,,,,
Tribune,The insecurity of power,NEUTRAL,NEGATIVE,,,,,,,,,,,,,,,,,,,,,,,,,,,,,,,,,,,,,,,,,,,,,,,,,,,,,
Tribune,SA stun Aus to clinch WTC crown,POSITIVE,NEUTRAL,,,,,,,,,,,,,,,,,,,,,,,,,,,,,,,,,,,,,,,,,,,,,,,,,,,,,
Tribune,May 9 case witnesses record statements,NEGATIVE,NEUTRAL,,,,,,,,,,,,,,,,,,,,,,,,,,,,,,,,,,,,,,,,,,,,,,,,,,,,,
Tribune,PM orders early finalisation of EV policy,NEGATIVE,NEUTRAL,,,,,,,,,,,,,,,,,,,,,,,,,,,,,,,,,,,,,,,,,,,,,,,,,,,,,
Tribune,Gandapur threatens armed march for Imran's release,POSITIVE,NEUTRAL,,,,,,,,,,,,,,,,,,,,,,,,,,,,,,,,,,,,,,,,,,,,,,,,,,,,,
Tribune,Time to de-escalate,POSITIVE,NEGATIVE,,,,,,,,,,,,,,,,,,,,,,,,,,,,,,,,,,,,,,,,,,,,,,,,,,,,,
Tribune,Google wins years-long Mexico antitrust case,NEGATIVE,NEUTRAL,,,,,,,,,,,,,,,,,,,,,,,,,,,,,,,,,,,,,,,,,,,,,,,,,,,,,
Tribune,Rybakina dumped out of Queen's by qualifier Maria,NEUTRAL,NEUTRAL,,,,,,,,,,,,,,,,,,,,,,,,,,,,,,,,,,,,,,,,,,,,,,,,,,,,,
Tribune,Man held for blackmailing woman,NEUTRAL,NEGATIVE,,,,,,,,,,,,,,,,,,,,,,,,,,,,,,,,,,,,,,,,,,,,,,,,,,,,,
Tribune,Babar Azam eager to shine at BBL,NEGATIVE,POSITIVE,,,,,,,,,,,,,,,,,,,,,,,,,,,,,,,,,,,,,,,,,,,,,,,,,,,,,
Tribune,PSX hits record in volatile week,NEUTRAL,NEUTRAL,,,,,,,,,,,,,,,,,,,,,,,,,,,,,,,,,,,,,,,,,,,,,,,,,,,,,
Tribune,Ali Sethi vouches for NY mayor candidate Zohran Mamdani,NEGATIVE,NEUTRAL,,,,,,,,,,,,,,,,,,,,,,,,,,,,,,,,,,,,,,,,,,,,,,,,,,,,,
Tribune,Suspected murderer arrested after four years,NEUTRAL,NEUTRAL,,,,,,,,,,,,,,,,,,,,,,,,,,,,,,,,,,,,,,,,,,,,,,,,,,,,,
Tribune,Messi magic needed for Inter Miami,NEGATIVE,POSITIVE,,,,,,,,,,,,,,,,,,,,,,,,,,,,,,,,,,,,,,,,,,,,,,,,,,,,,
Tribune,Worst foreign policy decision of 21st century,NEUTRAL,NEGATIVE,,,,,,,,,,,,,,,,,,,,,,,,,,,,,,,,,,,,,,,,,,,,,,,,,,,,,
Tribune,"Bring India to table, Bilawal urges world",NEGATIVE,NEUTRAL,,,,,,,,,,,,,,,,,,,,,,,,,,,,,,,,,,,,,,,,,,,,,,,,,,,,,
Tribune,Seven flights cancelled after Iran strikes,NEUTRAL,NEGATIVE,,,,,,,,,,,,,,,,,,,,,,,,,,,,,,,,,,,,,,,,,,,,,,,,,,,,,
Tribune,EPA proposes higher biofuel blending,NEUTRAL,NEUTRAL,,,,,,,,,,,,,,,,,,,,,,,,,,,,,,,,,,,,,,,,,,,,,,,,,,,,,
Tribune,Boeing resumes China deliveries,NEUTRAL,NEUTRAL,,,,,,,,,,,,,,,,,,,,,,,,,,,,,,,,,,,,,,,,,,,,,,,,,,,,,
Tribune,"Dua Lipa, Callum Turner confirm engagement",NEGATIVE,POSITIVE,,,,,,,,,,,,,,,,,,,,,,,,,,,,,,,,,,,,,,,,,,,,,,,,,,,,,
Tribune,PPP leaders' interim bail extended in protest case,NEGATIVE,NEUTRAL,,,,,,,,,,,,,,,,,,,,,,,,,,,,,,,,,,,,,,,,,,,,,,,,,,,,,
Tribune,Reimagining cricket,NEUTRAL,POSITIVE,,,,,,,,,,,,,,,,,,,,,,,,,,,,,,,,,,,,,,,,,,,,,,,,,,,,,
Tribune,PSG sights set on Club World Cup glory,NEUTRAL,POSITIVE,,,,,,,,,,,,,,,,,,,,,,,,,,,,,,,,,,,,,,,,,,,,,,,,,,,,,
Tribune,Faceless customs system rollout halted on flaws,NEGATIVE,NEUTRAL,,,,,,,,,,,,,,,,,,,,,,,,,,,,,,,,,,,,,,,,,,,,,,,,,,,,,
Tribune,Rs20bn development push for Hyderabad misses the basics,NEUTRAL,NEUTRAL,,,,,,,,,,,,,,,,,,,,,,,,,,,,,,,,,,,,,,,,,,,,,,,,,,,,,
Tribune,Rain likely as heatwave eases,NEUTRAL,NEUTRAL,,,,,,,,,,,,,,,,,,,,,,,,,,,,,,,,,,,,,,,,,,,,,,,,,,,,,
Tribune,"Centre, Sindh clash over motorway delay",NEUTRAL,NEUTRAL,,,,,,,,,,,,,,,,,,,,,,,,,,,,,,,,,,,,,,,,,,,,,,,,,,,,,
Tribune,"CM outlines fiscal, development agenda",NEUTRAL,NEUTRAL,,,,,,,,,,,,,,,,,,,,,,,,,,,,,,,,,,,,,,,,,,,,,,,,,,,,,
Tribune,Fertiliser reaches Gwadar via transit trade,NEUTRAL,POSITIVE,,,,,,,,,,,,,,,,,,,,,,,,,,,,,,,,,,,,,,,,,,,,,,,,,,,,,
Tribune,Businessmen reject both budgets,NEUTRAL,NEGATIVE,,,,,,,,,,,,,,,,,,,,,,,,,,,,,,,,,,,,,,,,,,,,,,,,,,,,,
Tribune,Govt borrowing crowds out private sector,NEUTRAL,NEUTRAL,,,,,,,,,,,,,,,,,,,,,,,,,,,,,,,,,,,,,,,,,,,,,,,,,,,,,
Tribune,WWF warns of plastic perils in Pakistan,NEUTRAL,NEGATIVE,,,,,,,,,,,,,,,,,,,,,,,,,,,,,,,,,,,,,,,,,,,,,,,,,,,,,
Tribune,Kanye appears in court to back Diddy,POSITIVE,NEUTRAL,,,,,,,,,,,,,,,,,,,,,,,,,,,,,,,,,,,,,,,,,,,,,,,,,,,,,
Tribune,"Beckham, Oldman knighted",NEUTRAL,POSITIVE,,,,,,,,,,,,,,,,,,,,,,,,,,,,,,,,,,,,,,,,,,,,,,,,,,,,,
Tribune,Panel to monitor impact on oil prices,NEUTRAL,NEUTRAL,,,,,,,,,,,,,,,,,,,,,,,,,,,,,,,,,,,,,,,,,,,,,,,,,,,,,
Tribune,John Lennon love letter goes on sale,NEUTRAL,NEUTRAL,,,,,,,,,,,,,,,,,,,,,,,,,,,,,,,,,,,,,,,,,,,,,,,,,,,,,
Tribune,PSM employees' reinstatement order stayed,NEUTRAL,NEUTRAL,,,,,,,,,,,,,,,,,,,,,,,,,,,,,,,,,,,,,,,,,,,,,,,,,,,,,
Tribune,Asif to compete in CW Championships,NEUTRAL,NEUTRAL,,,,,,,,,,,,,,,,,,,,,,,,,,,,,,,,,,,,,,,,,,,,,,,,,,,,,
Tribune,Police break up Nigeria protest after deadly attack,NEUTRAL,NEGATIVE,,,,,,,,,,,,,,,,,,,,,,,,,,,,,,,,,,,,,,,,,,,,,,,,,,,,,
Tribune,Afghan imports temporarily exempt from certificate,NEUTRAL,NEUTRAL,,,,,,,,,,,,,,,,,,,,,,,,,,,,,,,,,,,,,,,,,,,,,,,,,,,,,
Tribune,Shortage of water – myth or reality,NEUTRAL,NEUTRAL,,,,,,,,,,,,,,,,,,,,,,,,,,,,,,,,,,,,,,,,,,,,,,,,,,,,,
Tribune,Punjab unveils budget today,NEUTRAL,NEUTRAL,,,,,,,,,,,,,,,,,,,,,,,,,,,,,,,,,,,,,,,,,,,,,,,,,,,,,
Tribune,Heatwave halts trading activities,NEUTRAL,NEGATIVE,,,,,,,,,,,,,,,,,,,,,,,,,,,,,,,,,,,,,,,,,,,,,,,,,,,,,
Tribune,TikTok murder highlights Pak's unease with women online,NEUTRAL,NEGATIVE,,,,,,,,,,,,,,,,,,,,,,,,,,,,,,,,,,,,,,,,,,,,,,,,,,,,,
Tribune,From Imperial China to global stage,NEUTRAL,NEUTRAL,,,,,,,,,,,,,,,,,,,,,,,,,,,,,,,,,,,,,,,,,,,,,,,,,,,,,
Tribune,Messi denied late winner in Club World Cup,NEUTRAL,NEUTRAL,,,,,,,,,,,,,,,,,,,,,,,,,,,,,,,,,,,,,,,,,,,,,,,,,,,,,
Tribune,Laughter is strictly prohibited?,NEUTRAL,NEUTRAL,,,,,,,,,,,,,,,,,,,,,,,,,,,,,,,,,,,,,,,,,,,,,,,,,,,,,
Tribune,Meat market gets a facelift,NEUTRAL,NEUTRAL,,,,,,,,,,,,,,,,,,,,,,,,,,,,,,,,,,,,,,,,,,,,,,,,,,,,,
Tribune,Kirsten talks about quitting Pak job,NEUTRAL,NEUTRAL,,,,,,,,,,,,,,,,,,,,,,,,,,,,,,,,,,,,,,,,,,,,,,,,,,,,,
Tribune,Essential items' prices soar after federal budget,NEUTRAL,NEUTRAL,,,,,,,,,,,,,,,,,,,,,,,,,,,,,,,,,,,,,,,,,,,,,,,,,,,,,
Tribune,Sindh Theatre Festival kicks off in Larkana,NEUTRAL,NEUTRAL,,,,,,,,,,,,,,,,,,,,,,,,,,,,,,,,,,,,,,,,,,,,,,,,,,,,,
Tribune,Govt's food price struggle goes on,NEGATIVE,NEUTRAL,,,,,,,,,,,,,,,,,,,,,,,,,,,,,,,,,,,,,,,,,,,,,,,,,,,,,
Tribune,"Ukraine receives another 1,200 bodies from Russia",NEGATIVE,NEGATIVE,,,,,,,,,,,,,,,,,,,,,,,,,,,,,,,,,,,,,,,,,,,,,,,,,,,,,
Tribune,Man City want winning feeling at Club WC,NEGATIVE,NEUTRAL,,,,,,,,,,,,,,,,,,,,,,,,,,,,,,,,,,,,,,,,,,,,,,,,,,,,,
Tribune,Seven killed in India chopper crash,NEGATIVE,NEGATIVE,,,,,,,,,,,,,,,,,,,,,,,,,,,,,,,,,,,,,,,,,,,,,,,,,,,,,
Tribune,Biogas blaze exposes Karachi's waste crisis,NEUTRAL,NEUTRAL,,,,,,,,,,,,,,,,,,,,,,,,,,,,,,,,,,,,,,,,,,,,,,,,,,,,,
Tribune,A raise too far,NEUTRAL,NEGATIVE,,,,,,,,,,,,,,,,,,,,,,,,,,,,,,,,,,,,,,,,,,,,,,,,,,,,,
Tribune,STP stages rally against open sale of narcotics,NEGATIVE,NEUTRAL,,,,,,,,,,,,,,,,,,,,,,,,,,,,,,,,,,,,,,,,,,,,,,,,,,,,,
Tribune,"Teachers decry budget, demand upgrades",NEUTRAL,NEGATIVE,,,,,,,,,,,,,,,,,,,,,,,,,,,,,,,,,,,,,,,,,,,,,,,,,,,,,
Tribune,"Mahateer, Raahim, Kashan reach semis",NEGATIVE,POSITIVE,,,,,,,,,,,,,,,,,,,,,,,,,,,,,,,,,,,,,,,,,,,,,,,,,,,,,
Tribune,Motorcycle thieves caught,NEGATIVE,NEGATIVE,,,,,,,,,,,,,,,,,,,,,,,,,,,,,,,,,,,,,,,,,,,,,,,,,,,,,
Tribune,University employees to protest budget cuts,NEGATIVE,NEGATIVE,,,,,,,,,,,,,,,,,,,,,,,,,,,,,,,,,,,,,,,,,,,,,,,,,,,,,
Tribune,'Dept. Q' delivers grime and grit,NEUTRAL,NEUTRAL,,,,,,,,,,,,,,,,,,,,,,,,,,,,,,,,,,,,,,,,,,,,,,,,,,,,,
Tribune,Call for desilting to prevent monsoon losses,NEGATIVE,NEGATIVE,,,,,,,,,,,,,,,,,,,,,,,,,,,,,,,,,,,,,,,,,,,,,,,,,,,,,
Tribune,Driver burned alive in oil tanker blaze,NEUTRAL,NEGATIVE,,,,,,,,,,,,,,,,,,,,,,,,,,,,,,,,,,,,,,,,,,,,,,,,,,,,,
Tribune,Budget: will it power tech economy or stall its promise?,NEUTRAL,NEUTRAL,,,,,,,,,,,,,,,,,,,,,,,,,,,,,,,,,,,,,,,,,,,,,,,,,,,,,
Tribune,PM hails overseas Pakistanis' contribution,NEUTRAL,POSITIVE,,,,,,,,,,,,,,,,,,,,,,,,,,,,,,,,,,,,,,,,,,,,,,,,,,,,,
Tribune,Delayed drain cleaning ups flood risk,NEUTRAL,NEGATIVE,,,,,,,,,,,,,,,,,,,,,,,,,,,,,,,,,,,,,,,,,,,,,,,,,,,,,
Tribune,Plastic wasteland,NEUTRAL,NEGATIVE,,,,,,,,,,,,,,,,,,,,,,,,,,,,,,,,,,,,,,,,,,,,,,,,,,,,,
Tribune,Families hold funerals for Air India crash victims,NEUTRAL,NEUTRAL,,,,,,,,,,,,,,,,,,,,,,,,,,,,,,,,,,,,,,,,,,,,,,,,,,,,,
Tribune,Love struggle: youth protests in water tank,NEGATIVE,NEUTRAL,,,,,,,,,,,,,,,,,,,,,,,,,,,,,,,,,,,,,,,,,,,,,,,,,,,,,
Tribune,IESCO stops bill payment collection via Pakistan Post,NEUTRAL,NEUTRAL,,,,,,,,,,,,,,,,,,,,,,,,,,,,,,,,,,,,,,,,,,,,,,,,,,,,,
Tribune,Two women arrested in murder case,NEUTRAL,NEUTRAL,,,,,,,,,,,,,,,,,,,,,,,,,,,,,,,,,,,,,,,,,,,,,,,,,,,,,
Tribune,Fuel prices jacked up,NEUTRAL,NEUTRAL,,,,,,,,,,,,,,,,,,,,,,,,,,,,,,,,,,,,,,,,,,,,,,,,,,,,,
Tribune,Gambling apps pose threat to youth,NEUTRAL,NEGATIVE,,,,,,,,,,,,,,,,,,,,,,,,,,,,,,,,,,,,,,,,,,,,,,,,,,,,,
Tribune,"Dar, Turkish FM discuss regional tensions",NEGATIVE,NEUTRAL,,,,,,,,,,,,,,,,,,,,,,,,,,,,,,,,,,,,,,,,,,,,,,,,,,,,,
Tribune,Chahan Dam contracts' issue remains unresolved,NEUTRAL,NEUTRAL,,,,,,,,,,,,,,,,,,,,,,,,,,,,,,,,,,,,,,,,,,,,,,,,,,,,,
Tribune,Ban on plastic bags kicks in from today,NEUTRAL,NEUTRAL,,,,,,,,,,,,,,,,,,,,,,,,,,,,,,,,,,,,,,,,,,,,,,,,,,,,,
Tribune,9 child beggars taken into custody,NEGATIVE,NEUTRAL,,,,,,,,,,,,,,,,,,,,,,,,,,,,,,,,,,,,,,,,,,,,,,,,,,,,,
Tribune,Radiocontrast film shortage stalls diagnosis at govt hospitals,NEGATIVE,NEGATIVE,,,,,,,,,,,,,,,,,,,,,,,,,,,,,,,,,,,,,,,,,,,,,,,,,,,,,
Tribune,Lawyers booked for viral traffic row,NEGATIVE,NEGATIVE,,,,,,,,,,,,,,,,,,,,,,,,,,,,,,,,,,,,,,,,,,,,,,,,,,,,,
Tribune,"Gaza death toll crosses 55,000",NEUTRAL,NEGATIVE,,,,,,,,,,,,,,,,,,,,,,,,,,,,,,,,,,,,,,,,,,,,,,,,,,,,,
Tribune,New police station set up for airport area,NEGATIVE,NEUTRAL,,,,,,,,,,,,,,,,,,,,,,,,,,,,,,,,,,,,,,,,,,,,,,,,,,,,,
Tribune,Solidarity Camp supports Global March to Gaza,NEGATIVE,NEGATIVE,,,,,,,,,,,,,,,,,,,,,,,,,,,,,,,,,,,,,,,,,,,,,,,,,,,,,
Tribune,"Water, sanitation network expanded to 10 cities",NEGATIVE,NEUTRAL,,,,,,,,,,,,,,,,,,,,,,,,,,,,,,,,,,,,,,,,,,,,,,,,,,,,,
Tribune,BCCI announces schedule for New Zealand tour,NEGATIVE,NEUTRAL,,,,,,,,,,,,,,,,,,,,,,,,,,,,,,,,,,,,,,,,,,,,,,,,,,,,,
Tribune,Steve Smith provides injury update,NEUTRAL,NEUTRAL,,,,,,,,,,,,,,,,,,,,,,,,,,,,,,,,,,,,,,,,,,,,,,,,,,,,,
Tribune,Same old dreams,NEUTRAL,NEGATIVE,,,,,,,,,,,,,,,,,,,,,,,,,,,,,,,,,,,,,,,,,,,,,,,,,,,,,
Tribune,Three drown at Sandspit,NEUTRAL,NEGATIVE,,,,,,,,,,,,,,,,,,,,,,,,,,,,,,,,,,,,,,,,,,,,,,,,,,,,,
Tribune,"Plates, pastels, and palette of blue",NEUTRAL,NEUTRAL,,,,,,,,,,,,,,,,,,,,,,,,,,,,,,,,,,,,,,,,,,,,,,,,,,,,,
Tribune,FBR may detain 'tax evaders' sans warrants,NEGATIVE,NEGATIVE,,,,,,,,,,,,,,,,,,,,,,,,,,,,,,,,,,,,,,,,,,,,,,,,,,,,,
Tribune,Residents capture two robbers,NEUTRAL,NEGATIVE,,,,,,,,,,,,,,,,,,,,,,,,,,,,,,,,,,,,,,,,,,,,,,,,,,,,,
Tribune,PTI stares down mounting pressure,NEUTRAL,NEUTRAL,,,,,,,,,,,,,,,,,,,,,,,,,,,,,,,,,,,,,,,,,,,,,,,,,,,,,
Tribune,No ECP appointments sans PM-Opp consultation: NA,NEUTRAL,NEUTRAL,,,,,,,,,,,,,,,,,,,,,,,,,,,,,,,,,,,,,,,,,,,,,,,,,,,,,
Tribune,Realism and shifting tides of international relations,NEUTRAL,NEUTRAL,,,,,,,,,,,,,,,,,,,,,,,,,,,,,,,,,,,,,,,,,,,,,,,,,,,,,
Tribune,KBA denounces parallel body by PBF,NEGATIVE,NEUTRAL,,,,,,,,,,,,,,,,,,,,,,,,,,,,,,,,,,,,,,,,,,,,,,,,,,,,,
Tribune,Sarkozy stripped of France's top honour,NEUTRAL,NEUTRAL,,,,,,,,,,,,,,,,,,,,,,,,,,,,,,,,,,,,,,,,,,,,,,,,,,,,,
Tribune,Woman seeks protection from 'abusive' cop husband,NEGATIVE,NEGATIVE,,,,,,,,,,,,,,,,,,,,,,,,,,,,,,,,,,,,,,,,,,,,,,,,,,,,,
Tribune,K-P provincial budget lauded,NEGATIVE,NEUTRAL,,,,,,,,,,,,,,,,,,,,,,,,,,,,,,,,,,,,,,,,,,,,,,,,,,,,,
Tribune,Zeb thanks PM for support after attack,NEUTRAL,NEUTRAL,,,,,,,,,,,,,,,,,,,,,,,,,,,,,,,,,,,,,,,,,,,,,,,,,,,,,
Tribune,Chances of isolated showers in suburbs,NEUTRAL,NEUTRAL,,,,,,,,,,,,,,,,,,,,,,,,,,,,,,,,,,,,,,,,,,,,,,,,,,,,,
Tribune,"Robbers loot medical store, grocery shops",NEUTRAL,NEGATIVE,,,,,,,,,,,,,,,,,,,,,,,,,,,,,,,,,,,,,,,,,,,,,,,,,,,,,
Tribune,'JUI-F's stance on establishment no secret',NEUTRAL,NEUTRAL,,,,,,,,,,,,,,,,,,,,,,,,,,,,,,,,,,,,,,,,,,,,,,,,,,,,,
Tribune,All-women breast radiation bay construction starts,NEUTRAL,NEUTRAL,,,,,,,,,,,,,,,,,,,,,,,,,,,,,,,,,,,,,,,,,,,,,,,,,,,,,
Tribune,Labourers' kids offered free higher education,POSITIVE,POSITIVE,,,,,,,,,,,,,,,,,,,,,,,,,,,,,,,,,,,,,,,,,,,,,,,,,,,,,
Tribune,The rise of Islamic extremism across the world,NEUTRAL,NEUTRAL,,,,,,,,,,,,,,,,,,,,,,,,,,,,,,,,,,,,,,,,,,,,,,,,,,,,,
Tribune,Sinner to bounce back from FO defeat,NEUTRAL,NEUTRAL,,,,,,,,,,,,,,,,,,,,,,,,,,,,,,,,,,,,,,,,,,,,,,,,,,,,,
Tribune,Iran border crossings in Balochistan sealed,NEUTRAL,NEUTRAL,,,,,,,,,,,,,,,,,,,,,,,,,,,,,,,,,,,,,,,,,,,,,,,,,,,,,
Tribune,Smuggling of innocence,NEUTRAL,NEGATIVE,,,,,,,,,,,,,,,,,,,,,,,,,,,,,,,,,,,,,,,,,,,,,,,,,,,,,
Tribune,PPP women wing leader among 3 slain,NEUTRAL,NEGATIVE,,,,,,,,,,,,,,,,,,,,,,,,,,,,,,,,,,,,,,,,,,,,,,,,,,,,,
Tribune,36 more countries likely to face US travel ban,NEUTRAL,NEUTRAL,,,,,,,,,,,,,,,,,,,,,,,,,,,,,,,,,,,,,,,,,,,,,,,,,,,,,
Tribune,450 pilgrims return from Iran,NEUTRAL,NEUTRAL,,,,,,,,,,,,,,,,,,,,,,,,,,,,,,,,,,,,,,,,,,,,,,,,,,,,,
Tribune,Abbottabad water crisis deepens,NEGATIVE,NEGATIVE,,,,,,,,,,,,,,,,,,,,,,,,,,,,,,,,,,,,,,,,,,,,,,,,,,,,,
Tribune,Taha G gets real about reset and resilience,NEGATIVE,NEUTRAL,,,,,,,,,,,,,,,,,,,,,,,,,,,,,,,,,,,,,,,,,,,,,,,,,,,,,
Tribune,44 houseboats restored at last floating village,NEUTRAL,NEUTRAL,,,,,,,,,,,,,,,,,,,,,,,,,,,,,,,,,,,,,,,,,,,,,,,,,,,,,
Tribune,Post-Hajj flights continue amid tensions,NEGATIVE,NEUTRAL,,,,,,,,,,,,,,,,,,,,,,,,,,,,,,,,,,,,,,,,,,,,,,,,,,,,,
Tribune,"US lawmaker, spouse murdered",NEGATIVE,NEGATIVE,,,,,,,,,,,,,,,,,,,,,,,,,,,,,,,,,,,,,,,,,,,,,,,,,,,,,
Tribune,LHC voids DC rate hike for Kottha Kalan,NEUTRAL,NEUTRAL,,,,,,,,,,,,,,,,,,,,,,,,,,,,,,,,,,,,,,,,,,,,,,,,,,,,,
Tribune,'The Simpsons' has no time for toxic politics,NEUTRAL,NEUTRAL,,,,,,,,,,,,,,,,,,,,,,,,,,,,,,,,,,,,,,,,,,,,,,,,,,,,,
Tribune,PPP workers announce hunger strike,NEUTRAL,NEUTRAL,,,,,,,,,,,,,,,,,,,,,,,,,,,,,,,,,,,,,,,,,,,,,,,,,,,,,
Tribune,Trump eyes Iran-Israel peace via Putin,NEUTRAL,NEUTRAL,,,,,,,,,,,,,,,,,,,,,,,,,,,,,,,,,,,,,,,,,,,,,,,,,,,,,
Tribune,How playing Elizabeth Bennet changed Keira,NEUTRAL,NEUTRAL,,,,,,,,,,,,,,,,,,,,,,,,,,,,,,,,,,,,,,,,,,,,,,,,,,,,,
Tribune,"Digitalisation: avenues, hurdles",NEUTRAL,POSITIVE,,,,,,,,,,,,,,,,,,,,,,,,,,,,,,,,,,,,,,,,,,,,,,,,,,,,,
Tribune,Pak digital economy push praised,NEUTRAL,POSITIVE,,,,,,,,,,,,,,,,,,,,,,,,,,,,,,,,,,,,,,,,,,,,,,,,,,,,,
Tribune,Gandapur slammed over 'irresponsible' remarks,NEUTRAL,NEGATIVE,,,,,,,,,,,,,,,,,,,,,,,,,,,,,,,,,,,,,,,,,,,,,,,,,,,,,
Tribune,"CM, governor offices overspent budget",NEUTRAL,NEUTRAL,,,,,,,,,,,,,,,,,,,,,,,,,,,,,,,,,,,,,,,,,,,,,,,,,,,,,
Tribune,"Iran, Israel trade long-range missile strikes",NEGATIVE,NEGATIVE,,,,,,,,,,,,,,,,,,,,,,,,,,,,,,,,,,,,,,,,,,,,,,,,,,,,,
Tribune,Labubu shines as Pop Mart opens jewellery store,NEUTRAL,POSITIVE,,,,,,,,,,,,,,,,,,,,,,,,,,,,,,,,,,,,,,,,,,,,,,,,,,,,,
Tribune,From mining real gold to digital gold,NEGATIVE,NEUTRAL,,,,,,,,,,,,,,,,,,,,,,,,,,,,,,,,,,,,,,,,,,,,,,,,,,,,,
Tribune,Owners warned as hotel registration deadline passes,NEUTRAL,NEUTRAL,,,,,,,,,,,,,,,,,,,,,,,,,,,,,,,,,,,,,,,,,,,,,,,,,,,,,
Tribune,Poliovirus detected in Hyderabad sample,NEGATIVE,NEUTRAL,,,,,,,,,,,,,,,,,,,,,,,,,,,,,,,,,,,,,,,,,,,,,,,,,,,,,
Tribune,K-P's debt surges over Rs43b in one year,NEGATIVE,NEUTRAL,,,,,,,,,,,,,,,,,,,,,,,,,,,,,,,,,,,,,,,,,,,,,,,,,,,,,
Tribune,G7 leaders hope to avoid Trump clash,NEGATIVE,NEUTRAL,,,,,,,,,,,,,,,,,,,,,,,,,,,,,,,,,,,,,,,,,,,,,,,,,,,,,
Tribune,ICC announce Women's WC schedule,NEUTRAL,POSITIVE,,,,,,,,,,,,,,,,,,,,,,,,,,,,,,,,,,,,,,,,,,,,,,,,,,,,,
Tribune,IHC issues notices in May 9 attack case,NEUTRAL,NEUTRAL,,,,,,,,,,,,,,,,,,,,,,,,,,,,,,,,,,,,,,,,,,,,,,,,,,,,,
Tribune,Govt plans tax to counter India's water threat,NEUTRAL,NEUTRAL,,,,,,,,,,,,,,,,,,,,,,,,,,,,,,,,,,,,,,,,,,,,,,,,,,,,,
Tribune,Pakistan stands with Iran against Israeli atrocities: Nawaz,NEUTRAL,NEUTRAL,,,,,,,,,,,,,,,,,,,,,,,,,,,,,,,,,,,,,,,,,,,,,,,,,,,,,
Tribune,Iranian missiles pierce through Israeli air defences,NEUTRAL,NEGATIVE,,,,,,,,,,,,,,,,,,,,,,,,,,,,,,,,,,,,,,,,,,,,,,,,,,,,,
Tribune,"Education, health get big boost",NEGATIVE,NEUTRAL,,,,,,,,,,,,,,,,,,,,,,,,,,,,,,,,,,,,,,,,,,,,,,,,,,,,,
Tribune,When Pakistani women go online,NEUTRAL,NEGATIVE,,,,,,,,,,,,,,,,,,,,,,,,,,,,,,,,,,,,,,,,,,,,,,,,,,,,,
Tribune,Singapore's Gen Z swaps pints for pour-overs,NEUTRAL,POSITIVE,,,,,,,,,,,,,,,,,,,,,,,,,,,,,,,,,,,,,,,,,,,,,,,,,,,,,
Tribune,PSG cruise to 4-0 win as Atletico wilt in CWC,NEUTRAL,POSITIVE,,,,,,,,,,,,,,,,,,,,,,,,,,,,,,,,,,,,,,,,,,,,,,,,,,,,,
Tribune,The climate clock is ticking!,NEUTRAL,NEUTRAL,,,,,,,,,,,,,,,,,,,,,,,,,,,,,,,,,,,,,,,,,,,,,,,,,,,,,
Tribune,Punjab targets cash-only businesses with fines,NEUTRAL,NEUTRAL,,,,,,,,,,,,,,,,,,,,,,,,,,,,,,,,,,,,,,,,,,,,,,,,,,,,,
Tribune,"Rupee loses 21 paisa on imports, global woes",NEUTRAL,NEUTRAL,,,,,,,,,,,,,,,,,,,,,,,,,,,,,,,,,,,,,,,,,,,,,,,,,,,,,
Tribune,France shuts Israeli weapons booths at Paris Air Show,NEUTRAL,NEGATIVE,,,,,,,,,,,,,,,,,,,,,,,,,,,,,,,,,,,,,,,,,,,,,,,,,,,,,
Tribune,Pak-made football gets global acclaim,NEUTRAL,POSITIVE,,,,,,,,,,,,,,,,,,,,,,,,,,,,,,,,,,,,,,,,,,,,,,,,,,,,,
Tribune,Captain Cummins flags Australia shake-up,NEUTRAL,NEUTRAL,,,,,,,,,,,,,,,,,,,,,,,,,,,,,,,,,,,,,,,,,,,,,,,,,,,,,
Tribune,Pak draw 3-3 with Malaysia in Nations Cup,NEGATIVE,NEUTRAL,,,,,,,,,,,,,,,,,,,,,,,,,,,,,,,,,,,,,,,,,,,,,,,,,,,,,
Tribune,Frustration voiced over policy rate status quo,POSITIVE,NEUTRAL,,,,,,,,,,,,,,,,,,,,,,,,,,,,,,,,,,,,,,,,,,,,,,,,,,,,,
Tribune,Three family members gunned down near Shahpur,NEUTRAL,NEGATIVE,,,,,,,,,,,,,,,,,,,,,,,,,,,,,,,,,,,,,,,,,,,,,,,,,,,,,
Tribune,PSX range bound ahead of monetary policy,NEUTRAL,NEUTRAL,,,,,,,,,,,,,,,,,,,,,,,,,,,,,,,,,,,,,,,,,,,,,,,,,,,,,
Tribune,FATF snub to India,NEGATIVE,NEUTRAL,,,,,,,,,,,,,,,,,,,,,,,,,,,,,,,,,,,,,,,,,,,,,,,,,,,,,
Tribune,Serial child rapist handed down death sentence,NEUTRAL,NEGATIVE,,,,,,,,,,,,,,,,,,,,,,,,,,,,,,,,,,,,,,,,,,,,,,,,,,,,,
Tribune,Five terrorists killed in K-P IBOs,NEUTRAL,NEUTRAL,,,,,,,,,,,,,,,,,,,,,,,,,,,,,,,,,,,,,,,,,,,,,,,,,,,,,
Tribune,"One dead, five injured in suspected targeted attack",NEUTRAL,NEGATIVE,,,,,,,,,,,,,,,,,,,,,,,,,,,,,,,,,,,,,,,,,,,,,,,,,,,,,
Tribune,Carpenter doesn't care about criticism,NEGATIVE,NEUTRAL,,,,,,,,,,,,,,,,,,,,,,,,,,,,,,,,,,,,,,,,,,,,,,,,,,,,,
Tribune,"Rs7.5b agri budget neglects research, seed development",NEUTRAL,NEUTRAL,,,,,,,,,,,,,,,,,,,,,,,,,,,,,,,,,,,,,,,,,,,,,,,,,,,,,
Tribune,Bayern hit 10 against Auckland City,NEUTRAL,NEUTRAL,,,,,,,,,,,,,,,,,,,,,,,,,,,,,,,,,,,,,,,,,,,,,,,,,,,,,
Tribune,Provincial debt rises to Rs1.71 trillion,POSITIVE,NEUTRAL,,,,,,,,,,,,,,,,,,,,,,,,,,,,,,,,,,,,,,,,,,,,,,,,,,,,,
Tribune,Alcaraz ready for Queen's after Ibiza party,POSITIVE,POSITIVE,,,,,,,,,,,,,,,,,,,,,,,,,,,,,,,,,,,,,,,,,,,,,,,,,,,,,
Tribune,'ECP justified in case of 41 candidates',NEUTRAL,NEUTRAL,,,,,,,,,,,,,,,,,,,,,,,,,,,,,,,,,,,,,,,,,,,,,,,,,,,,,
Tribune,Instant ceasefire a must,NEUTRAL,NEUTRAL,,,,,,,,,,,,,,,,,,,,,,,,,,,,,,,,,,,,,,,,,,,,,,,,,,,,,
Tribune,46 Malir Jail escapees remanded to judicial custody,NEUTRAL,NEGATIVE,,,,,,,,,,,,,,,,,,,,,,,,,,,,,,,,,,,,,,,,,,,,,,,,,,,,,
Tribune,K-P Wildlife Dept accused of bid fraud,NEUTRAL,NEGATIVE,,,,,,,,,,,,,,,,,,,,,,,,,,,,,,,,,,,,,,,,,,,,,,,,,,,,,
Tribune,PM wants IT training programmes for youth,NEUTRAL,NEUTRAL,,,,,,,,,,,,,,,,,,,,,,,,,,,,,,,,,,,,,,,,,,,,,,,,,,,,,
Tribune,Rain forecast falls flat on face,NEUTRAL,NEUTRAL,,,,,,,,,,,,,,,,,,,,,,,,,,,,,,,,,,,,,,,,,,,,,,,,,,,,,
Tribune,Judge transfer needs full consensus: CB,POSITIVE,NEUTRAL,,,,,,,,,,,,,,,,,,,,,,,,,,,,,,,,,,,,,,,,,,,,,,,,,,,,,
Tribune,"4,650 harassment cases taken up in four years",NEUTRAL,NEUTRAL,,,,,,,,,,,,,,,,,,,,,,,,,,,,,,,,,,,,,,,,,,,,,,,,,,,,,
Tribune,Sana Yousaf's 'murderer' remanded to police,NEUTRAL,NEUTRAL,,,,,,,,,,,,,,,,,,,,,,,,,,,,,,,,,,,,,,,,,,,,,,,,,,,,,
Tribune,Govt mulls over oil imports via pipelines,NEUTRAL,NEUTRAL,,,,,,,,,,,,,,,,,,,,,,,,,,,,,,,,,,,,,,,,,,,,,,,,,,,,,
Tribune,"Schwarzenegger, Moss bring the heat in 'Fubar 2'",NEUTRAL,NEUTRAL,,,,,,,,,,,,,,,,,,,,,,,,,,,,,,,,,,,,,,,,,,,,,,,,,,,,,
Tribune,Trump urges Iranto talk,NEGATIVE,NEUTRAL,,,,,,,,,,,,,,,,,,,,,,,,,,,,,,,,,,,,,,,,,,,,,,,,,,,,,
Tribune,Transport fares hiked across Rawalpindi,NEUTRAL,NEUTRAL,,,,,,,,,,,,,,,,,,,,,,,,,,,,,,,,,,,,,,,,,,,,,,,,,,,,,
Tribune,Food points penalised over hygiene,NEGATIVE,NEGATIVE,,,,,,,,,,,,,,,,,,,,,,,,,,,,,,,,,,,,,,,,,,,,,,,,,,,,,
Tribune,IHC judge disputes legality of new court rules,NEUTRAL,NEUTRAL,,,,,,,,,,,,,,,,,,,,,,,,,,,,,,,,,,,,,,,,,,,,,,,,,,,,,
Tribune,"PPP threatens budget session boycott, again",NEGATIVE,NEGATIVE,,,,,,,,,,,,,,,,,,,,,,,,,,,,,,,,,,,,,,,,,,,,,,,,,,,,,
Tribune,New abnormal,NEGATIVE,NEGATIVE,,,,,,,,,,,,,,,,,,,,,,,,,,,,,,,,,,,,,,,,,,,,,,,,,,,,,
Tribune,IHC refers contempt caseto acting CJ,NEUTRAL,NEUTRAL,,,,,,,,,,,,,,,,,,,,,,,,,,,,,,,,,,,,,,,,,,,,,,,,,,,,,
Tribune,268 pilgrims return from Iraq,NEUTRAL,NEUTRAL,,,,,,,,,,,,,,,,,,,,,,,,,,,,,,,,,,,,,,,,,,,,,,,,,,,,,
Tribune,"K-P Opposition rejects budget, cites failures",NEUTRAL,NEGATIVE,,,,,,,,,,,,,,,,,,,,,,,,,,,,,,,,,,,,,,,,,,,,,,,,,,,,,
Tribune,"Dare not look at Pakistan, Dar warns Israel",NEUTRAL,NEUTRAL,,,,,,,,,,,,,,,,,,,,,,,,,,,,,,,,,,,,,,,,,,,,,,,,,,,,,
Tribune,Education sector gets 24% of non-development budget,NEGATIVE,NEUTRAL,,,,,,,,,,,,,,,,,,,,,,,,,,,,,,,,,,,,,,,,,,,,,,,,,,,,,
Tribune,Govt limits powers of taxmen,NEUTRAL,NEUTRAL,,,,,,,,,,,,,,,,,,,,,,,,,,,,,,,,,,,,,,,,,,,,,,,,,,,,,
Tribune,Post-Hajj opto conclude on July 10,NEUTRAL,NEUTRAL,,,,,,,,,,,,,,,,,,,,,,,,,,,,,,,,,,,,,,,,,,,,,,,,,,,,,
Tribune,Flooded by neglect,NEUTRAL,NEGATIVE,,,,,,,,,,,,,,,,,,,,,,,,,,,,,,,,,,,,,,,,,,,,,,,,,,,,,
Tribune,CM hails 'largest development budget',NEUTRAL,NEUTRAL,,,,,,,,,,,,,,,,,,,,,,,,,,,,,,,,,,,,,,,,,,,,,,,,,,,,,
Tribune,Lawyers strike over 'police misconduct',NEGATIVE,NEGATIVE,,,,,,,,,,,,,,,,,,,,,,,,,,,,,,,,,,,,,,,,,,,,,,,,,,,,,
Tribune,"China eyes housing, construction projects",NEUTRAL,NEUTRAL,,,,,,,,,,,,,,,,,,,,,,,,,,,,,,,,,,,,,,,,,,,,,,,,,,,,,
Tribune,SBP holds interest rate at 11%,NEUTRAL,NEUTRAL,,,,,,,,,,,,,,,,,,,,,,,,,,,,,,,,,,,,,,,,,,,,,,,,,,,,,
Tribune,Fire erupts in Saddar Electronics Market,NEUTRAL,NEGATIVE,,,,,,,,,,,,,,,,,,,,,,,,,,,,,,,,,,,,,,,,,,,,,,,,,,,,,
Tribune,Blue whale found dead in Gwatar Bay,NEUTRAL,NEGATIVE,,,,,,,,,,,,,,,,,,,,,,,,,,,,,,,,,,,,,,,,,,,,,,,,,,,,,
Tribune,"Rohab, Junaid, Sufyan and Majid in semis",NEUTRAL,NEUTRAL,,,,,,,,,,,,,,,,,,,,,,,,,,,,,,,,,,,,,,,,,,,,,,,,,,,,,
Tribune,Mathews hails 'dream run' in final Test against BD,NEUTRAL,NEUTRAL,,,,,,,,,,,,,,,,,,,,,,,,,,,,,,,,,,,,,,,,,,,,,,,,,,,,,
Tribune,Brad Pitt's Formula One film ready to race ahead,NEGATIVE,NEUTRAL,,,,,,,,,,,,,,,,,,,,,,,,,,,,,,,,,,,,,,,,,,,,,,,,,,,,,
Tribune,Strict Muharram security promised,NEUTRAL,NEUTRAL,,,,,,,,,,,,,,,,,,,,,,,,,,,,,,,,,,,,,,,,,,,,,,,,,,,,,
Tribune,"Privilege, justice and kindness",NEUTRAL,NEUTRAL,,,,,,,,,,,,,,,,,,,,,,,,,,,,,,,,,,,,,,,,,,,,,,,,,,,,,
Tribune,Court orders salary freeze in mine blasting case,NEUTRAL,NEUTRAL,,,,,,,,,,,,,,,,,,,,,,,,,,,,,,,,,,,,,,,,,,,,,,,,,,,,,
Tribune,Ravaging waves spew body of third drowned youth,POSITIVE,NEUTRAL,,,,,,,,,,,,,,,,,,,,,,,,,,,,,,,,,,,,,,,,,,,,,,,,,,,,,
Tribune,How To Train Your Dragon' tops box office,NEGATIVE,POSITIVE,,,,,,,,,,,,,,,,,,,,,,,,,,,,,,,,,,,,,,,,,,,,,,,,,,,,,
Tribune,PM says blue economy is Pakistan's next frontier,NEGATIVE,NEUTRAL,,,,,,,,,,,,,,,,,,,,,,,,,,,,,,,,,,,,,,,,,,,,,,,,,,,,,
Tribune,Court moved against appointment of new HEC executive director,NEUTRAL,NEUTRAL,,,,,,,,,,,,,,,,,,,,,,,,,,,,,,,,,,,,,,,,,,,,,,,,,,,,,
Tribune,Rs300 billion set aside for law and order maintenance,NEUTRAL,NEUTRAL,,,,,,,,,,,,,,,,,,,,,,,,,,,,,,,,,,,,,,,,,,,,,,,,,,,,,
Tribune,Uproar in PA over provincial budget 2025-26,NEUTRAL,NEGATIVE,,,,,,,,,,,,,,,,,,,,,,,,,,,,,,,,,,,,,,,,,,,,,,,,,,,,,
Tribune,FinMin chairs oil price monitoring huddle,NEGATIVE,NEUTRAL,,,,,,,,,,,,,,,,,,,,,,,,,,,,,,,,,,,,,,,,,,,,,,,,,,,,,
Tribune,Woman stabs teenager to death,NEUTRAL,NEGATIVE,,,,,,,,,,,,,,,,,,,,,,,,,,,,,,,,,,,,,,,,,,,,,,,,,,,,,
Tribune,Murree MC auctions properties,NEUTRAL,NEUTRAL,,,,,,,,,,,,,,,,,,,,,,,,,,,,,,,,,,,,,,,,,,,,,,,,,,,,,
Tribune,Groundwater depletion alarms Chakwal residents,NEUTRAL,NEGATIVE,,,,,,,,,,,,,,,,,,,,,,,,,,,,,,,,,,,,,,,,,,,,,,,,,,,,,
Tribune,Ayeza marks Father's Day with sweet couple selfie,NEUTRAL,POSITIVE,,,,,,,,,,,,,,,,,,,,,,,,,,,,,,,,,,,,,,,,,,,,,,,,,,,,,
Tribune,Israel manufacturing war to escape accountability,NEUTRAL,NEGATIVE,,,,,,,,,,,,,,,,,,,,,,,,,,,,,,,,,,,,,,,,,,,,,,,,,,,,,
Tribune,Viral footage exposes police brutality,NEUTRAL,NEGATIVE,,,,,,,,,,,,,,,,,,,,,,,,,,,,,,,,,,,,,,,,,,,,,,,,,,,,,
Tribune,UK apologises to thousands of grooming victims,NEUTRAL,NEGATIVE,,,,,,,,,,,,,,,,,,,,,,,,,,,,,,,,,,,,,,,,,,,,,,,,,,,,,
Tribune,Heat drives surge in demand for net curtains,NEUTRAL,NEUTRAL,,,,,,,,,,,,,,,,,,,,,,,,,,,,,,,,,,,,,,,,,,,,,,,,,,,,,
Tribune,Punjab govt allocates Rs1.24tr for development,NEUTRAL,NEUTRAL,,,,,,,,,,,,,,,,,,,,,,,,,,,,,,,,,,,,,,,,,,,,,,,,,,,,,
Tribune,Punjab earmarks Rs130b for agriculture amid scepticism,NEUTRAL,NEUTRAL,,,,,,,,,,,,,,,,,,,,,,,,,,,,,,,,,,,,,,,,,,,,,,,,,,,,,
Tribune,"UN rights chief urges Pak, India to uphold ceasefire",NEGATIVE,NEUTRAL,,,,,,,,,,,,,,,,,,,,,,,,,,,,,,,,,,,,,,,,,,,,,,,,,,,,,
Tribune,"Blast in Barkhan's Rakhni area kills one, injures ten",NEGATIVE,NEGATIVE,,,,,,,,,,,,,,,,,,,,,,,,,,,,,,,,,,,,,,,,,,,,,,,,,,,,,
Tribune,Rickshaw ban extended,NEUTRAL,NEUTRAL,,,,,,,,,,,,,,,,,,,,,,,,,,,,,,,,,,,,,,,,,,,,,,,,,,,,,
Tribune,"Aurangzeb pledges tax, energy and SOE reforms",NEUTRAL,NEUTRAL,,,,,,,,,,,,,,,,,,,,,,,,,,,,,,,,,,,,,,,,,,,,,,,,,,,,,
Tribune,Vehicle carrying hazardous milk impounded,NEGATIVE,NEUTRAL,,,,,,,,,,,,,,,,,,,,,,,,,,,,,,,,,,,,,,,,,,,,,,,,,,,,,
Tribune,Budget debate remains inconclusive,POSITIVE,NEUTRAL,,,,,,,,,,,,,,,,,,,,,,,,,,,,,,,,,,,,,,,,,,,,,,,,,,,,,
Tribune,Couple fall prey to 'honour killing',NEUTRAL,NEUTRAL,,,,,,,,,,,,,,,,,,,,,,,,,,,,,,,,,,,,,,,,,,,,,,,,,,,,,
Tribune,Lack of local govts complicates 'khula' cases,NEUTRAL,NEUTRAL,,,,,,,,,,,,,,,,,,,,,,,,,,,,,,,,,,,,,,,,,,,,,,,,,,,,,
Tribune,Karachiites brave another hot and humid day,NEUTRAL,NEUTRAL,,,,,,,,,,,,,,,,,,,,,,,,,,,,,,,,,,,,,,,,,,,,,,,,,,,,,
Tribune,Regional conflict derails Pakistan-Russia train,NEUTRAL,NEUTRAL,,,,,,,,,,,,,,,,,,,,,,,,,,,,,,,,,,,,,,,,,,,,,,,,,,,,,
Tribune,74 Pak players registered for BBL 15,NEUTRAL,NEUTRAL,,,,,,,,,,,,,,,,,,,,,,,,,,,,,,,,,,,,,,,,,,,,,,,,,,,,,
Tribune,Trump demands Iran's unconditional surrender,NEGATIVE,NEUTRAL,,,,,,,,,,,,,,,,,,,,,,,,,,,,,,,,,,,,,,,,,,,,,,,,,,,,,
Tribune,Completion of projects urged by financial year end,NEUTRAL,NEUTRAL,,,,,,,,,,,,,,,,,,,,,,,,,,,,,,,,,,,,,,,,,,,,,,,,,,,,,
Tribune,Lahore receives scattered rain,NEGATIVE,NEUTRAL,,,,,,,,,,,,,,,,,,,,,,,,,,,,,,,,,,,,,,,,,,,,,,,,,,,,,
Tribune,Heirs seek justice in swing-related death,NEUTRAL,NEGATIVE,,,,,,,,,,,,,,,,,,,,,,,,,,,,,,,,,,,,,,,,,,,,,,,,,,,,,
Tribune,CB refuses partial seat allocation,NEUTRAL,NEUTRAL,,,,,,,,,,,,,,,,,,,,,,,,,,,,,,,,,,,,,,,,,,,,,,,,,,,,,
Tribune,Poll finds public turning to AI botsfor news updates,NEUTRAL,NEUTRAL,,,,,,,,,,,,,,,,,,,,,,,,,,,,,,,,,,,,,,,,,,,,,,,,,,,,,
Tribune,"Kneecap court controversy, critics",NEUTRAL,NEUTRAL,,,,,,,,,,,,,,,,,,,,,,,,,,,,,,,,,,,,,,,,,,,,,,,,,,,,,
Tribune,PPP workers decry favouritism,NEUTRAL,NEGATIVE,,,,,,,,,,,,,,,,,,,,,,,,,,,,,,,,,,,,,,,,,,,,,,,,,,,,,
Tribune,Investor demands Victoria's Secret overhaul its board,NEGATIVE,NEUTRAL,,,,,,,,,,,,,,,,,,,,,,,,,,,,,,,,,,,,,,,,,,,,,,,,,,,,,
Tribune,High hopes on shaky ground,POSITIVE,NEUTRAL,,,,,,,,,,,,,,,,,,,,,,,,,,,,,,,,,,,,,,,,,,,,,,,,,,,,,
Tribune,Metro fare cut sparks funding debate,NEUTRAL,NEUTRAL,,,,,,,,,,,,,,,,,,,,,,,,,,,,,,,,,,,,,,,,,,,,,,,,,,,,,
Tribune,10-year-old boy killed in illegal LPG shop blast,NEUTRAL,NEUTRAL,,,,,,,,,,,,,,,,,,,,,,,,,,,,,,,,,,,,,,,,,,,,,,,,,,,,,
Tribune,Contaminated water deepens health crisis,NEGATIVE,NEGATIVE,,,,,,,,,,,,,,,,,,,,,,,,,,,,,,,,,,,,,,,,,,,,,,,,,,,,,
Tribune,Heavy fines imposed over traffic rules' violations,NEUTRAL,NEUTRAL,,,,,,,,,,,,,,,,,,,,,,,,,,,,,,,,,,,,,,,,,,,,,,,,,,,,,
Tribune,Red Bull warned FIA of potential trickery,NEUTRAL,NEUTRAL,,,,,,,,,,,,,,,,,,,,,,,,,,,,,,,,,,,,,,,,,,,,,,,,,,,,,
Tribune,"Balochistan unveils Rs1,028b budget",NEGATIVE,NEUTRAL,,,,,,,,,,,,,,,,,,,,,,,,,,,,,,,,,,,,,,,,,,,,,,,,,,,,,
Tribune,PSX ends bearish over profit-taking pressure,NEUTRAL,NEUTRAL,,,,,,,,,,,,,,,,,,,,,,,,,,,,,,,,,,,,,,,,,,,,,,,,,,,,,
Tribune,11 senior officers reshuffled,NEUTRAL,NEUTRAL,,,,,,,,,,,,,,,,,,,,,,,,,,,,,,,,,,,,,,,,,,,,,,,,,,,,,
Tribune,LHC seeks legal status of May 9 plotters,NEUTRAL,NEUTRAL,,,,,,,,,,,,,,,,,,,,,,,,,,,,,,,,,,,,,,,,,,,,,,,,,,,,,
Tribune,Varsity's deputy director shown the door for harassment,NEGATIVE,NEUTRAL,,,,,,,,,,,,,,,,,,,,,,,,,,,,,,,,,,,,,,,,,,,,,,,,,,,,,
Tribune,Xi in Kazakhstan to cement 'eternal' ties,POSITIVE,NEUTRAL,,,,,,,,,,,,,,,,,,,,,,,,,,,,,,,,,,,,,,,,,,,,,,,,,,,,,
Tribune,"Taxes on hybrid cars, solar panels being withdrawn",NEUTRAL,NEUTRAL,,,,,,,,,,,,,,,,,,,,,,,,,,,,,,,,,,,,,,,,,,,,,,,,,,,,,
Tribune,Tarbela water levels drop dangerously low,NEUTRAL,NEGATIVE,,,,,,,,,,,,,,,,,,,,,,,,,,,,,,,,,,,,,,,,,,,,,,,,,,,,,
Tribune,"K-P fully met IMF targets, says CM",NEUTRAL,NEUTRAL,,,,,,,,,,,,,,,,,,,,,,,,,,,,,,,,,,,,,,,,,,,,,,,,,,,,,
Tribune,Is Iran really an existential threat to Israel?,NEUTRAL,NEGATIVE,,,,,,,,,,,,,,,,,,,,,,,,,,,,,,,,,,,,,,,,,,,,,,,,,,,,,
Tribune,Man kills sister for 'honour' in Rawat,NEUTRAL,NEGATIVE,,,,,,,,,,,,,,,,,,,,,,,,,,,,,,,,,,,,,,,,,,,,,,,,,,,,,
Tribune,"Egypt, govt eye tech partnership",NEGATIVE,NEUTRAL,,,,,,,,,,,,,,,,,,,,,,,,,,,,,,,,,,,,,,,,,,,,,,,,,,,,,
Tribune,Rational use of farm inputs stressed,NEUTRAL,NEUTRAL,,,,,,,,,,,,,,,,,,,,,,,,,,,,,,,,,,,,,,,,,,,,,,,,,,,,,
Tribune,Pakistan urges global action against hate,NEUTRAL,NEUTRAL,,,,,,,,,,,,,,,,,,,,,,,,,,,,,,,,,,,,,,,,,,,,,,,,,,,,,
Tribune,Russian strikes kill 14 in Kyiv,NEGATIVE,NEGATIVE,,,,,,,,,,,,,,,,,,,,,,,,,,,,,,,,,,,,,,,,,,,,,,,,,,,,,
Tribune,Real Effective Exchange Rate improves to 97.81 in May,NEGATIVE,NEUTRAL,,,,,,,,,,,,,,,,,,,,,,,,,,,,,,,,,,,,,,,,,,,,,,,,,,,,,
Tribune,PM asked to save value-added sector,NEUTRAL,NEGATIVE,,,,,,,,,,,,,,,,,,,,,,,,,,,,,,,,,,,,,,,,,,,,,,,,,,,,,
Tribune,Matthew Perry death doctor to plead guilty,NEUTRAL,NEUTRAL,,,,,,,,,,,,,,,,,,,,,,,,,,,,,,,,,,,,,,,,,,,,,,,,,,,,,
Tribune,Current account slips back into $103m deficit,NEUTRAL,POSITIVE,,,,,,,,,,,,,,,,,,,,,,,,,,,,,,,,,,,,,,,,,,,,,,,,,,,,,
Tribune,Key Muslim states condemn Israel,NEUTRAL,NEUTRAL,,,,,,,,,,,,,,,,,,,,,,,,,,,,,,,,,,,,,,,,,,,,,,,,,,,,,
Tribune,A golden throw,NEUTRAL,POSITIVE,,,,,,,,,,,,,,,,,,,,,,,,,,,,,,,,,,,,,,,,,,,,,,,,,,,,,
Tribune,LHC seeks proposals on shifting Tollinton Market,NEUTRAL,NEUTRAL,,,,,,,,,,,,,,,,,,,,,,,,,,,,,,,,,,,,,,,,,,,,,,,,,,,,,
Tribune,"Evolving, adapting since 1989",NEGATIVE,POSITIVE,,,,,,,,,,,,,,,,,,,,,,,,,,,,,,,,,,,,,,,,,,,,,,,,,,,,,
Tribune,Senators call for fiscal reforms,NEUTRAL,NEUTRAL,,,,,,,,,,,,,,,,,,,,,,,,,,,,,,,,,,,,,,,,,,,,,,,,,,,,,
Tribune,K-P utilises Rs120b ADP budget for current fiscal,NEUTRAL,NEUTRAL,,,,,,,,,,,,,,,,,,,,,,,,,,,,,,,,,,,,,,,,,,,,,,,,,,,,,
Tribune,ICC ready to back WTC four-day Tests,NEUTRAL,NEUTRAL,,,,,,,,,,,,,,,,,,,,,,,,,,,,,,,,,,,,,,,,,,,,,,,,,,,,,
Tribune,Balochistan saves Rs16b via austerity measures,NEUTRAL,POSITIVE,,,,,,,,,,,,,,,,,,,,,,,,,,,,,,,,,,,,,,,,,,,,,,,,,,,,,
Tribune,Officials told to explain Nankana encroachments,NEGATIVE,NEUTRAL,,,,,,,,,,,,,,,,,,,,,,,,,,,,,,,,,,,,,,,,,,,,,,,,,,,,,
Tribune,Reko Diq to be linked to rail network by 2028,NEUTRAL,NEUTRAL,,,,,,,,,,,,,,,,,,,,,,,,,,,,,,,,,,,,,,,,,,,,,,,,,,,,,
Tribune,Excise misses tax target by 52 per cent,NEUTRAL,NEGATIVE,,,,,,,,,,,,,,,,,,,,,,,,,,,,,,,,,,,,,,,,,,,,,,,,,,,,,
Tribune,People don't want women in showbiz: Nausheen Shah,NEUTRAL,NEUTRAL,,,,,,,,,,,,,,,,,,,,,,,,,,,,,,,,,,,,,,,,,,,,,,,,,,,,,
Tribune,Heatwave triggers rise in illnesses,NEUTRAL,NEUTRAL,,,,,,,,,,,,,,,,,,,,,,,,,,,,,,,,,,,,,,,,,,,,,,,,,,,,,
Tribune,Israel kills over 50 Gazans near aid site,NEUTRAL,NEGATIVE,,,,,,,,,,,,,,,,,,,,,,,,,,,,,,,,,,,,,,,,,,,,,,,,,,,,,
Tribune,'Water scarcity eroding agricultural capacity',NEUTRAL,NEUTRAL,,,,,,,,,,,,,,,,,,,,,,,,,,,,,,,,,,,,,,,,,,,,,,,,,,,,,
Tribune,Empty seats as Chelsea win CWC opener,NEUTRAL,NEUTRAL,,,,,,,,,,,,,,,,,,,,,,,,,,,,,,,,,,,,,,,,,,,,,,,,,,,,,
Tribune,Key projects put on ice for another year,NEUTRAL,NEGATIVE,,,,,,,,,,,,,,,,,,,,,,,,,,,,,,,,,,,,,,,,,,,,,,,,,,,,,
Tribune,Spending on water projects to fall short of target,NEUTRAL,NEUTRAL,,,,,,,,,,,,,,,,,,,,,,,,,,,,,,,,,,,,,,,,,,,,,,,,,,,,,
Tribune,"Medvedev, Tsitsipas advance in Halle",NEUTRAL,NEUTRAL,,,,,,,,,,,,,,,,,,,,,,,,,,,,,,,,,,,,,,,,,,,,,,,,,,,,,
Tribune,EWEC: linking South Asia with central and west Asia,NEUTRAL,NEUTRAL,,,,,,,,,,,,,,,,,,,,,,,,,,,,,,,,,,,,,,,,,,,,,,,,,,,,,
Tribune,WASA to set up monsoon camps,NEUTRAL,NEUTRAL,,,,,,,,,,,,,,,,,,,,,,,,,,,,,,,,,,,,,,,,,,,,,,,,,,,,,
Tribune,Ex-senator surrenders in murder case,NEUTRAL,NEUTRAL,,,,,,,,,,,,,,,,,,,,,,,,,,,,,,,,,,,,,,,,,,,,,,,,,,,,,
Tribune,Hostel warden accused of threatening students,NEUTRAL,NEUTRAL,,,,,,,,,,,,,,,,,,,,,,,,,,,,,,,,,,,,,,,,,,,,,,,,,,,,,
Tribune,JI slams govt's 'false narrative of progress',NEUTRAL,NEGATIVE,,,,,,,,,,,,,,,,,,,,,,,,,,,,,,,,,,,,,,,,,,,,,,,,,,,,,
Tribune,'Supreme Court judges not passive interpreters of text',NEUTRAL,NEUTRAL,,,,,,,,,,,,,,,,,,,,,,,,,,,,,,,,,,,,,,,,,,,,,,,,,,,,,
Tribune,CJCSC confers civil awards,NEUTRAL,NEUTRAL,,,,,,,,,,,,,,,,,,,,,,,,,,,,,,,,,,,,,,,,,,,,,,,,,,,,,
Tribune,SBCA officials among 18 issued arrest warrants,NEUTRAL,NEGATIVE,,,,,,,,,,,,,,,,,,,,,,,,,,,,,,,,,,,,,,,,,,,,,,,,,,,,,
Tribune,CM urges Indus delta preservation,NEUTRAL,NEUTRAL,,,,,,,,,,,,,,,,,,,,,,,,,,,,,,,,,,,,,,,,,,,,,,,,,,,,,
Tribune,Vehari locality submerged in sewage for six months,NEUTRAL,NEGATIVE,,,,,,,,,,,,,,,,,,,,,,,,,,,,,,,,,,,,,,,,,,,,,,,,,,,,,
Tribune,Biased diplomacy,NEGATIVE,NEGATIVE,,,,,,,,,,,,,,,,,,,,,,,,,,,,,,,,,,,,,,,,,,,,,,,,,,,,,
Tribune,G7 rallies behind Ukraine,NEGATIVE,NEUTRAL,,,,,,,,,,,,,,,,,,,,,,,,,,,,,,,,,,,,,,,,,,,,,,,,,,,,,
Tribune,Born unwelcome,NEUTRAL,NEGATIVE,,,,,,,,,,,,,,,,,,,,,,,,,,,,,,,,,,,,,,,,,,,,,,,,,,,,,
Tribune,Man killed by robbers outside bank,NEUTRAL,NEGATIVE,,,,,,,,,,,,,,,,,,,,,,,,,,,,,,,,,,,,,,,,,,,,,,,,,,,,,
Tribune,Strategic communication,NEGATIVE,NEUTRAL,,,,,,,,,,,,,,,,,,,,,,,,,,,,,,,,,,,,,,,,,,,,,,,,,,,,,
Tribune,Juice industry seeks tax reduction,NEGATIVE,NEUTRAL,,,,,,,,,,,,,,,,,,,,,,,,,,,,,,,,,,,,,,,,,,,,,,,,,,,,,
Tribune,"Squash players Sana, Saif get massive boost",NEUTRAL,POSITIVE,,,,,,,,,,,,,,,,,,,,,,,,,,,,,,,,,,,,,,,,,,,,,,,,,,,,,
Tribune,"Solar panel, hybrid car tax rejected",NEUTRAL,NEUTRAL,,,,,,,,,,,,,,,,,,,,,,,,,,,,,,,,,,,,,,,,,,,,,,,,,,,,,
Tribune,Budget must prioritise public welfare: president,NEUTRAL,NEUTRAL,,,,,,,,,,,,,,,,,,,,,,,,,,,,,,,,,,,,,,,,,,,,,,,,,,,,,
Tribune,Diplomats recalled from Tehran,NEUTRAL,NEUTRAL,,,,,,,,,,,,,,,,,,,,,,,,,,,,,,,,,,,,,,,,,,,,,,,,,,,,,
Tribune,Army chief praises Pakistani diaspora,NEGATIVE,POSITIVE,,,,,,,,,,,,,,,,,,,,,,,,,,,,,,,,,,,,,,,,,,,,,,,,,,,,,
Tribune,Healthy crowds and Messi mania lift CWC,NEUTRAL,POSITIVE,,,,,,,,,,,,,,,,,,,,,,,,,,,,,,,,,,,,,,,,,,,,,,,,,,,,,
Tribune,Willing to give my blood for this team: Rabada,NEUTRAL,POSITIVE,,,,,,,,,,,,,,,,,,,,,,,,,,,,,,,,,,,,,,,,,,,,,,,,,,,,,
Tribune,Cotton farmers advised on crop,NEUTRAL,NEUTRAL,,,,,,,,,,,,,,,,,,,,,,,,,,,,,,,,,,,,,,,,,,,,,,,,,,,,,
Tribune,Peace committees' role in harmony hailed,POSITIVE,NEUTRAL,,,,,,,,,,,,,,,,,,,,,,,,,,,,,,,,,,,,,,,,,,,,,,,,,,,,,
Tribune,"'Lack of funds from govt, PSB is crippling for snooker'",NEUTRAL,NEGATIVE,,,,,,,,,,,,,,,,,,,,,,,,,,,,,,,,,,,,,,,,,,,,,,,,,,,,,
Tribune,HCSTSI slams FBR arrest powers in budget,NEGATIVE,NEGATIVE,,,,,,,,,,,,,,,,,,,,,,,,,,,,,,,,,,,,,,,,,,,,,,,,,,,,,
Tribune,Karachi among world's 'least liveable cities' in global index,NEUTRAL,NEGATIVE,,,,,,,,,,,,,,,,,,,,,,,,,,,,,,,,,,,,,,,,,,,,,,,,,,,,,
Tribune,"Pakistan, US push forward tariff talks",NEGATIVE,NEUTRAL,,,,,,,,,,,,,,,,,,,,,,,,,,,,,,,,,,,,,,,,,,,,,,,,,,,,,
Tribune,Snyder loyalists target new 'Superman' film,NEUTRAL,NEUTRAL,,,,,,,,,,,,,,,,,,,,,,,,,,,,,,,,,,,,,,,,,,,,,,,,,,,,,
Tribune,Juice industry urges cut in FED to boost revenue,NEGATIVE,NEUTRAL,,,,,,,,,,,,,,,,,,,,,,,,,,,,,,,,,,,,,,,,,,,,,,,,,,,,,
Tribune,Indonesia volcano spews ash,NEGATIVE,NEUTRAL,,,,,,,,,,,,,,,,,,,,,,,,,,,,,,,,,,,,,,,,,,,,,,,,,,,,,
Tribune,GST hike feared to hit auto sales,NEUTRAL,NEUTRAL,,,,,,,,,,,,,,,,,,,,,,,,,,,,,,,,,,,,,,,,,,,,,,,,,,,,,
Tribune,Gulf crisis: Imran defers protest for 2 weeks,NEUTRAL,NEUTRAL,,,,,,,,,,,,,,,,,,,,,,,,,,,,,,,,,,,,,,,,,,,,,,,,,,,,,
Tribune,"Humid weather, power outages life threatening for chronic patients",NEUTRAL,NEGATIVE,,,,,,,,,,,,,,,,,,,,,,,,,,,,,,,,,,,,,,,,,,,,,,,,,,,,,
Tribune,Bumrah to feature in three Tests against Eng,NEUTRAL,NEUTRAL,,,,,,,,,,,,,,,,,,,,,,,,,,,,,,,,,,,,,,,,,,,,,,,,,,,,,
Tribune,Govt comes under attack in NA for ignoring agri sector,NEGATIVE,NEUTRAL,,,,,,,,,,,,,,,,,,,,,,,,,,,,,,,,,,,,,,,,,,,,,,,,,,,,,
Tribune,"EVs 30% target by 2030 ambitious but daunting, say automakers",NEUTRAL,NEUTRAL,,,,,,,,,,,,,,,,,,,,,,,,,,,,,,,,,,,,,,,,,,,,,,,,,,,,,
Tribune,Consumer courts scrapped across Punjab,NEUTRAL,NEUTRAL,,,,,,,,,,,,,,,,,,,,,,,,,,,,,,,,,,,,,,,,,,,,,,,,,,,,,
Tribune,'SC must overturn unconstitutional order',NEUTRAL,NEUTRAL,,,,,,,,,,,,,,,,,,,,,,,,,,,,,,,,,,,,,,,,,,,,,,,,,,,,,
Tribune,Terror on the tracks,NEUTRAL,NEGATIVE,,,,,,,,,,,,,,,,,,,,,,,,,,,,,,,,,,,,,,,,,,,,,,,,,,,,,
Tribune,KMC initiates monsoon drain-cleaning,NEUTRAL,NEUTRAL,,,,,,,,,,,,,,,,,,,,,,,,,,,,,,,,,,,,,,,,,,,,,,,,,,,,,
Tribune,CB upholds transfer of judges to IHC,NEUTRAL,NEUTRAL,,,,,,,,,,,,,,,,,,,,,,,,,,,,,,,,,,,,,,,,,,,,,,,,,,,,,
Tribune,Draper survives scare to reach Queen's quarters,NEGATIVE,NEUTRAL,,,,,,,,,,,,,,,,,,,,,,,,,,,,,,,,,,,,,,,,,,,,,,,,,,,,,
Tribune,Punjab takes over long-stalled hospital project,NEGATIVE,NEUTRAL,,,,,,,,,,,,,,,,,,,,,,,,,,,,,,,,,,,,,,,,,,,,,,,,,,,,,
Tribune,Woman attempts suicide,NEUTRAL,NEGATIVE,,,,,,,,,,,,,,,,,,,,,,,,,,,,,,,,,,,,,,,,,,,,,,,,,,,,,
Tribune,Healing Hagia Sophia,NEGATIVE,NEUTRAL,,,,,,,,,,,,,,,,,,,,,,,,,,,,,,,,,,,,,,,,,,,,,,,,,,,,,
Tribune,COAS' meeting with US president a 'success',NEGATIVE,POSITIVE,,,,,,,,,,,,,,,,,,,,,,,,,,,,,,,,,,,,,,,,,,,,,,,,,,,,,
Tribune,'K-POP Festival' rocks Islamabad,NEGATIVE,POSITIVE,,,,,,,,,,,,,,,,,,,,,,,,,,,,,,,,,,,,,,,,,,,,,,,,,,,,,
Tribune,Body found in Muzaffargarh,NEGATIVE,NEUTRAL,,,,,,,,,,,,,,,,,,,,,,,,,,,,,,,,,,,,,,,,,,,,,,,,,,,,,
Tribune,Extortion shadow looms over the metro,NEUTRAL,NEUTRAL,,,,,,,,,,,,,,,,,,,,,,,,,,,,,,,,,,,,,,,,,,,,,,,,,,,,,
Tribune,"Man, two children drown in canal",NEUTRAL,NEUTRAL,,,,,,,,,,,,,,,,,,,,,,,,,,,,,,,,,,,,,,,,,,,,,,,,,,,,,
Tribune,Pak stuns Chinese Taipei to reach volleyball quarters,NEUTRAL,POSITIVE,,,,,,,,,,,,,,,,,,,,,,,,,,,,,,,,,,,,,,,,,,,,,,,,,,,,,
Tribune,PM directs finalising industrial policy,NEUTRAL,NEUTRAL,,,,,,,,,,,,,,,,,,,,,,,,,,,,,,,,,,,,,,,,,,,,,,,,,,,,,
Tribune,Punjab sets up taskforce to drive 4% agri growth,NEUTRAL,NEUTRAL,,,,,,,,,,,,,,,,,,,,,,,,,,,,,,,,,,,,,,,,,,,,,,,,,,,,,
Tribune,A strategic huddle,NEUTRAL,NEUTRAL,,,,,,,,,,,,,,,,,,,,,,,,,,,,,,,,,,,,,,,,,,,,,,,,,,,,,
Tribune,"Session held on child marriage, domestic violence",NEGATIVE,NEUTRAL,,,,,,,,,,,,,,,,,,,,,,,,,,,,,,,,,,,,,,,,,,,,,,,,,,,,,
Tribune,Baker shot dead by motorcyclists,NEUTRAL,NEUTRAL,,,,,,,,,,,,,,,,,,,,,,,,,,,,,,,,,,,,,,,,,,,,,,,,,,,,,
Tribune,Financially excluded women,POSITIVE,NEUTRAL,,,,,,,,,,,,,,,,,,,,,,,,,,,,,,,,,,,,,,,,,,,,,,,,,,,,,
Tribune,Pep Guardiola hails new City signings,NEUTRAL,POSITIVE,,,,,,,,,,,,,,,,,,,,,,,,,,,,,,,,,,,,,,,,,,,,,,,,,,,,,
Tribune,Pre-monsoon rains expected from June 20,NEUTRAL,NEUTRAL,,,,,,,,,,,,,,,,,,,,,,,,,,,,,,,,,,,,,,,,,,,,,,,,,,,,,
Tribune,"Taimoor, Dalia tame rivals to clinch tennis titles",NEUTRAL,NEUTRAL,,,,,,,,,,,,,,,,,,,,,,,,,,,,,,,,,,,,,,,,,,,,,,,,,,,,,
Tribune,Govt launches National Electric Vehicle Policy,NEUTRAL,POSITIVE,,,,,,,,,,,,,,,,,,,,,,,,,,,,,,,,,,,,,,,,,,,,,,,,,,,,,
Tribune,JCP to appoint new HC CJs on July 1,NEUTRAL,NEUTRAL,,,,,,,,,,,,,,,,,,,,,,,,,,,,,,,,,,,,,,,,,,,,,,,,,,,,,
Tribune,Restaurants 'hoard' cylinders amid anticipated LPG crisis,NEGATIVE,NEGATIVE,,,,,,,,,,,,,,,,,,,,,,,,,,,,,,,,,,,,,,,,,,,,,,,,,,,,,
Tribune,"India begin new era sans Kohli, Rohit",NEGATIVE,NEUTRAL,,,,,,,,,,,,,,,,,,,,,,,,,,,,,,,,,,,,,,,,,,,,,,,,,,,,,
Tribune,Gandapur's indictment on July 17,NEUTRAL,NEUTRAL,,,,,,,,,,,,,,,,,,,,,,,,,,,,,,,,,,,,,,,,,,,,,,,,,,,,,
Tribune,Dar to attend OIC CFM session in Turkiye,NEUTRAL,NEUTRAL,,,,,,,,,,,,,,,,,,,,,,,,,,,,,,,,,,,,,,,,,,,,,,,,,,,,,
Tribune,Courts sentence multiple offenders,NEUTRAL,NEGATIVE,,,,,,,,,,,,,,,,,,,,,,,,,,,,,,,,,,,,,,,,,,,,,,,,,,,,,
Tribune,Eleven agents held outside Excise Office,NEUTRAL,NEUTRAL,,,,,,,,,,,,,,,,,,,,,,,,,,,,,,,,,,,,,,,,,,,,,,,,,,,,,
Tribune,Conversion of Hindu minors triggers community uproar,NEGATIVE,NEUTRAL,,,,,,,,,,,,,,,,,,,,,,,,,,,,,,,,,,,,,,,,,,,,,,,,,,,,,
Tribune,Govt employees threaten strike over budget,NEUTRAL,NEUTRAL,,,,,,,,,,,,,,,,,,,,,,,,,,,,,,,,,,,,,,,,,,,,,,,,,,,,,
Tribune,Suu Kyi marks 80th birthday in junta jail,NEUTRAL,NEUTRAL,,,,,,,,,,,,,,,,,,,,,,,,,,,,,,,,,,,,,,,,,,,,,,,,,,,,,
Tribune,Trump conveyed Pakistan's concerns over Iran-Israel war,NEGATIVE,NEUTRAL,,,,,,,,,,,,,,,,,,,,,,,,,,,,,,,,,,,,,,,,,,,,,,,,,,,,,
Tribune,Mobile clinics to operate in Punjab,NEGATIVE,NEUTRAL,,,,,,,,,,,,,,,,,,,,,,,,,,,,,,,,,,,,,,,,,,,,,,,,,,,,,
Tribune,"Opposition rejects budget, pledges shadow version for poor",NEUTRAL,NEGATIVE,,,,,,,,,,,,,,,,,,,,,,,,,,,,,,,,,,,,,,,,,,,,,,,,,,,,,
Tribune,"SHCC introduces online registration of clinics, hospitals",NEGATIVE,NEUTRAL,,,,,,,,,,,,,,,,,,,,,,,,,,,,,,,,,,,,,,,,,,,,,,,,,,,,,
Tribune,Russia warns US against 'military intervention',NEGATIVE,NEUTRAL,,,,,,,,,,,,,,,,,,,,,,,,,,,,,,,,,,,,,,,,,,,,,,,,,,,,,
Tribune,Air India says plane 'well-maintained',NEUTRAL,NEUTRAL,,,,,,,,,,,,,,,,,,,,,,,,,,,,,,,,,,,,,,,,,,,,,,,,,,,,,
Tribune,Experts push for critical thinking in textbooks,NEGATIVE,NEUTRAL,,,,,,,,,,,,,,,,,,,,,,,,,,,,,,,,,,,,,,,,,,,,,,,,,,,,,
Tribune,Rs1b development schemes approved for District East: Wahab,NEGATIVE,NEUTRAL,,,,,,,,,,,,,,,,,,,,,,,,,,,,,,,,,,,,,,,,,,,,,,,,,,,,,
Tribune,Congo virus claims three lives in K-P,POSITIVE,NEUTRAL,,,,,,,,,,,,,,,,,,,,,,,,,,,,,,,,,,,,,,,,,,,,,,,,,,,,,
Tribune,Senate passes Civil Servants Amend Bill,NEUTRAL,NEUTRAL,,,,,,,,,,,,,,,,,,,,,,,,,,,,,,,,,,,,,,,,,,,,,,,,,,,,,
Tribune,Five bids received for PIA sell-off,NEUTRAL,NEUTRAL,,,,,,,,,,,,,,,,,,,,,,,,,,,,,,,,,,,,,,,,,,,,,,,,,,,,,
Tribune,Tragedy hits family welcoming Hajjis,NEUTRAL,NEGATIVE,,,,,,,,,,,,,,,,,,,,,,,,,,,,,,,,,,,,,,,,,,,,,,,,,,,,,
Tribune,Relieved Pakistanis recall 'horrifying nights' in Iran,NEUTRAL,NEUTRAL,,,,,,,,,,,,,,,,,,,,,,,,,,,,,,,,,,,,,,,,,,,,,,,,,,,,,
Tribune,Indian producer remixes Annie Khalid's hit 'Mahiya',NEUTRAL,POSITIVE,,,,,,,,,,,,,,,,,,,,,,,,,,,,,,,,,,,,,,,,,,,,,,,,,,,,,
Tribune,PHC questions DC's TikTok activity,NEUTRAL,NEUTRAL,,,,,,,,,,,,,,,,,,,,,,,,,,,,,,,,,,,,,,,,,,,,,,,,,,,,,
Tribune,Foreign exchange reserves top $17b,NEUTRAL,NEUTRAL,,,,,,,,,,,,,,,,,,,,,,,,,,,,,,,,,,,,,,,,,,,,,,,,,,,,,
Tribune,"Govt decides to abolish tax exemptions for SEZs, STZs",NEUTRAL,NEUTRAL,,,,,,,,,,,,,,,,,,,,,,,,,,,,,,,,,,,,,,,,,,,,,,,,,,,,,
Tribune,PM wants transparent execution of JMC project,NEUTRAL,NEUTRAL,,,,,,,,,,,,,,,,,,,,,,,,,,,,,,,,,,,,,,,,,,,,,,,,,,,,,
Tribune,Nissanka slams 187 as SL fight back in BD Test,NEUTRAL,NEUTRAL,,,,,,,,,,,,,,,,,,,,,,,,,,,,,,,,,,,,,,,,,,,,,,,,,,,,,
Tribune,Jurassic World: Rebirth' brings back dinosaurs,POSITIVE,POSITIVE,,,,,,,,,,,,,,,,,,,,,,,,,,,,,,,,,,,,,,,,,,,,,,,,,,,,,
Tribune,KBBA to take legal action against parallel body,POSITIVE,NEUTRAL,,,,,,,,,,,,,,,,,,,,,,,,,,,,,,,,,,,,,,,,,,,,,,,,,,,,,
Tribune,Mahuchikh headlines Paris Diamond League,NEUTRAL,POSITIVE,,,,,,,,,,,,,,,,,,,,,,,,,,,,,,,,,,,,,,,,,,,,,,,,,,,,,
Tribune,Trump extends deadline for TikTok sale,NEUTRAL,NEUTRAL,,,,,,,,,,,,,,,,,,,,,,,,,,,,,,,,,,,,,,,,,,,,,,,,,,,,,
Tribune,Stocks fall as Mideast conflict sparks selling,POSITIVE,NEUTRAL,,,,,,,,,,,,,,,,,,,,,,,,,,,,,,,,,,,,,,,,,,,,,,,,,,,,,
Tribune,NA panel reviews FBR powers,NEUTRAL,NEUTRAL,,,,,,,,,,,,,,,,,,,,,,,,,,,,,,,,,,,,,,,,,,,,,,,,,,,,,
Tribune,PTI chief's order stalls K-P budget,NEUTRAL,NEUTRAL,,,,,,,,,,,,,,,,,,,,,,,,,,,,,,,,,,,,,,,,,,,,,,,,,,,,,
Tribune,Govt continues to score legal victories,NEUTRAL,NEUTRAL,,,,,,,,,,,,,,,,,,,,,,,,,,,,,,,,,,,,,,,,,,,,,,,,,,,,,
Tribune,90% allocated to rural Sindh: MQM-P,NEUTRAL,NEGATIVE,,,,,,,,,,,,,,,,,,,,,,,,,,,,,,,,,,,,,,,,,,,,,,,,,,,,,
Tribune,Gaza rescuers say Israeli fire kills 72,NEUTRAL,NEGATIVE,,,,,,,,,,,,,,,,,,,,,,,,,,,,,,,,,,,,,,,,,,,,,,,,,,,,,
Tribune,K-P govt reviews monsoon preparedness,NEUTRAL,NEUTRAL,,,,,,,,,,,,,,,,,,,,,,,,,,,,,,,,,,,,,,,,,,,,,,,,,,,,,
Tribune,Kneecap rapper denies terror charge,NEUTRAL,NEUTRAL,,,,,,,,,,,,,,,,,,,,,,,,,,,,,,,,,,,,,,,,,,,,,,,,,,,,,
Tribune,Ministry asked to get IMF nod for oil tax,NEUTRAL,NEUTRAL,,,,,,,,,,,,,,,,,,,,,,,,,,,,,,,,,,,,,,,,,,,,,,,,,,,,,
Tribune,TikToker allegedly raped by two men,NEUTRAL,NEGATIVE,,,,,,,,,,,,,,,,,,,,,,,,,,,,,,,,,,,,,,,,,,,,,,,,,,,,,
Tribune,Nawaz operates from peripheries,NEUTRAL,NEUTRAL,,,,,,,,,,,,,,,,,,,,,,,,,,,,,,,,,,,,,,,,,,,,,,,,,,,,,
Tribune,NHA holds first-ever toll auction,NEUTRAL,NEUTRAL,,,,,,,,,,,,,,,,,,,,,,,,,,,,,,,,,,,,,,,,,,,,,,,,,,,,,
Tribune,Man opens fire at woman over marriage 'refusal',NEUTRAL,NEGATIVE,,,,,,,,,,,,,,,,,,,,,,,,,,,,,,,,,,,,,,,,,,,,,,,,,,,,,
Tribune,Juventus thump Al Ain in Club World Cup,NEUTRAL,NEUTRAL,,,,,,,,,,,,,,,,,,,,,,,,,,,,,,,,,,,,,,,,,,,,,,,,,,,,,
Tribune,PM greenlights headhunting panel for HEC chief,NEUTRAL,NEUTRAL,,,,,,,,,,,,,,,,,,,,,,,,,,,,,,,,,,,,,,,,,,,,,,,,,,,,,
Tribune,Portrait of Oasis brothers to go on sale in London,POSITIVE,NEUTRAL,,,,,,,,,,,,,,,,,,,,,,,,,,,,,,,,,,,,,,,,,,,,,,,,,,,,,
Tribune,Second Congo virus death reported in Malir,NEGATIVE,NEUTRAL,,,,,,,,,,,,,,,,,,,,,,,,,,,,,,,,,,,,,,,,,,,,,,,,,,,,,
Tribune,MPs break ground with budget review,NEUTRAL,NEUTRAL,,,,,,,,,,,,,,,,,,,,,,,,,,,,,,,,,,,,,,,,,,,,,,,,,,,,,
Tribune,Govt to import sugar after exports,NEGATIVE,NEUTRAL,,,,,,,,,,,,,,,,,,,,,,,,,,,,,,,,,,,,,,,,,,,,,,,,,,,,,
Tribune,Constitutionalism — a lost sanctity,NEUTRAL,NEGATIVE,,,,,,,,,,,,,,,,,,,,,,,,,,,,,,,,,,,,,,,,,,,,,,,,,,,,,
Tribune,AI and the environment,NEGATIVE,NEGATIVE,,,,,,,,,,,,,,,,,,,,,,,,,,,,,,,,,,,,,,,,,,,,,,,,,,,,,
Tribune,Can 'GTA VI' revive the videogame industry?,NEUTRAL,NEUTRAL,,,,,,,,,,,,,,,,,,,,,,,,,,,,,,,,,,,,,,,,,,,,,,,,,,,,,
Tribune,Govt pursues Russian investment in mining,NEGATIVE,POSITIVE,,,,,,,,,,,,,,,,,,,,,,,,,,,,,,,,,,,,,,,,,,,,,,,,,,,,,
Tribune,Trump keeps world guessing on war decision,NEUTRAL,NEUTRAL,,,,,,,,,,,,,,,,,,,,,,,,,,,,,,,,,,,,,,,,,,,,,,,,,,,,,
Tribune,Hearing of £190m case on 26th,NEGATIVE,NEUTRAL,,,,,,,,,,,,,,,,,,,,,,,,,,,,,,,,,,,,,,,,,,,,,,,,,,,,,
Tribune,Fazila and Kaiser's secret behind long marriage,NEGATIVE,NEUTRAL,,,,,,,,,,,,,,,,,,,,,,,,,,,,,,,,,,,,,,,,,,,,,,,,,,,,,
Tribune,Three take their own lives in Rawalpindi,NEGATIVE,NEGATIVE,,,,,,,,,,,,,,,,,,,,,,,,,,,,,,,,,,,,,,,,,,,,,,,,,,,,,
Tribune,War on women,NEGATIVE,NEGATIVE,,,,,,,,,,,,,,,,,,,,,,,,,,,,,,,,,,,,,,,,,,,,,,,,,,,,,
Tribune,Sahulat Bazaars to offer year-round relief,NEUTRAL,NEUTRAL,,,,,,,,,,,,,,,,,,,,,,,,,,,,,,,,,,,,,,,,,,,,,,,,,,,,,
Tribune,Cotton woes hurt textile exports,NEUTRAL,NEUTRAL,,,,,,,,,,,,,,,,,,,,,,,,,,,,,,,,,,,,,,,,,,,,,,,,,,,,,
Tribune,Slugfest in the Middle East,NEUTRAL,NEUTRAL,,,,,,,,,,,,,,,,,,,,,,,,,,,,,,,,,,,,,,,,,,,,,,,,,,,,,
Tribune,Salaried class slams 719% rise in tax burden,NEUTRAL,NEUTRAL,,,,,,,,,,,,,,,,,,,,,,,,,,,,,,,,,,,,,,,,,,,,,,,,,,,,,
Tribune,Tanker driver pushes bus full of picnickers into sidewalk,NEUTRAL,NEUTRAL,,,,,,,,,,,,,,,,,,,,,,,,,,,,,,,,,,,,,,,,,,,,,,,,,,,,,
Tribune,Man held for burning 10-month-old son,NEUTRAL,NEGATIVE,,,,,,,,,,,,,,,,,,,,,,,,,,,,,,,,,,,,,,,,,,,,,,,,,,,,,
Tribune,Sri Lanka deports dozens of Chinese,NEUTRAL,NEGATIVE,,,,,,,,,,,,,,,,,,,,,,,,,,,,,,,,,,,,,,,,,,,,,,,,,,,,,
Tribune,Two booked for TikToker's 'gang rape',NEGATIVE,NEUTRAL,,,,,,,,,,,,,,,,,,,,,,,,,,,,,,,,,,,,,,,,,,,,,,,,,,,,,
Tribune,The small graves of Gaza and the silence that enables them,NEUTRAL,NEGATIVE,,,,,,,,,,,,,,,,,,,,,,,,,,,,,,,,,,,,,,,,,,,,,,,,,,,,,
Tribune,PSX closes flat over Israel-Iran tensions,NEUTRAL,NEUTRAL,,,,,,,,,,,,,,,,,,,,,,,,,,,,,,,,,,,,,,,,,,,,,,,,,,,,,
Tribune,Fuel and food items lift SPI by 0.27%,NEGATIVE,NEUTRAL,,,,,,,,,,,,,,,,,,,,,,,,,,,,,,,,,,,,,,,,,,,,,,,,,,,,,
Tribune,Woman chokes husband to death,NEUTRAL,NEGATIVE,,,,,,,,,,,,,,,,,,,,,,,,,,,,,,,,,,,,,,,,,,,,,,,,,,,,,
Tribune,Water — not a bargaining chip,NEUTRAL,NEUTRAL,,,,,,,,,,,,,,,,,,,,,,,,,,,,,,,,,,,,,,,,,,,,,,,,,,,,,
Tribune,FTO prevents taxmen from sealing retail shops,NEUTRAL,NEUTRAL,,,,,,,,,,,,,,,,,,,,,,,,,,,,,,,,,,,,,,,,,,,,,,,,,,,,,
Tribune,Iran rejects nuclear talks with US,NEGATIVE,NEGATIVE,,,,,,,,,,,,,,,,,,,,,,,,,,,,,,,,,,,,,,,,,,,,,,,,,,,,,
Tribune,SHC orders opening of Governor House for acting governor,NEUTRAL,NEUTRAL,,,,,,,,,,,,,,,,,,,,,,,,,,,,,,,,,,,,,,,,,,,,,,,,,,,,,
Tribune,Art Basel opens to subdued market,NEGATIVE,NEUTRAL,,,,,,,,,,,,,,,,,,,,,,,,,,,,,,,,,,,,,,,,,,,,,,,,,,,,,
Tribune,Minister says M-6 to cost Rs364b,NEGATIVE,NEUTRAL,,,,,,,,,,,,,,,,,,,,,,,,,,,,,,,,,,,,,,,,,,,,,,,,,,,,,
Tribune,The sugar swindle,NEUTRAL,NEGATIVE,,,,,,,,,,,,,,,,,,,,,,,,,,,,,,,,,,,,,,,,,,,,,,,,,,,,,
Tribune,Omar warns of oil shock from conflict,NEGATIVE,NEUTRAL,,,,,,,,,,,,,,,,,,,,,,,,,,,,,,,,,,,,,,,,,,,,,,,,,,,,,
Tribune,Mexico's Chicano style meets Japan's Harajuku,NEUTRAL,NEUTRAL,,,,,,,,,,,,,,,,,,,,,,,,,,,,,,,,,,,,,,,,,,,,,,,,,,,,,
Tribune,CB mulls SC powers for 'complete justice',NEUTRAL,NEUTRAL,,,,,,,,,,,,,,,,,,,,,,,,,,,,,,,,,,,,,,,,,,,,,,,,,,,,,
Tribune,Ton-up Jaiswal makes Eng toil in first Test,NEGATIVE,NEUTRAL,,,,,,,,,,,,,,,,,,,,,,,,,,,,,,,,,,,,,,,,,,,,,,,,,,,,,
Tribune,Govt seeks input for NEV policy implementation,NEUTRAL,POSITIVE,,,,,,,,,,,,,,,,,,,,,,,,,,,,,,,,,,,,,,,,,,,,,,,,,,,,,
Tribune,Governor House's locks cause uproar in PA,NEUTRAL,NEUTRAL,,,,,,,,,,,,,,,,,,,,,,,,,,,,,,,,,,,,,,,,,,,,,,,,,,,,,
Tribune,Shandur Polo Festival kicks off in highlands,NEGATIVE,NEUTRAL,,,,,,,,,,,,,,,,,,,,,,,,,,,,,,,,,,,,,,,,,,,,,,,,,,,,,
Tribune,Senate session turns critical over budget,NEGATIVE,NEUTRAL,,,,,,,,,,,,,,,,,,,,,,,,,,,,,,,,,,,,,,,,,,,,,,,,,,,,,
Tribune,Peshawar sets up heatwave relief units,NEUTRAL,NEUTRAL,,,,,,,,,,,,,,,,,,,,,,,,,,,,,,,,,,,,,,,,,,,,,,,,,,,,,
Tribune,COAS makes pitch for trade with US,NEGATIVE,POSITIVE,,,,,,,,,,,,,,,,,,,,,,,,,,,,,,,,,,,,,,,,,,,,,,,,,,,,,
Tribune,Thousands protest against Israel,NEUTRAL,NEGATIVE,,,,,,,,,,,,,,,,,,,,,,,,,,,,,,,,,,,,,,,,,,,,,,,,,,,,,
Tribune,27 injured as track fault derails two trains,NEUTRAL,NEGATIVE,,,,,,,,,,,,,,,,,,,,,,,,,,,,,,,,,,,,,,,,,,,,,,,,,,,,,
Tribune,Govt approves funds for workers' welfare,NEGATIVE,NEUTRAL,,,,,,,,,,,,,,,,,,,,,,,,,,,,,,,,,,,,,,,,,,,,,,,,,,,,,
Tribune,"Cabinet okays uplift, pension reforms",POSITIVE,NEUTRAL,,,,,,,,,,,,,,,,,,,,,,,,,,,,,,,,,,,,,,,,,,,,,,,,,,,,,
Tribune,"Court settles conversion of three Hindu sisters, cousin",NEUTRAL,NEUTRAL,,,,,,,,,,,,,,,,,,,,,,,,,,,,,,,,,,,,,,,,,,,,,,,,,,,,,
Tribune,Alcaraz overcomes Munar to reach Queen's quarters,NEUTRAL,POSITIVE,,,,,,,,,,,,,,,,,,,,,,,,,,,,,,,,,,,,,,,,,,,,,,,,,,,,,
Tribune,Trump endorses Pakistan's rise as a regional stabiliser,NEUTRAL,POSITIVE,,,,,,,,,,,,,,,,,,,,,,,,,,,,,,,,,,,,,,,,,,,,,,,,,,,,,
Tribune,Jirga meets governor over post-merger grievances,NEUTRAL,NEUTRAL,,,,,,,,,,,,,,,,,,,,,,,,,,,,,,,,,,,,,,,,,,,,,,,,,,,,,
Tribune,Child hospitalised after being bitten by donkey,NEUTRAL,NEGATIVE,,,,,,,,,,,,,,,,,,,,,,,,,,,,,,,,,,,,,,,,,,,,,,,,,,,,,
Tribune,PIA flight brings back 121 Pakistanis from Iran,NEUTRAL,NEUTRAL,,,,,,,,,,,,,,,,,,,,,,,,,,,,,,,,,,,,,,,,,,,,,,,,,,,,,
Tribune,PHC questions FIR in PECA case,NEUTRAL,NEUTRAL,,,,,,,,,,,,,,,,,,,,,,,,,,,,,,,,,,,,,,,,,,,,,,,,,,,,,
Tribune,IT potential showcased at US investment conference,NEUTRAL,POSITIVE,,,,,,,,,,,,,,,,,,,,,,,,,,,,,,,,,,,,,,,,,,,,,,,,,,,,,
Tribune,Pope warns of AI risks to young brains,POSITIVE,NEUTRAL,,,,,,,,,,,,,,,,,,,,,,,,,,,,,,,,,,,,,,,,,,,,,,,,,,,,,
Tribune,Armenia PM in talks with Erdogan on 'historic' Turkey visit,NEUTRAL,NEUTRAL,,,,,,,,,,,,,,,,,,,,,,,,,,,,,,,,,,,,,,,,,,,,,,,,,,,,,
Tribune,Trump extends date of TikTok sale for third time,NEGATIVE,NEUTRAL,,,,,,,,,,,,,,,,,,,,,,,,,,,,,,,,,,,,,,,,,,,,,,,,,,,,,
Tribune,Deaths from Congo virus,NEUTRAL,NEGATIVE,,,,,,,,,,,,,,,,,,,,,,,,,,,,,,,,,,,,,,,,,,,,,,,,,,,,,
Tribune,Elite clubs come under tax ambit,NEUTRAL,NEUTRAL,,,,,,,,,,,,,,,,,,,,,,,,,,,,,,,,,,,,,,,,,,,,,,,,,,,,,
Tribune,KBBA announces two new tournaments,NEUTRAL,NEUTRAL,,,,,,,,,,,,,,,,,,,,,,,,,,,,,,,,,,,,,,,,,,,,,,,,,,,,,
Tribune,Oil prices slip as US sanctions ease fears,NEUTRAL,NEUTRAL,,,,,,,,,,,,,,,,,,,,,,,,,,,,,,,,,,,,,,,,,,,,,,,,,,,,,
Tribune,Body of veteran actress found days after her death,NEGATIVE,NEUTRAL,,,,,,,,,,,,,,,,,,,,,,,,,,,,,,,,,,,,,,,,,,,,,,,,,,,,,
Tribune,"WB, IMF climate snub 'worrying': COP29 presidency",NEUTRAL,NEUTRAL,,,,,,,,,,,,,,,,,,,,,,,,,,,,,,,,,,,,,,,,,,,,,,,,,,,,,
Tribune,Axe falls on Attock Jail superintendent,NEUTRAL,NEGATIVE,,,,,,,,,,,,,,,,,,,,,,,,,,,,,,,,,,,,,,,,,,,,,,,,,,,,,
Tribune,BD take control after dramatic turn in Galle Test,NEUTRAL,NEUTRAL,,,,,,,,,,,,,,,,,,,,,,,,,,,,,,,,,,,,,,,,,,,,,,,,,,,,,
Tribune,SBP injects Rs14tr to bridge gaps,NEUTRAL,NEUTRAL,,,,,,,,,,,,,,,,,,,,,,,,,,,,,,,,,,,,,,,,,,,,,,,,,,,,,
Tribune,"Israeli forces kill 60, half near aid centres",NEUTRAL,NEGATIVE,,,,,,,,,,,,,,,,,,,,,,,,,,,,,,,,,,,,,,,,,,,,,,,,,,,,,
Tribune,Salah in line for Player of Year award,NEUTRAL,POSITIVE,,,,,,,,,,,,,,,,,,,,,,,,,,,,,,,,,,,,,,,,,,,,,,,,,,,,,
Tribune,Khanpur Dam storage drops to critical level,NEUTRAL,NEGATIVE,,,,,,,,,,,,,,,,,,,,,,,,,,,,,,,,,,,,,,,,,,,,,,,,,,,,,
Tribune,Four held in triple murder case,NEUTRAL,NEUTRAL,,,,,,,,,,,,,,,,,,,,,,,,,,,,,,,,,,,,,,,,,,,,,,,,,,,,,
Tribune,PM directs expansion of PNSC fleet,NEUTRAL,NEUTRAL,,,,,,,,,,,,,,,,,,,,,,,,,,,,,,,,,,,,,,,,,,,,,,,,,,,,,
Tribune,WASA Lahore secures biggest budget share,NEUTRAL,NEUTRAL,,,,,,,,,,,,,,,,,,,,,,,,,,,,,,,,,,,,,,,,,,,,,,,,,,,,,
Tribune,Glacier crushes three selfie-taking tourists,NEGATIVE,NEGATIVE,,,,,,,,,,,,,,,,,,,,,,,,,,,,,,,,,,,,,,,,,,,,,,,,,,,,,
Tribune,Signal-free corridor takes shape in Pindi,NEUTRAL,NEUTRAL,,,,,,,,,,,,,,,,,,,,,,,,,,,,,,,,,,,,,,,,,,,,,,,,,,,,,
Tribune,Death wish or stress test?,NEUTRAL,NEGATIVE,,,,,,,,,,,,,,,,,,,,,,,,,,,,,,,,,,,,,,,,,,,,,,,,,,,,,
Tribune,"World Order — exceptionalism, aggression, brazen hypocrisy",NEUTRAL,NEGATIVE,,,,,,,,,,,,,,,,,,,,,,,,,,,,,,,,,,,,,,,,,,,,,,,,,,,,,
Tribune,Traders announce halting sugar sales over govt failure,NEUTRAL,NEGATIVE,,,,,,,,,,,,,,,,,,,,,,,,,,,,,,,,,,,,,,,,,,,,,,,,,,,,,
Tribune,Messi lights up Club World Cup,NEUTRAL,POSITIVE,,,,,,,,,,,,,,,,,,,,,,,,,,,,,,,,,,,,,,,,,,,,,,,,,,,,,
Tribune,Going loco for Labubu,NEUTRAL,NEUTRAL,,,,,,,,,,,,,,,,,,,,,,,,,,,,,,,,,,,,,,,,,,,,,,,,,,,,,
Tribune,Justice Shah warns against extending CB tenure,NEGATIVE,NEUTRAL,,,,,,,,,,,,,,,,,,,,,,,,,,,,,,,,,,,,,,,,,,,,,,,,,,,,,
Tribune,Teen social media ban clears first hurdle in Australia,NEGATIVE,NEUTRAL,,,,,,,,,,,,,,,,,,,,,,,,,,,,,,,,,,,,,,,,,,,,,,,,,,,,,
Tribune,"Pakistan, China & BD set up trilateral forum",NEUTRAL,POSITIVE,,,,,,,,,,,,,,,,,,,,,,,,,,,,,,,,,,,,,,,,,,,,,,,,,,,,,
Tribune,"Being refugee not a crime, says CM",NEUTRAL,NEUTRAL,,,,,,,,,,,,,,,,,,,,,,,,,,,,,,,,,,,,,,,,,,,,,,,,,,,,,
Tribune,Labuschagne dropped for first WI Test,NEGATIVE,NEUTRAL,,,,,,,,,,,,,,,,,,,,,,,,,,,,,,,,,,,,,,,,,,,,,,,,,,,,,
Tribune,LCCI for addressing Gulf visa challenges,NEUTRAL,NEGATIVE,,,,,,,,,,,,,,,,,,,,,,,,,,,,,,,,,,,,,,,,,,,,,,,,,,,,,
Tribune,Rs1.275tr loans signed to ease circular debt,NEUTRAL,NEUTRAL,,,,,,,,,,,,,,,,,,,,,,,,,,,,,,,,,,,,,,,,,,,,,,,,,,,,,
Tribune,PPP slams budget over South Punjab neglect,NEUTRAL,NEGATIVE,,,,,,,,,,,,,,,,,,,,,,,,,,,,,,,,,,,,,,,,,,,,,,,,,,,,,
Tribune,"Robbers barge into DHA home, arrested after shootout",NEUTRAL,NEGATIVE,,,,,,,,,,,,,,,,,,,,,,,,,,,,,,,,,,,,,,,,,,,,,,,,,,,,,
Tribune,Bilawal declares diplomatic triumph over India,NEUTRAL,NEUTRAL,,,,,,,,,,,,,,,,,,,,,,,,,,,,,,,,,,,,,,,,,,,,,,,,,,,,,
Tribune,Lahore's Puffball quits MUBI,NEUTRAL,NEGATIVE,,,,,,,,,,,,,,,,,,,,,,,,,,,,,,,,,,,,,,,,,,,,,,,,,,,,,
Tribune,More time to prepare for Wimbledon: Sinner,NEUTRAL,NEUTRAL,,,,,,,,,,,,,,,,,,,,,,,,,,,,,,,,,,,,,,,,,,,,,,,,,,,,,
Tribune,Punjab unveils Rs50b shrimp farming expansion plan,NEUTRAL,NEUTRAL,,,,,,,,,,,,,,,,,,,,,,,,,,,,,,,,,,,,,,,,,,,,,,,,,,,,,
Tribune,Pak qualify for FIH Nations Cup final,NEUTRAL,NEUTRAL,,,,,,,,,,,,,,,,,,,,,,,,,,,,,,,,,,,,,,,,,,,,,,,,,,,,,
Tribune,Steel sector warns of collapse,NEGATIVE,NEUTRAL,,,,,,,,,,,,,,,,,,,,,,,,,,,,,,,,,,,,,,,,,,,,,,,,,,,,,
Tribune,Man booked for assaulting wife,NEGATIVE,NEGATIVE,,,,,,,,,,,,,,,,,,,,,,,,,,,,,,,,,,,,,,,,,,,,,,,,,,,,,
Tribune,Uphill task,NEUTRAL,NEUTRAL,,,,,,,,,,,,,,,,,,,,,,,,,,,,,,,,,,,,,,,,,,,,,,,,,,,,,
Tribune,Separate office was ready for acting governor: spox,NEUTRAL,NEUTRAL,,,,,,,,,,,,,,,,,,,,,,,,,,,,,,,,,,,,,,,,,,,,,,,,,,,,,
Tribune,Italy's immigration and emigration both soaring,NEUTRAL,NEUTRAL,,,,,,,,,,,,,,,,,,,,,,,,,,,,,,,,,,,,,,,,,,,,,,,,,,,,,
Tribune,'Budget deepening inequality',NEUTRAL,NEGATIVE,,,,,,,,,,,,,,,,,,,,,,,,,,,,,,,,,,,,,,,,,,,,,,,,,,,,,
Tribune,Rail passengers suffer as cooling system collapses,NEUTRAL,NEGATIVE,,,,,,,,,,,,,,,,,,,,,,,,,,,,,,,,,,,,,,,,,,,,,,,,,,,,,
Tribune,Pakistani products shine at China expo,NEUTRAL,POSITIVE,,,,,,,,,,,,,,,,,,,,,,,,,,,,,,,,,,,,,,,,,,,,,,,,,,,,,
Tribune,Ayesha Khan found dead in her Karachi flat aged 76,NEGATIVE,POSITIVE,,,,,,,,,,,,,,,,,,,,,,,,,,,,,,,,,,,,,,,,,,,,,,,,,,,,,
Tribune,Poliovirus cripples child in Bannu,NEUTRAL,NEUTRAL,,,,,,,,,,,,,,,,,,,,,,,,,,,,,,,,,,,,,,,,,,,,,,,,,,,,,
Tribune,"Pakistan, US reaffirm commitment to peace",POSITIVE,POSITIVE,,,,,,,,,,,,,,,,,,,,,,,,,,,,,,,,,,,,,,,,,,,,,,,,,,,,,
Tribune,JI demands action against land-grabbers,NEUTRAL,NEUTRAL,,,,,,,,,,,,,,,,,,,,,,,,,,,,,,,,,,,,,,,,,,,,,,,,,,,,,
Tribune,NADRA amends national ID card rules,NEUTRAL,NEUTRAL,,,,,,,,,,,,,,,,,,,,,,,,,,,,,,,,,,,,,,,,,,,,,,,,,,,,,
Tribune,SBP seeks tax on foreign investment,NEUTRAL,NEUTRAL,,,,,,,,,,,,,,,,,,,,,,,,,,,,,,,,,,,,,,,,,,,,,,,,,,,,,
Tribune,Budget debate focuses on govt's performance,NEUTRAL,NEUTRAL,,,,,,,,,,,,,,,,,,,,,,,,,,,,,,,,,,,,,,,,,,,,,,,,,,,,,
Tribune,Freedom from eternal Hindu scorn? Paradox of Jinnah's Pakistan,NEUTRAL,NEGATIVE,,,,,,,,,,,,,,,,,,,,,,,,,,,,,,,,,,,,,,,,,,,,,,,,,,,,,
Tribune,PSX posts fourth weekly decline,NEUTRAL,NEUTRAL,,,,,,,,,,,,,,,,,,,,,,,,,,,,,,,,,,,,,,,,,,,,,,,,,,,,,
Tribune,Mob attacks murder suspect in court,NEUTRAL,NEGATIVE,,,,,,,,,,,,,,,,,,,,,,,,,,,,,,,,,,,,,,,,,,,,,,,,,,,,,
Tribune,City's first beach resort opens,NEUTRAL,POSITIVE,,,,,,,,,,,,,,,,,,,,,,,,,,,,,,,,,,,,,,,,,,,,,,,,,,,,,
Tribune,TTP group terrorist killed in DI Khan,NEGATIVE,NEGATIVE,,,,,,,,,,,,,,,,,,,,,,,,,,,,,,,,,,,,,,,,,,,,,,,,,,,,,
Tribune,"Treasury praises budget, opposition labels it 'cosmetic'",NEUTRAL,NEUTRAL,,,,,,,,,,,,,,,,,,,,,,,,,,,,,,,,,,,,,,,,,,,,,,,,,,,,,
Tribune,Horror of child pornography,NEGATIVE,NEUTRAL,,,,,,,,,,,,,,,,,,,,,,,,,,,,,,,,,,,,,,,,,,,,,,,,,,,,,
Tribune,Court shields foreign students at Harvard,NEUTRAL,NEUTRAL,,,,,,,,,,,,,,,,,,,,,,,,,,,,,,,,,,,,,,,,,,,,,,,,,,,,,
Tribune,CDWP greenlights Rs55b uplift projects,NEUTRAL,NEUTRAL,,,,,,,,,,,,,,,,,,,,,,,,,,,,,,,,,,,,,,,,,,,,,,,,,,,,,
Tribune,'Oil output hikes justified',NEUTRAL,NEUTRAL,,,,,,,,,,,,,,,,,,,,,,,,,,,,,,,,,,,,,,,,,,,,,,,,,,,,,
Tribune,Sri Lanka draw first Test with BD as rain hampers play,NEUTRAL,NEUTRAL,,,,,,,,,,,,,,,,,,,,,,,,,,,,,,,,,,,,,,,,,,,,,,,,,,,,,
Tribune,"KW&SC, Rangers crack down on water theft",NEUTRAL,NEUTRAL,,,,,,,,,,,,,,,,,,,,,,,,,,,,,,,,,,,,,,,,,,,,,,,,,,,,,
Tribune,Senate rejects 18% tax on solar panels,NEGATIVE,NEUTRAL,,,,,,,,,,,,,,,,,,,,,,,,,,,,,,,,,,,,,,,,,,,,,,,,,,,,,
Tribune,Study finds more microplastic in glass bottles than plastic,NEUTRAL,NEUTRAL,,,,,,,,,,,,,,,,,,,,,,,,,,,,,,,,,,,,,,,,,,,,,,,,,,,,,
Tribune,Bayern advance at Club World Cup,NEGATIVE,POSITIVE,,,,,,,,,,,,,,,,,,,,,,,,,,,,,,,,,,,,,,,,,,,,,,,,,,,,,
Tribune,"Russia offers stakes in its Nigeria oil, gas fields",NEUTRAL,NEUTRAL,,,,,,,,,,,,,,,,,,,,,,,,,,,,,,,,,,,,,,,,,,,,,,,,,,,,,
Tribune,Field Marshal Asim in Turkiye amid war,NEUTRAL,NEUTRAL,,,,,,,,,,,,,,,,,,,,,,,,,,,,,,,,,,,,,,,,,,,,,,,,,,,,,
Tribune,Pitt takes the wheel,NEUTRAL,NEUTRAL,,,,,,,,,,,,,,,,,,,,,,,,,,,,,,,,,,,,,,,,,,,,,,,,,,,,,
Tribune,PPP straddles the fence on ally's hybrid model claims,NEUTRAL,NEGATIVE,,,,,,,,,,,,,,,,,,,,,,,,,,,,,,,,,,,,,,,,,,,,,,,,,,,,,
Tribune,"Khanewal faces spree of robberies, murder",NEUTRAL,NEGATIVE,,,,,,,,,,,,,,,,,,,,,,,,,,,,,,,,,,,,,,,,,,,,,,,,,,,,,
Tribune,"New SOP for appointment, transfer of SHOs",NEUTRAL,NEUTRAL,,,,,,,,,,,,,,,,,,,,,,,,,,,,,,,,,,,,,,,,,,,,,,,,,,,,,
Tribune,Bumrah strikes but Duckett and Pope hold firm,NEGATIVE,NEUTRAL,,,,,,,,,,,,,,,,,,,,,,,,,,,,,,,,,,,,,,,,,,,,,,,,,,,,,
Tribune,Terror group identified in attack on Maulana Hamidul Haq,NEGATIVE,NEUTRAL,,,,,,,,,,,,,,,,,,,,,,,,,,,,,,,,,,,,,,,,,,,,,,,,,,,,,
Tribune,Israeli fire kills 8 near aid centres,NEUTRAL,NEGATIVE,,,,,,,,,,,,,,,,,,,,,,,,,,,,,,,,,,,,,,,,,,,,,,,,,,,,,
Tribune,Polio: no sign of abating,NEGATIVE,NEUTRAL,,,,,,,,,,,,,,,,,,,,,,,,,,,,,,,,,,,,,,,,,,,,,,,,,,,,,
Tribune,Two rescue officials die in road crash,NEGATIVE,NEUTRAL,,,,,,,,,,,,,,,,,,,,,,,,,,,,,,,,,,,,,,,,,,,,,,,,,,,,,
Tribune,PM Shehbaz wants timeline for Hajj 2026,NEGATIVE,NEUTRAL,,,,,,,,,,,,,,,,,,,,,,,,,,,,,,,,,,,,,,,,,,,,,,,,,,,,,
Tribune,"Weather to be cloudy, humid",NEUTRAL,NEUTRAL,,,,,,,,,,,,,,,,,,,,,,,,,,,,,,,,,,,,,,,,,,,,,,,,,,,,,
Tribune,Paulino pips Naser at Paris Diamond League,NEGATIVE,POSITIVE,,,,,,,,,,,,,,,,,,,,,,,,,,,,,,,,,,,,,,,,,,,,,,,,,,,,,
Tribune,The economy of ignorance,POSITIVE,NEGATIVE,,,,,,,,,,,,,,,,,,,,,,,,,,,,,,,,,,,,,,,,,,,,,,,,,,,,,
Tribune,FO assails Amit Shah for 'weaponising water',POSITIVE,NEGATIVE,,,,,,,,,,,,,,,,,,,,,,,,,,,,,,,,,,,,,,,,,,,,,,,,,,,,,
Tribune,ATC orders production of witnesses in ransacking case,NEGATIVE,NEUTRAL,,,,,,,,,,,,,,,,,,,,,,,,,,,,,,,,,,,,,,,,,,,,,,,,,,,,,
Tribune,NEV policy to help address air pollution crisis,NEUTRAL,POSITIVE,,,,,,,,,,,,,,,,,,,,,,,,,,,,,,,,,,,,,,,,,,,,,,,,,,,,,
Tribune,Polio detected in samples from seven districts,NEUTRAL,NEUTRAL,,,,,,,,,,,,,,,,,,,,,,,,,,,,,,,,,,,,,,,,,,,,,,,,,,,,,
Tribune,SEPCO line superintendent stabbed to death,NEUTRAL,NEGATIVE,,,,,,,,,,,,,,,,,,,,,,,,,,,,,,,,,,,,,,,,,,,,,,,,,,,,,
Tribune,"Gaza bleeds, humanity fails",NEUTRAL,NEGATIVE,,,,,,,,,,,,,,,,,,,,,,,,,,,,,,,,,,,,,,,,,,,,,,,,,,,,,
Tribune,Chris Brown pleads not guilty,POSITIVE,NEUTRAL,,,,,,,,,,,,,,,,,,,,,,,,,,,,,,,,,,,,,,,,,,,,,,,,,,,,,
Tribune,Himalayan snow at 23-year low,NEUTRAL,NEGATIVE,,,,,,,,,,,,,,,,,,,,,,,,,,,,,,,,,,,,,,,,,,,,,,,,,,,,,
Tribune,FBR clarifies concerns over tax law amendments,NEGATIVE,NEUTRAL,,,,,,,,,,,,,,,,,,,,,,,,,,,,,,,,,,,,,,,,,,,,,,,,,,,,,
Tribune,Rain brings respite to twin cities,NEUTRAL,POSITIVE,,,,,,,,,,,,,,,,,,,,,,,,,,,,,,,,,,,,,,,,,,,,,,,,,,,,,
Tribune,"Inflation, rupee dip lift FBR taxes",NEUTRAL,POSITIVE,,,,,,,,,,,,,,,,,,,,,,,,,,,,,,,,,,,,,,,,,,,,,,,,,,,,,
Tribune,Labourer falls to death from rooftop,NEUTRAL,NEGATIVE,,,,,,,,,,,,,,,,,,,,,,,,,,,,,,,,,,,,,,,,,,,,,,,,,,,,,
Tribune,Heavy downpours wreak havoc in Dir,NEUTRAL,NEUTRAL,,,,,,,,,,,,,,,,,,,,,,,,,,,,,,,,,,,,,,,,,,,,,,,,,,,,,
Tribune,Man dies as brick kiln wall collapses,NEUTRAL,NEGATIVE,,,,,,,,,,,,,,,,,,,,,,,,,,,,,,,,,,,,,,,,,,,,,,,,,,,,,
Tribune,Zardari pays tribute to late Benazir,NEUTRAL,NEUTRAL,,,,,,,,,,,,,,,,,,,,,,,,,,,,,,,,,,,,,,,,,,,,,,,,,,,,,
Tribune,"Sanam, Mohib announce birth of their first baby",NEUTRAL,POSITIVE,,,,,,,,,,,,,,,,,,,,,,,,,,,,,,,,,,,,,,,,,,,,,,,,,,,,,
Tribune,"In Hunza Valley, a small revolution among women",NEUTRAL,NEUTRAL,,,,,,,,,,,,,,,,,,,,,,,,,,,,,,,,,,,,,,,,,,,,,,,,,,,,,
Tribune,Belarus frees jailed opposition leader after appeal from US,NEUTRAL,NEUTRAL,,,,,,,,,,,,,,,,,,,,,,,,,,,,,,,,,,,,,,,,,,,,,,,,,,,,,
Tribune,Two suspects killed in encounters,NEGATIVE,NEGATIVE,,,,,,,,,,,,,,,,,,,,,,,,,,,,,,,,,,,,,,,,,,,,,,,,,,,,,
Tribune,Taxman gets arrest powers,NEUTRAL,NEUTRAL,,,,,,,,,,,,,,,,,,,,,,,,,,,,,,,,,,,,,,,,,,,,,,,,,,,,,
Tribune,'Arribada' vanishes from shores,NEUTRAL,NEUTRAL,,,,,,,,,,,,,,,,,,,,,,,,,,,,,,,,,,,,,,,,,,,,,,,,,,,,,
Tribune,Pak hockey in severe crisis yet again,NEUTRAL,NEGATIVE,,,,,,,,,,,,,,,,,,,,,,,,,,,,,,,,,,,,,,,,,,,,,,,,,,,,,
Tribune,Cash-strapped poultry scheme scrapped,NEUTRAL,NEUTRAL,,,,,,,,,,,,,,,,,,,,,,,,,,,,,,,,,,,,,,,,,,,,,,,,,,,,,
Tribune,Govt scrambles for oil backup plans,NEUTRAL,NEUTRAL,,,,,,,,,,,,,,,,,,,,,,,,,,,,,,,,,,,,,,,,,,,,,,,,,,,,,
Tribune,Ex-teacher held for 'grave' crime,POSITIVE,NEUTRAL,,,,,,,,,,,,,,,,,,,,,,,,,,,,,,,,,,,,,,,,,,,,,,,,,,,,,
Tribune,"K-P budget to be approved only after Imran's nod, says CM's aide",NEUTRAL,NEUTRAL,,,,,,,,,,,,,,,,,,,,,,,,,,,,,,,,,,,,,,,,,,,,,,,,,,,,,
Tribune,Heatwave brings life to standstill,NEUTRAL,NEGATIVE,,,,,,,,,,,,,,,,,,,,,,,,,,,,,,,,,,,,,,,,,,,,,,,,,,,,,
Tribune,President says skill development vital,NEUTRAL,POSITIVE,,,,,,,,,,,,,,,,,,,,,,,,,,,,,,,,,,,,,,,,,,,,,,,,,,,,,
Tribune,EU cracks down on pet cruelty with new law,NEUTRAL,NEUTRAL,,,,,,,,,,,,,,,,,,,,,,,,,,,,,,,,,,,,,,,,,,,,,,,,,,,,,
Tribune,Vondrousova ousts top seed Sabalenka,NEUTRAL,NEUTRAL,,,,,,,,,,,,,,,,,,,,,,,,,,,,,,,,,,,,,,,,,,,,,,,,,,,,,
Tribune,Water disaster in making,NEUTRAL,NEGATIVE,,,,,,,,,,,,,,,,,,,,,,,,,,,,,,,,,,,,,,,,,,,,,,,,,,,,,
Tribune,Lehecka stuns Draper to reach Queen's final,NEUTRAL,NEUTRAL,,,,,,,,,,,,,,,,,,,,,,,,,,,,,,,,,,,,,,,,,,,,,,,,,,,,,
Tribune,Why China and Russia will not enter Iran-Israel war,NEGATIVE,NEUTRAL,,,,,,,,,,,,,,,,,,,,,,,,,,,,,,,,,,,,,,,,,,,,,,,,,,,,,
Tribune,Murder suspect killed in attack,NEGATIVE,NEGATIVE,,,,,,,,,,,,,,,,,,,,,,,,,,,,,,,,,,,,,,,,,,,,,,,,,,,,,
Tribune,CM vows plantation on 50k acres,NEUTRAL,NEUTRAL,,,,,,,,,,,,,,,,,,,,,,,,,,,,,,,,,,,,,,,,,,,,,,,,,,,,,
Tribune,In sync with Samina,NEUTRAL,NEUTRAL,,,,,,,,,,,,,,,,,,,,,,,,,,,,,,,,,,,,,,,,,,,,,,,,,,,,,
Tribune,Pakistan to recommend Trump for Nobel Peace Prize,NEUTRAL,NEUTRAL,,,,,,,,,,,,,,,,,,,,,,,,,,,,,,,,,,,,,,,,,,,,,,,,,,,,,
Tribune,Jail staffer booked for 'raping' child,NEUTRAL,NEGATIVE,,,,,,,,,,,,,,,,,,,,,,,,,,,,,,,,,,,,,,,,,,,,,,,,,,,,,
Tribune,NICVD boss dismisses corruption charges,NEGATIVE,NEUTRAL,,,,,,,,,,,,,,,,,,,,,,,,,,,,,,,,,,,,,,,,,,,,,,,,,,,,,
Tribune,PNF names Pak netball team for Asian event,NEUTRAL,NEUTRAL,,,,,,,,,,,,,,,,,,,,,,,,,,,,,,,,,,,,,,,,,,,,,,,,,,,,,
Tribune,"Banking institute, cyber firm collaborate on security",NEUTRAL,NEUTRAL,,,,,,,,,,,,,,,,,,,,,,,,,,,,,,,,,,,,,,,,,,,,,,,,,,,,,
Tribune,Chaudhry appointed as acting Wapda chairman,NEUTRAL,NEUTRAL,,,,,,,,,,,,,,,,,,,,,,,,,,,,,,,,,,,,,,,,,,,,,,,,,,,,,
Tribune,"Three involved in firing, extortion held",NEUTRAL,NEGATIVE,,,,,,,,,,,,,,,,,,,,,,,,,,,,,,,,,,,,,,,,,,,,,,,,,,,,,
Tribune,GHQ attack case hearing deferred once again,NEUTRAL,NEUTRAL,,,,,,,,,,,,,,,,,,,,,,,,,,,,,,,,,,,,,,,,,,,,,,,,,,,,,
Tribune,Textile industry for adopting proposals,NEUTRAL,NEUTRAL,,,,,,,,,,,,,,,,,,,,,,,,,,,,,,,,,,,,,,,,,,,,,,,,,,,,,
Tribune,Kidnapped citizen rescued by police,POSITIVE,NEGATIVE,,,,,,,,,,,,,,,,,,,,,,,,,,,,,,,,,,,,,,,,,,,,,,,,,,,,,
Tribune,Dar says Israeli aggression threatens regional stability,NEGATIVE,NEGATIVE,,,,,,,,,,,,,,,,,,,,,,,,,,,,,,,,,,,,,,,,,,,,,,,,,,,,,
Tribune,EU seeks 'digital sovereignty',NEUTRAL,POSITIVE,,,,,,,,,,,,,,,,,,,,,,,,,,,,,,,,,,,,,,,,,,,,,,,,,,,,,
Tribune,College excluded from PSDP,NEUTRAL,NEGATIVE,,,,,,,,,,,,,,,,,,,,,,,,,,,,,,,,,,,,,,,,,,,,,,,,,,,,,
Tribune,"Educators, clerks denounce new budget",NEUTRAL,NEGATIVE,,,,,,,,,,,,,,,,,,,,,,,,,,,,,,,,,,,,,,,,,,,,,,,,,,,,,
Tribune,Govt urged to rethink new taxes,NEUTRAL,NEUTRAL,,,,,,,,,,,,,,,,,,,,,,,,,,,,,,,,,,,,,,,,,,,,,,,,,,,,,
Tribune,Iran-Israel conflict: what it means for Pakistan,NEUTRAL,NEUTRAL,,,,,,,,,,,,,,,,,,,,,,,,,,,,,,,,,,,,,,,,,,,,,,,,,,,,,
Tribune,Timely energy projects 'top priority',NEGATIVE,NEUTRAL,,,,,,,,,,,,,,,,,,,,,,,,,,,,,,,,,,,,,,,,,,,,,,,,,,,,,
Tribune,Varsity victory,NEUTRAL,POSITIVE,,,,,,,,,,,,,,,,,,,,,,,,,,,,,,,,,,,,,,,,,,,,,,,,,,,,,
Tribune,Bublik produces masterclass to win Halle final,NEUTRAL,NEUTRAL,,,,,,,,,,,,,,,,,,,,,,,,,,,,,,,,,,,,,,,,,,,,,,,,,,,,,
Tribune,Iran-Israel conflict could impact Pakistan: Masood,NEUTRAL,NEGATIVE,,,,,,,,,,,,,,,,,,,,,,,,,,,,,,,,,,,,,,,,,,,,,,,,,,,,,
Tribune,Pro-Palestinian activist set free on US judge's orders,NEUTRAL,NEUTRAL,,,,,,,,,,,,,,,,,,,,,,,,,,,,,,,,,,,,,,,,,,,,,,,,,,,,,
Tribune,Over 250 Air India crash victims identified,NEGATIVE,NEGATIVE,,,,,,,,,,,,,,,,,,,,,,,,,,,,,,,,,,,,,,,,,,,,,,,,,,,,,
Tribune,Stray bullets injure over 20 in four days,NEUTRAL,NEGATIVE,,,,,,,,,,,,,,,,,,,,,,,,,,,,,,,,,,,,,,,,,,,,,,,,,,,,,
Tribune,Man City squad must be trimmed: Guardiola,NEUTRAL,NEUTRAL,,,,,,,,,,,,,,,,,,,,,,,,,,,,,,,,,,,,,,,,,,,,,,,,,,,,,
Tribune,Moot urges child-focused climate action,NEUTRAL,NEUTRAL,,,,,,,,,,,,,,,,,,,,,,,,,,,,,,,,,,,,,,,,,,,,,,,,,,,,,
Tribune,An ideal five-year economic policy,NEUTRAL,POSITIVE,,,,,,,,,,,,,,,,,,,,,,,,,,,,,,,,,,,,,,,,,,,,,,,,,,,,,
Tribune,US airlines at risk as global carriers bypass Middle East,NEGATIVE,NEGATIVE,,,,,,,,,,,,,,,,,,,,,,,,,,,,,,,,,,,,,,,,,,,,,,,,,,,,,
Tribune,"AI gamble must be smart, not just fast",NEUTRAL,NEUTRAL,,,,,,,,,,,,,,,,,,,,,,,,,,,,,,,,,,,,,,,,,,,,,,,,,,,,,
Tribune,Alia Soomro denounces propaganda,POSITIVE,NEUTRAL,,,,,,,,,,,,,,,,,,,,,,,,,,,,,,,,,,,,,,,,,,,,,,,,,,,,,
Tribune,A case to abolish capital gains tax,NEUTRAL,NEUTRAL,,,,,,,,,,,,,,,,,,,,,,,,,,,,,,,,,,,,,,,,,,,,,,,,,,,,,
Tribune,IOC chief Coventry ready for the office,NEUTRAL,NEUTRAL,,,,,,,,,,,,,,,,,,,,,,,,,,,,,,,,,,,,,,,,,,,,,,,,,,,,,
Tribune,Rawalpindi completes Leh dredging,NEUTRAL,NEUTRAL,,,,,,,,,,,,,,,,,,,,,,,,,,,,,,,,,,,,,,,,,,,,,,,,,,,,,
Tribune,BD's key pacers to return for SL series,NEGATIVE,NEUTRAL,,,,,,,,,,,,,,,,,,,,,,,,,,,,,,,,,,,,,,,,,,,,,,,,,,,,,
Tribune,Speaker Swati slams US strike on Iran,NEUTRAL,NEGATIVE,,,,,,,,,,,,,,,,,,,,,,,,,,,,,,,,,,,,,,,,,,,,,,,,,,,,,
Tribune,South Punjab records frequent suicide cases,POSITIVE,NEUTRAL,,,,,,,,,,,,,,,,,,,,,,,,,,,,,,,,,,,,,,,,,,,,,,,,,,,,,
Tribune,New diabetes centre opens for children in Swabi,NEUTRAL,NEUTRAL,,,,,,,,,,,,,,,,,,,,,,,,,,,,,,,,,,,,,,,,,,,,,,,,,,,,,
Tribune,Govt urged to withdraw Trump nomination,NEUTRAL,NEGATIVE,,,,,,,,,,,,,,,,,,,,,,,,,,,,,,,,,,,,,,,,,,,,,,,,,,,,,
Tribune,Pakistan's governance crisis impedes prosperity,POSITIVE,NEGATIVE,,,,,,,,,,,,,,,,,,,,,,,,,,,,,,,,,,,,,,,,,,,,,,,,,,,,,
Tribune,Only state can announce jihad: DG ISPR,NEUTRAL,NEUTRAL,,,,,,,,,,,,,,,,,,,,,,,,,,,,,,,,,,,,,,,,,,,,,,,,,,,,,
Tribune,Mango festival opens amid climate impact concerns,NEUTRAL,POSITIVE,,,,,,,,,,,,,,,,,,,,,,,,,,,,,,,,,,,,,,,,,,,,,,,,,,,,,
Tribune,Pakistan must navigate carefully,NEUTRAL,NEUTRAL,,,,,,,,,,,,,,,,,,,,,,,,,,,,,,,,,,,,,,,,,,,,,,,,,,,,,
Tribune,"Juvenile, women jails offer rehabilitative environment",NEUTRAL,NEUTRAL,,,,,,,,,,,,,,,,,,,,,,,,,,,,,,,,,,,,,,,,,,,,,,,,,,,,,
Tribune,TikToker Babrah arrested for drug dealing,NEUTRAL,NEUTRAL,,,,,,,,,,,,,,,,,,,,,,,,,,,,,,,,,,,,,,,,,,,,,,,,,,,,,
Tribune,Dragnet against drug dealers in Clifton,NEGATIVE,NEUTRAL,,,,,,,,,,,,,,,,,,,,,,,,,,,,,,,,,,,,,,,,,,,,,,,,,,,,,
Tribune,Ex-CM's son killed in brazen Khuzdar ambush,NEGATIVE,NEGATIVE,,,,,,,,,,,,,,,,,,,,,,,,,,,,,,,,,,,,,,,,,,,,,,,,,,,,,
Tribune,Land price mismatch mars auction,NEUTRAL,NEGATIVE,,,,,,,,,,,,,,,,,,,,,,,,,,,,,,,,,,,,,,,,,,,,,,,,,,,,,
Tribune,People flock to recreational spots as weather turns pleasant,NEUTRAL,POSITIVE,,,,,,,,,,,,,,,,,,,,,,,,,,,,,,,,,,,,,,,,,,,,,,,,,,,,,
Tribune,FBR extends software integration date,NEGATIVE,NEUTRAL,,,,,,,,,,,,,,,,,,,,,,,,,,,,,,,,,,,,,,,,,,,,,,,,,,,,,
Tribune,Sri Lanka's sacred alms bowl faces modern crisis,NEGATIVE,NEUTRAL,,,,,,,,,,,,,,,,,,,,,,,,,,,,,,,,,,,,,,,,,,,,,,,,,,,,,
Tribune,BTS member SUGA's military service ends,NEUTRAL,NEUTRAL,,,,,,,,,,,,,,,,,,,,,,,,,,,,,,,,,,,,,,,,,,,,,,,,,,,,,
Tribune,Rawalpindi Board exams conclude,NEUTRAL,POSITIVE,,,,,,,,,,,,,,,,,,,,,,,,,,,,,,,,,,,,,,,,,,,,,,,,,,,,,
Tribune,1st phase of PCB skills camp ends,NEUTRAL,NEUTRAL,,,,,,,,,,,,,,,,,,,,,,,,,,,,,,,,,,,,,,,,,,,,,,,,,,,,,
Tribune,Inter Milan claim first win at Club WC,NEGATIVE,NEUTRAL,,,,,,,,,,,,,,,,,,,,,,,,,,,,,,,,,,,,,,,,,,,,,,,,,,,,,
Tribune,"Conference urges safer, standardised aesthetic practices",NEUTRAL,NEUTRAL,,,,,,,,,,,,,,,,,,,,,,,,,,,,,,,,,,,,,,,,,,,,,,,,,,,,,
Tribune,Rain draws crowds to parks,NEUTRAL,POSITIVE,,,,,,,,,,,,,,,,,,,,,,,,,,,,,,,,,,,,,,,,,,,,,,,,,,,,,
Tribune,"Man fails to pay phone instalments, commits suicide",NEGATIVE,NEGATIVE,,,,,,,,,,,,,,,,,,,,,,,,,,,,,,,,,,,,,,,,,,,,,,,,,,,,,
Tribune,Canada cruise to T20 World Cup 2026,NEUTRAL,POSITIVE,,,,,,,,,,,,,,,,,,,,,,,,,,,,,,,,,,,,,,,,,,,,,,,,,,,,,
Tribune,NSC convenes today to ponder regional scenario,NEUTRAL,NEUTRAL,,,,,,,,,,,,,,,,,,,,,,,,,,,,,,,,,,,,,,,,,,,,,,,,,,,,,
Tribune,Seven injured as roof caves in,NEUTRAL,NEUTRAL,,,,,,,,,,,,,,,,,,,,,,,,,,,,,,,,,,,,,,,,,,,,,,,,,,,,,
Tribune,Five dead as Bannu families clash,NEUTRAL,NEUTRAL,,,,,,,,,,,,,,,,,,,,,,,,,,,,,,,,,,,,,,,,,,,,,,,,,,,,,
Tribune,Peshawar buckles under urban sprawl,NEUTRAL,NEGATIVE,,,,,,,,,,,,,,,,,,,,,,,,,,,,,,,,,,,,,,,,,,,,,,,,,,,,,
Tribune,Rs36b mini-budget proposed,NEUTRAL,NEUTRAL,,,,,,,,,,,,,,,,,,,,,,,,,,,,,,,,,,,,,,,,,,,,,,,,,,,,,
Tribune,PTMs: student perspective,NEUTRAL,NEGATIVE,,,,,,,,,,,,,,,,,,,,,,,,,,,,,,,,,,,,,,,,,,,,,,,,,,,,,
Tribune,"Tehreek-e-Insaf slams US strikes, demands APC",NEUTRAL,NEGATIVE,,,,,,,,,,,,,,,,,,,,,,,,,,,,,,,,,,,,,,,,,,,,,,,,,,,,,
Tribune,'E-vehicle policy to ensure greener Pakistan',NEGATIVE,POSITIVE,,,,,,,,,,,,,,,,,,,,,,,,,,,,,,,,,,,,,,,,,,,,,,,,,,,,,
Tribune,KU halts PhD admissions in many depts,NEUTRAL,NEUTRAL,,,,,,,,,,,,,,,,,,,,,,,,,,,,,,,,,,,,,,,,,,,,,,,,,,,,,
Tribune,Ravi Shastri warns of Bumrah overuse,POSITIVE,POSITIVE,,,,,,,,,,,,,,,,,,,,,,,,,,,,,,,,,,,,,,,,,,,,,,,,,,,,,
Tribune,Four minor tremors felt in city,NEGATIVE,NEUTRAL,,,,,,,,,,,,,,,,,,,,,,,,,,,,,,,,,,,,,,,,,,,,,,,,,,,,,
Tribune,When geography meets geopolitics,NEUTRAL,NEUTRAL,,,,,,,,,,,,,,,,,,,,,,,,,,,,,,,,,,,,,,,,,,,,,,,,,,,,,
Tribune,Venice locals fed up with Bezos wedding,NEGATIVE,NEUTRAL,,,,,,,,,,,,,,,,,,,,,,,,,,,,,,,,,,,,,,,,,,,,,,,,,,,,,
Tribune,"RTH, RMC at loggerheads over vacant plot",NEUTRAL,NEUTRAL,,,,,,,,,,,,,,,,,,,,,,,,,,,,,,,,,,,,,,,,,,,,,,,,,,,,,
Tribune,KMC set to unveil surplus budget this week,NEUTRAL,NEUTRAL,,,,,,,,,,,,,,,,,,,,,,,,,,,,,,,,,,,,,,,,,,,,,,,,,,,,,
Tribune,20 killed in Syria church suicide bombing,POSITIVE,NEGATIVE,,,,,,,,,,,,,,,,,,,,,,,,,,,,,,,,,,,,,,,,,,,,,,,,,,,,,
Tribune,Monsoon preparedness,NEUTRAL,NEGATIVE,,,,,,,,,,,,,,,,,,,,,,,,,,,,,,,,,,,,,,,,,,,,,,,,,,,,,
Tribune,Americans rudest on the internet,NEGATIVE,NEUTRAL,,,,,,,,,,,,,,,,,,,,,,,,,,,,,,,,,,,,,,,,,,,,,,,,,,,,,
Tribune,Six dead as rains batter Khyber-Pakhtunkhwa,NEUTRAL,NEGATIVE,,,,,,,,,,,,,,,,,,,,,,,,,,,,,,,,,,,,,,,,,,,,,,,,,,,,,
Tribune,"Sugar, rice prices soar in wholesale markets",NEGATIVE,NEGATIVE,,,,,,,,,,,,,,,,,,,,,,,,,,,,,,,,,,,,,,,,,,,,,,,,,,,,,
Tribune,Mosaic floors found in ancient Olympos church,NEUTRAL,NEUTRAL,,,,,,,,,,,,,,,,,,,,,,,,,,,,,,,,,,,,,,,,,,,,,,,,,,,,,
Tribune,Woman set ablaze over phone access dispute,NEUTRAL,NEGATIVE,,,,,,,,,,,,,,,,,,,,,,,,,,,,,,,,,,,,,,,,,,,,,,,,,,,,,
Tribune,"Camel rearing can drive livestock growth, say officials",NEUTRAL,POSITIVE,,,,,,,,,,,,,,,,,,,,,,,,,,,,,,,,,,,,,,,,,,,,,,,,,,,,,
Tribune,Awami Tehreek marks death anniversary of Rasool Bux Palijo,NEUTRAL,NEUTRAL,,,,,,,,,,,,,,,,,,,,,,,,,,,,,,,,,,,,,,,,,,,,,,,,,,,,,
Tribune,Pakistan's moment for structural reforms,NEUTRAL,POSITIVE,,,,,,,,,,,,,,,,,,,,,,,,,,,,,,,,,,,,,,,,,,,,,,,,,,,,,
Tribune,Three dead in Algeria stadium stampede,NEUTRAL,NEGATIVE,,,,,,,,,,,,,,,,,,,,,,,,,,,,,,,,,,,,,,,,,,,,,,,,,,,,,
Tribune,Ex-education authority chief held for 'corruption',NEUTRAL,NEGATIVE,,,,,,,,,,,,,,,,,,,,,,,,,,,,,,,,,,,,,,,,,,,,,,,,,,,,,
Tribune,Over 70 orators banned ahead of Muharram,NEUTRAL,NEUTRAL,,,,,,,,,,,,,,,,,,,,,,,,,,,,,,,,,,,,,,,,,,,,,,,,,,,,,
Tribune,Alcaraz crowned king of Queen's for second time,NEGATIVE,POSITIVE,,,,,,,,,,,,,,,,,,,,,,,,,,,,,,,,,,,,,,,,,,,,,,,,,,,,,
Tribune,"No power outage during Ashura, DISCOs ordered",NEGATIVE,NEUTRAL,,,,,,,,,,,,,,,,,,,,,,,,,,,,,,,,,,,,,,,,,,,,,,,,,,,,,
Tribune,Bumpy road to sustainability,NEUTRAL,NEUTRAL,,,,,,,,,,,,,,,,,,,,,,,,,,,,,,,,,,,,,,,,,,,,,,,,,,,,,
Tribune,Shopkeepers ignore official prices,NEUTRAL,NEUTRAL,,,,,,,,,,,,,,,,,,,,,,,,,,,,,,,,,,,,,,,,,,,,,,,,,,,,,
Tribune,OIC calls for 'strict adherence' to IWT,POSITIVE,NEUTRAL,,,,,,,,,,,,,,,,,,,,,,,,,,,,,,,,,,,,,,,,,,,,,,,,,,,,,
Tribune,Climate crisis affects Pakistan education,NEUTRAL,NEGATIVE,,,,,,,,,,,,,,,,,,,,,,,,,,,,,,,,,,,,,,,,,,,,,,,,,,,,,
Tribune,Pre-monsoon rain exposes drainage failures,NEUTRAL,NEGATIVE,,,,,,,,,,,,,,,,,,,,,,,,,,,,,,,,,,,,,,,,,,,,,,,,,,,,,
Tribune,The shark's not working',POSITIVE,NEUTRAL,,,,,,,,,,,,,,,,,,,,,,,,,,,,,,,,,,,,,,,,,,,,,,,,,,,,,
Tribune,Sanitation workers get cash rewards,NEUTRAL,NEUTRAL,,,,,,,,,,,,,,,,,,,,,,,,,,,,,,,,,,,,,,,,,,,,,,,,,,,,,
Tribune,Gulf states on high alert after US strikes Iran,NEUTRAL,NEUTRAL,,,,,,,,,,,,,,,,,,,,,,,,,,,,,,,,,,,,,,,,,,,,,,,,,,,,,
Tribune,Eid meat glut leaves butchers jobless,NEGATIVE,NEGATIVE,,,,,,,,,,,,,,,,,,,,,,,,,,,,,,,,,,,,,,,,,,,,,,,,,,,,,
Tribune,US attack on Iran: JI announces country-wide protests,NEUTRAL,NEGATIVE,,,,,,,,,,,,,,,,,,,,,,,,,,,,,,,,,,,,,,,,,,,,,,,,,,,,,
Tribune,Boat ferrying 19 missing near Comoros,NEUTRAL,NEUTRAL,,,,,,,,,,,,,,,,,,,,,,,,,,,,,,,,,,,,,,,,,,,,,,,,,,,,,
Tribune,Kalam boat tragedy claims five lives,NEUTRAL,NEUTRAL,,,,,,,,,,,,,,,,,,,,,,,,,,,,,,,,,,,,,,,,,,,,,,,,,,,,,
Tribune,The four-day Indo-Pak spat,NEUTRAL,NEGATIVE,,,,,,,,,,,,,,,,,,,,,,,,,,,,,,,,,,,,,,,,,,,,,,,,,,,,,
Tribune,US attack: unravelling Iran's 75 years of work,NEUTRAL,NEGATIVE,,,,,,,,,,,,,,,,,,,,,,,,,,,,,,,,,,,,,,,,,,,,,,,,,,,,,
Tribune,Tens of thousands join pro-Palestinian marches,NEUTRAL,NEGATIVE,,,,,,,,,,,,,,,,,,,,,,,,,,,,,,,,,,,,,,,,,,,,,,,,,,,,,
Tribune,World reacts to strikes as 'dangerous escalation',NEGATIVE,NEUTRAL,,,,,,,,,,,,,,,,,,,,,,,,,,,,,,,,,,,,,,,,,,,,,,,,,,,,,
Tribune,Iran's N-sites hit as US inserts itself into war,NEUTRAL,NEUTRAL,,,,,,,,,,,,,,,,,,,,,,,,,,,,,,,,,,,,,,,,,,,,,,,,,,,,,
Tribune,Visiting lecturer dismissed over alleged harassment,NEUTRAL,NEUTRAL,,,,,,,,,,,,,,,,,,,,,,,,,,,,,,,,,,,,,,,,,,,,,,,,,,,,,
Tribune,Crisis to cannonade,POSITIVE,NEUTRAL,,,,,,,,,,,,,,,,,,,,,,,,,,,,,,,,,,,,,,,,,,,,,,,,,,,,,
Tribune,"War indispensable if India violates IWT, says Bilawal",NEUTRAL,NEGATIVE,,,,,,,,,,,,,,,,,,,,,,,,,,,,,,,,,,,,,,,,,,,,,,,,,,,,,
Tribune,Quality assurance panels to monitor projects,NEGATIVE,NEUTRAL,,,,,,,,,,,,,,,,,,,,,,,,,,,,,,,,,,,,,,,,,,,,,,,,,,,,,
Tribune,New rescue station opens,NEUTRAL,NEUTRAL,,,,,,,,,,,,,,,,,,,,,,,,,,,,,,,,,,,,,,,,,,,,,,,,,,,,,
Tribune,"Turkiye looks for jointventures in IT, tourism",NEUTRAL,POSITIVE,,,,,,,,,,,,,,,,,,,,,,,,,,,,,,,,,,,,,,,,,,,,,,,,,,,,,
Tribune,Japanese sunscreens go global as influencers drive skincare boom,NEUTRAL,POSITIVE,,,,,,,,,,,,,,,,,,,,,,,,,,,,,,,,,,,,,,,,,,,,,,,,,,,,,
Tribune,Guardiola wanted more goals against Al-Ain,NEGATIVE,NEUTRAL,,,,,,,,,,,,,,,,,,,,,,,,,,,,,,,,,,,,,,,,,,,,,,,,,,,,,
Tribune,Where is Iran's uranium?,NEUTRAL,NEUTRAL,,,,,,,,,,,,,,,,,,,,,,,,,,,,,,,,,,,,,,,,,,,,,,,,,,,,,
Tribune,Curtain falls on Larkana theatre festival,NEUTRAL,NEUTRAL,,,,,,,,,,,,,,,,,,,,,,,,,,,,,,,,,,,,,,,,,,,,,,,,,,,,,
Tribune,Russian barrage kills 10 in Kyiv,NEUTRAL,NEGATIVE,,,,,,,,,,,,,,,,,,,,,,,,,,,,,,,,,,,,,,,,,,,,,,,,,,,,,
Tribune,Shehbaz forms panels for cashless push,NEGATIVE,NEUTRAL,,,,,,,,,,,,,,,,,,,,,,,,,,,,,,,,,,,,,,,,,,,,,,,,,,,,,
Tribune,Centre plotting against K-P govt: CM,NEGATIVE,NEGATIVE,,,,,,,,,,,,,,,,,,,,,,,,,,,,,,,,,,,,,,,,,,,,,,,,,,,,,
Tribune,Jamshoro district council presents tax-free budget,NEGATIVE,NEUTRAL,,,,,,,,,,,,,,,,,,,,,,,,,,,,,,,,,,,,,,,,,,,,,,,,,,,,,
Tribune,Days old body found hanging from ceiling fan,NEUTRAL,NEGATIVE,,,,,,,,,,,,,,,,,,,,,,,,,,,,,,,,,,,,,,,,,,,,,,,,,,,,,
Tribune,Ganguly interested in India coaching role,NEUTRAL,NEUTRAL,,,,,,,,,,,,,,,,,,,,,,,,,,,,,,,,,,,,,,,,,,,,,,,,,,,,,
Tribune,NA body finds fault with hospitals lease,NEUTRAL,NEUTRAL,,,,,,,,,,,,,,,,,,,,,,,,,,,,,,,,,,,,,,,,,,,,,,,,,,,,,
Tribune,Ministry asks for delay in tariff relief for Karachi,NEGATIVE,NEUTRAL,,,,,,,,,,,,,,,,,,,,,,,,,,,,,,,,,,,,,,,,,,,,,,,,,,,,,
Tribune,Quake threat looms as Landhi fault line awakens,NEUTRAL,NEUTRAL,,,,,,,,,,,,,,,,,,,,,,,,,,,,,,,,,,,,,,,,,,,,,,,,,,,,,
Tribune,Civil Hospital to have high-tech modular Ots,NEUTRAL,NEUTRAL,,,,,,,,,,,,,,,,,,,,,,,,,,,,,,,,,,,,,,,,,,,,,,,,,,,,,
Tribune,K-P's rightful share,NEUTRAL,NEUTRAL,,,,,,,,,,,,,,,,,,,,,,,,,,,,,,,,,,,,,,,,,,,,,,,,,,,,,
Tribune,Salman battling brain conditions,NEUTRAL,NEGATIVE,,,,,,,,,,,,,,,,,,,,,,,,,,,,,,,,,,,,,,,,,,,,,,,,,,,,,
Tribune,Vaccination of girls against cervical cancer planned,NEGATIVE,NEUTRAL,,,,,,,,,,,,,,,,,,,,,,,,,,,,,,,,,,,,,,,,,,,,,,,,,,,,,
Tribune,Gohar Taj challenges Alia Soomro for the crown,NEUTRAL,NEUTRAL,,,,,,,,,,,,,,,,,,,,,,,,,,,,,,,,,,,,,,,,,,,,,,,,,,,,,
Tribune,Putin slams attack on Tehran,NEUTRAL,NEUTRAL,,,,,,,,,,,,,,,,,,,,,,,,,,,,,,,,,,,,,,,,,,,,,,,,,,,,,
Tribune,More players join PCB Skills Camp,NEGATIVE,NEUTRAL,,,,,,,,,,,,,,,,,,,,,,,,,,,,,,,,,,,,,,,,,,,,,,,,,,,,,
Tribune,Double-digit fuelinflation looms,NEGATIVE,NEUTRAL,,,,,,,,,,,,,,,,,,,,,,,,,,,,,,,,,,,,,,,,,,,,,,,,,,,,,
Tribune,Protest staged against US strikes on Iran,NEGATIVE,NEGATIVE,,,,,,,,,,,,,,,,,,,,,,,,,,,,,,,,,,,,,,,,,,,,,,,,,,,,,
Tribune,Play on Faiz captivates theatre lovers,NEUTRAL,POSITIVE,,,,,,,,,,,,,,,,,,,,,,,,,,,,,,,,,,,,,,,,,,,,,,,,,,,,,
Tribune,Govt eases curbs on big-ticket purchases,NEGATIVE,NEUTRAL,,,,,,,,,,,,,,,,,,,,,,,,,,,,,,,,,,,,,,,,,,,,,,,,,,,,,
Tribune,"K-P govt employees protest for pay, perks",NEUTRAL,NEGATIVE,,,,,,,,,,,,,,,,,,,,,,,,,,,,,,,,,,,,,,,,,,,,,,,,,,,,,
Tribune,"Glastonbury should drop Kneecap, says UK PM",NEUTRAL,NEUTRAL,,,,,,,,,,,,,,,,,,,,,,,,,,,,,,,,,,,,,,,,,,,,,,,,,,,,,
Tribune,"Govt to import 500,000 tons of sugar",NEUTRAL,NEUTRAL,,,,,,,,,,,,,,,,,,,,,,,,,,,,,,,,,,,,,,,,,,,,,,,,,,,,,
Tribune,"PM speaks with Qatar, Saudi envoys",NEUTRAL,NEUTRAL,,,,,,,,,,,,,,,,,,,,,,,,,,,,,,,,,,,,,,,,,,,,,,,,,,,,,
Tribune,Syria makes arrests after Church attack,NEGATIVE,NEGATIVE,,,,,,,,,,,,,,,,,,,,,,,,,,,,,,,,,,,,,,,,,,,,,,,,,,,,,
Tribune,Simmering Punjab braces for monsoon,POSITIVE,NEUTRAL,,,,,,,,,,,,,,,,,,,,,,,,,,,,,,,,,,,,,,,,,,,,,,,,,,,,,
Tribune,Show-cause to IO in Alvi case,NEUTRAL,NEGATIVE,,,,,,,,,,,,,,,,,,,,,,,,,,,,,,,,,,,,,,,,,,,,,,,,,,,,,
Tribune,Swati skips NAB in Rs40b case,NEUTRAL,NEUTRAL,,,,,,,,,,,,,,,,,,,,,,,,,,,,,,,,,,,,,,,,,,,,,,,,,,,,,
Tribune,EU seeks Gaza progress,NEGATIVE,NEUTRAL,,,,,,,,,,,,,,,,,,,,,,,,,,,,,,,,,,,,,,,,,,,,,,,,,,,,,
Tribune,Arabic language courses launched,NEUTRAL,NEUTRAL,,,,,,,,,,,,,,,,,,,,,,,,,,,,,,,,,,,,,,,,,,,,,,,,,,,,,
Tribune,Garbage tax to be collected from July,NEUTRAL,NEUTRAL,,,,,,,,,,,,,,,,,,,,,,,,,,,,,,,,,,,,,,,,,,,,,,,,,,,,,
Tribune,Iran walks the talk,NEUTRAL,NEUTRAL,,,,,,,,,,,,,,,,,,,,,,,,,,,,,,,,,,,,,,,,,,,,,,,,,,,,,
Tribune,"Pant, Rahul put India in command against Eng",NEUTRAL,NEUTRAL,,,,,,,,,,,,,,,,,,,,,,,,,,,,,,,,,,,,,,,,,,,,,,,,,,,,,
Tribune,Punjab establishes 10 new WASAs,NEGATIVE,NEUTRAL,,,,,,,,,,,,,,,,,,,,,,,,,,,,,,,,,,,,,,,,,,,,,,,,,,,,,
Tribune,PMD forecasts first monsoon showers tomorrow,NEUTRAL,NEUTRAL,,,,,,,,,,,,,,,,,,,,,,,,,,,,,,,,,,,,,,,,,,,,,,,,,,,,,
Tribune,Bangladesh detains ex-election chief,POSITIVE,NEGATIVE,,,,,,,,,,,,,,,,,,,,,,,,,,,,,,,,,,,,,,,,,,,,,,,,,,,,,
Tribune,PPP leaders' bail extended till July 12,NEUTRAL,NEUTRAL,,,,,,,,,,,,,,,,,,,,,,,,,,,,,,,,,,,,,,,,,,,,,,,,,,,,,
Tribune,Vocational university to be built near Kasur,NEUTRAL,NEUTRAL,,,,,,,,,,,,,,,,,,,,,,,,,,,,,,,,,,,,,,,,,,,,,,,,,,,,,
Tribune,Prices of essential goods soar in Pindi,NEGATIVE,NEUTRAL,,,,,,,,,,,,,,,,,,,,,,,,,,,,,,,,,,,,,,,,,,,,,,,,,,,,,
Tribune,Refineries warn of 'catastrophic effect',NEUTRAL,NEUTRAL,,,,,,,,,,,,,,,,,,,,,,,,,,,,,,,,,,,,,,,,,,,,,,,,,,,,,
Tribune,"Tremors cause panic at Malir Jail, security tightened",NEUTRAL,NEGATIVE,,,,,,,,,,,,,,,,,,,,,,,,,,,,,,,,,,,,,,,,,,,,,,,,,,,,,
Tribune,Pindi braces for monsoon flooding,NEGATIVE,NEUTRAL,,,,,,,,,,,,,,,,,,,,,,,,,,,,,,,,,,,,,,,,,,,,,,,,,,,,,
Tribune,Who do we grieve for?,NEUTRAL,NEGATIVE,,,,,,,,,,,,,,,,,,,,,,,,,,,,,,,,,,,,,,,,,,,,,,,,,,,,,
Tribune,Hazlewood responds to Johnson's IPL criticism,NEUTRAL,NEGATIVE,,,,,,,,,,,,,,,,,,,,,,,,,,,,,,,,,,,,,,,,,,,,,,,,,,,,,
Tribune,Dar in UAE to lead 12th JMC session,NEGATIVE,NEUTRAL,,,,,,,,,,,,,,,,,,,,,,,,,,,,,,,,,,,,,,,,,,,,,,,,,,,,,
Tribune,PTI's Asad Qaiser acquitted,NEUTRAL,NEUTRAL,,,,,,,,,,,,,,,,,,,,,,,,,,,,,,,,,,,,,,,,,,,,,,,,,,,,,
Tribune,Rs28.8tr debt spending bill tabled,NEGATIVE,NEUTRAL,,,,,,,,,,,,,,,,,,,,,,,,,,,,,,,,,,,,,,,,,,,,,,,,,,,,,
Tribune,"E.coli can turn plastic into painkillers, chemists discover",NEGATIVE,NEUTRAL,,,,,,,,,,,,,,,,,,,,,,,,,,,,,,,,,,,,,,,,,,,,,,,,,,,,,
Tribune,Seminar highlights crisis in Sindh's public education sector,NEUTRAL,NEGATIVE,,,,,,,,,,,,,,,,,,,,,,,,,,,,,,,,,,,,,,,,,,,,,,,,,,,,,
Tribune,Road project under fire for corruption,NEGATIVE,NEGATIVE,,,,,,,,,,,,,,,,,,,,,,,,,,,,,,,,,,,,,,,,,,,,,,,,,,,,,
Tribune,Amazon bets on luxury cosmetics,NEUTRAL,NEUTRAL,,,,,,,,,,,,,,,,,,,,,,,,,,,,,,,,,,,,,,,,,,,,,,,,,,,,,
Tribune,Ex-education CEO handed over to police,NEUTRAL,NEGATIVE,,,,,,,,,,,,,,,,,,,,,,,,,,,,,,,,,,,,,,,,,,,,,,,,,,,,,
Tribune,Artificial lake along Route 47 to store rainwater,NEUTRAL,NEUTRAL,,,,,,,,,,,,,,,,,,,,,,,,,,,,,,,,,,,,,,,,,,,,,,,,,,,,,
Tribune,Pakistan stun Qatar to reach AVC Volleyball final,NEUTRAL,POSITIVE,,,,,,,,,,,,,,,,,,,,,,,,,,,,,,,,,,,,,,,,,,,,,,,,,,,,,
Tribune,Thailand political crisis deepens,NEUTRAL,NEGATIVE,,,,,,,,,,,,,,,,,,,,,,,,,,,,,,,,,,,,,,,,,,,,,,,,,,,,,
Tribune,Ombudsman orders food price inspections,NEUTRAL,NEGATIVE,,,,,,,,,,,,,,,,,,,,,,,,,,,,,,,,,,,,,,,,,,,,,,,,,,,,,
Tribune,Experts urge safe meat preservation,NEUTRAL,NEUTRAL,,,,,,,,,,,,,,,,,,,,,,,,,,,,,,,,,,,,,,,,,,,,,,,,,,,,,
Tribune,Widow of slain poet says yes to bail plea of suspect,NEUTRAL,NEGATIVE,,,,,,,,,,,,,,,,,,,,,,,,,,,,,,,,,,,,,,,,,,,,,,,,,,,,,
Tribune,New 'Dragon' scorches competition again,NEUTRAL,POSITIVE,,,,,,,,,,,,,,,,,,,,,,,,,,,,,,,,,,,,,,,,,,,,,,,,,,,,,
Tribune,ATC issues warrants in PTI protest case,NEUTRAL,NEUTRAL,,,,,,,,,,,,,,,,,,,,,,,,,,,,,,,,,,,,,,,,,,,,,,,,,,,,,
Tribune,Boy crushed to death under tractor,NEUTRAL,NEGATIVE,,,,,,,,,,,,,,,,,,,,,,,,,,,,,,,,,,,,,,,,,,,,,,,,,,,,,
Tribune,"Woman kills husband, niece",NEUTRAL,NEGATIVE,,,,,,,,,,,,,,,,,,,,,,,,,,,,,,,,,,,,,,,,,,,,,,,,,,,,,
Tribune,Billboards pose risk as storm season nears,NEUTRAL,NEUTRAL,,,,,,,,,,,,,,,,,,,,,,,,,,,,,,,,,,,,,,,,,,,,,,,,,,,,,
Tribune,NSC backs diplomacy over war in region,NEGATIVE,NEUTRAL,,,,,,,,,,,,,,,,,,,,,,,,,,,,,,,,,,,,,,,,,,,,,,,,,,,,,
Tribune,Pakistan condemns Syria church bombing,NEUTRAL,NEUTRAL,,,,,,,,,,,,,,,,,,,,,,,,,,,,,,,,,,,,,,,,,,,,,,,,,,,,,
Tribune,Varsity employees demand budget hike,NEUTRAL,NEUTRAL,,,,,,,,,,,,,,,,,,,,,,,,,,,,,,,,,,,,,,,,,,,,,,,,,,,,,
Tribune,CM terms opposition's uproar 'misconduct',NEUTRAL,NEUTRAL,,,,,,,,,,,,,,,,,,,,,,,,,,,,,,,,,,,,,,,,,,,,,,,,,,,,,
Tribune,Saiful Malook turns into living fairytale amid light rains,NEUTRAL,POSITIVE,,,,,,,,,,,,,,,,,,,,,,,,,,,,,,,,,,,,,,,,,,,,,,,,,,,,,
Tribune,Eco-anxiety: Gen-Z facing climatic havoc,NEUTRAL,NEGATIVE,,,,,,,,,,,,,,,,,,,,,,,,,,,,,,,,,,,,,,,,,,,,,,,,,,,,,
Tribune,NA panel suggests free Cambridge resits,NEUTRAL,NEUTRAL,,,,,,,,,,,,,,,,,,,,,,,,,,,,,,,,,,,,,,,,,,,,,,,,,,,,,
Tribune,PA speaker cautions opposition over 'chaos',NEGATIVE,NEUTRAL,,,,,,,,,,,,,,,,,,,,,,,,,,,,,,,,,,,,,,,,,,,,,,,,,,,,,
Tribune,PIA suspends flights to several Gulf destinations,NEUTRAL,NEUTRAL,,,,,,,,,,,,,,,,,,,,,,,,,,,,,,,,,,,,,,,,,,,,,,,,,,,,,
Tribune,Islamabad bar slams attack on Iran,NEUTRAL,NEGATIVE,,,,,,,,,,,,,,,,,,,,,,,,,,,,,,,,,,,,,,,,,,,,,,,,,,,,,
Tribune,Collapse of higher education,NEUTRAL,NEGATIVE,,,,,,,,,,,,,,,,,,,,,,,,,,,,,,,,,,,,,,,,,,,,,,,,,,,,,
Tribune,Rawalpindi deports over 45 aliens,NEUTRAL,NEGATIVE,,,,,,,,,,,,,,,,,,,,,,,,,,,,,,,,,,,,,,,,,,,,,,,,,,,,,
Tribune,Fragility of diplomatic engagement,NEGATIVE,NEGATIVE,,,,,,,,,,,,,,,,,,,,,,,,,,,,,,,,,,,,,,,,,,,,,,,,,,,,,
Tribune,Pak footballers in AFC Futsal Asian Cup,NEGATIVE,NEUTRAL,,,,,,,,,,,,,,,,,,,,,,,,,,,,,,,,,,,,,,,,,,,,,,,,,,,,,
Tribune,Art Basel paints picture of a planet in peril,NEUTRAL,NEUTRAL,,,,,,,,,,,,,,,,,,,,,,,,,,,,,,,,,,,,,,,,,,,,,,,,,,,,,
Tribune,"Diljit, Hania shine together",NEGATIVE,NEGATIVE,,,,,,,,,,,,,,,,,,,,,,,,,,,,,,,,,,,,,,,,,,,,,,,,,,,,,
Tribune,'Legislation key to support family planning',NEUTRAL,NEUTRAL,,,,,,,,,,,,,,,,,,,,,,,,,,,,,,,,,,,,,,,,,,,,,,,,,,,,,
Tribune,'Depriving people of livelihood will push them to crime',NEUTRAL,NEGATIVE,,,,,,,,,,,,,,,,,,,,,,,,,,,,,,,,,,,,,,,,,,,,,,,,,,,,,
Tribune,Maid who allegedly stole Rs50m over 14 years arrested,NEUTRAL,NEUTRAL,,,,,,,,,,,,,,,,,,,,,,,,,,,,,,,,,,,,,,,,,,,,,,,,,,,,,
Tribune,War on children,NEGATIVE,NEGATIVE,,,,,,,,,,,,,,,,,,,,,,,,,,,,,,,,,,,,,,,,,,,,,,,,,,,,,
Tribune,"Pakistan, Uzbekistan eye $2b trade goal",NEGATIVE,NEUTRAL,,,,,,,,,,,,,,,,,,,,,,,,,,,,,,,,,,,,,,,,,,,,,,,,,,,,,
Tribune,Residents celebrate transformer installations with 'bhangra',NEUTRAL,NEGATIVE,,,,,,,,,,,,,,,,,,,,,,,,,,,,,,,,,,,,,,,,,,,,,,,,,,,,,
Tribune,Stocks slump in panic selling,NEUTRAL,NEGATIVE,,,,,,,,,,,,,,,,,,,,,,,,,,,,,,,,,,,,,,,,,,,,,,,,,,,,,
Tribune,CB issues notice on CSS exemption plea,NEUTRAL,NEUTRAL,,,,,,,,,,,,,,,,,,,,,,,,,,,,,,,,,,,,,,,,,,,,,,,,,,,,,
Tribune,PHC grills police over judge insult,NEUTRAL,NEUTRAL,,,,,,,,,,,,,,,,,,,,,,,,,,,,,,,,,,,,,,,,,,,,,,,,,,,,,
Tribune,Oil falls nearly 4% as Iran retaliates,NEUTRAL,NEUTRAL,,,,,,,,,,,,,,,,,,,,,,,,,,,,,,,,,,,,,,,,,,,,,,,,,,,,,
Tribune,"Rupee continues to weaken, slips 17 paisa",NEUTRAL,NEUTRAL,,,,,,,,,,,,,,,,,,,,,,,,,,,,,,,,,,,,,,,,,,,,,,,,,,,,,
Tribune,Ten-man Real Madrid show class in Pachuca win,NEGATIVE,NEUTRAL,,,,,,,,,,,,,,,,,,,,,,,,,,,,,,,,,,,,,,,,,,,,,,,,,,,,,
Tribune,"Teen bride tortured, murdered at home",NEUTRAL,NEGATIVE,,,,,,,,,,,,,,,,,,,,,,,,,,,,,,,,,,,,,,,,,,,,,,,,,,,,,
Tribune,Yildiz stars as Juve beat Wydad at CWC,NEUTRAL,NEUTRAL,,,,,,,,,,,,,,,,,,,,,,,,,,,,,,,,,,,,,,,,,,,,,,,,,,,,,
Tribune,"Couple dies, child survives in road crash",NEUTRAL,NEGATIVE,,,,,,,,,,,,,,,,,,,,,,,,,,,,,,,,,,,,,,,,,,,,,,,,,,,,,
Tribune,Raducanu praises Wimbledon,NEUTRAL,NEUTRAL,,,,,,,,,,,,,,,,,,,,,,,,,,,,,,,,,,,,,,,,,,,,,,,,,,,,,
Tribune,13m passports issued in two years,NEUTRAL,NEUTRAL,,,,,,,,,,,,,,,,,,,,,,,,,,,,,,,,,,,,,,,,,,,,,,,,,,,,,
Tribune,Female pharaoh's erasure unrelated to gender,NEUTRAL,NEUTRAL,,,,,,,,,,,,,,,,,,,,,,,,,,,,,,,,,,,,,,,,,,,,,,,,,,,,,
Tribune,Samar talks about co-star Aina,NEUTRAL,POSITIVE,,,,,,,,,,,,,,,,,,,,,,,,,,,,,,,,,,,,,,,,,,,,,,,,,,,,,
Tribune,Pakistan to export skilled workers to KSA,NEUTRAL,NEUTRAL,,,,,,,,,,,,,,,,,,,,,,,,,,,,,,,,,,,,,,,,,,,,,,,,,,,,,
Tribune,"Six killed, 10 injured in Quetta bus inferno",NEGATIVE,NEGATIVE,,,,,,,,,,,,,,,,,,,,,,,,,,,,,,,,,,,,,,,,,,,,,,,,,,,,,
Tribune,RDA halts promotions amid fraud probe,NEUTRAL,NEUTRAL,,,,,,,,,,,,,,,,,,,,,,,,,,,,,,,,,,,,,,,,,,,,,,,,,,,,,
Tribune,Justice for sale: true cost of plea bargains,NEUTRAL,NEGATIVE,,,,,,,,,,,,,,,,,,,,,,,,,,,,,,,,,,,,,,,,,,,,,,,,,,,,,
Tribune,Khawaja dismisses retirement rumours,NEUTRAL,NEUTRAL,,,,,,,,,,,,,,,,,,,,,,,,,,,,,,,,,,,,,,,,,,,,,,,,,,,,,
Tribune,NADRA overhauls child registration system,NEUTRAL,NEUTRAL,,,,,,,,,,,,,,,,,,,,,,,,,,,,,,,,,,,,,,,,,,,,,,,,,,,,,
Tribune,Gambling suspects netted,NEUTRAL,NEUTRAL,,,,,,,,,,,,,,,,,,,,,,,,,,,,,,,,,,,,,,,,,,,,,,,,,,,,,
Tribune,Consumer confidence at highest since 2022,NEGATIVE,POSITIVE,,,,,,,,,,,,,,,,,,,,,,,,,,,,,,,,,,,,,,,,,,,,,,,,,,,,,
Tribune,PR to assemble 200 Chinese trains,NEUTRAL,NEUTRAL,,,,,,,,,,,,,,,,,,,,,,,,,,,,,,,,,,,,,,,,,,,,,,,,,,,,,
Tribune,Jesus actor visits Vatican,NEUTRAL,NEUTRAL,,,,,,,,,,,,,,,,,,,,,,,,,,,,,,,,,,,,,,,,,,,,,,,,,,,,,
Tribune,Water crisis intensifies in Hyderabad,POSITIVE,NEGATIVE,,,,,,,,,,,,,,,,,,,,,,,,,,,,,,,,,,,,,,,,,,,,,,,,,,,,,
Tribune,"Tariff cut on chemicals, plastic stokes concerns",NEUTRAL,NEUTRAL,,,,,,,,,,,,,,,,,,,,,,,,,,,,,,,,,,,,,,,,,,,,,,,,,,,,,
Tribune,"Pakistan, Russia aim to remove barriers",NEGATIVE,NEUTRAL,,,,,,,,,,,,,,,,,,,,,,,,,,,,,,,,,,,,,,,,,,,,,,,,,,,,,
Tribune,PSX soars as Middle East tensions ease,NEGATIVE,POSITIVE,,,,,,,,,,,,,,,,,,,,,,,,,,,,,,,,,,,,,,,,,,,,,,,,,,,,,
Tribune,Rajnath to attend SCO summit in China,POSITIVE,NEUTRAL,,,,,,,,,,,,,,,,,,,,,,,,,,,,,,,,,,,,,,,,,,,,,,,,,,,,,
Tribune,Two female drug suspects exonerated,NEUTRAL,NEUTRAL,,,,,,,,,,,,,,,,,,,,,,,,,,,,,,,,,,,,,,,,,,,,,,,,,,,,,
Tribune,11 TTP terrorists killed in S Waziristan IBO,NEUTRAL,NEUTRAL,,,,,,,,,,,,,,,,,,,,,,,,,,,,,,,,,,,,,,,,,,,,,,,,,,,,,
Tribune,PM tells NAB to clear backlog fast,NEUTRAL,NEUTRAL,,,,,,,,,,,,,,,,,,,,,,,,,,,,,,,,,,,,,,,,,,,,,,,,,,,,,
Tribune,Polluted water alarms Ghulam Muhammadabad residents,NEUTRAL,NEGATIVE,,,,,,,,,,,,,,,,,,,,,,,,,,,,,,,,,,,,,,,,,,,,,,,,,,,,,
Tribune,Pakistan warns UNSC of dire TTP threat,NEGATIVE,NEUTRAL,,,,,,,,,,,,,,,,,,,,,,,,,,,,,,,,,,,,,,,,,,,,,,,,,,,,,
Tribune,"ATC extends bail of 229 PTI leaders, workers",NEGATIVE,NEUTRAL,,,,,,,,,,,,,,,,,,,,,,,,,,,,,,,,,,,,,,,,,,,,,,,,,,,,,
Tribune,"Trump pressures Iran, Israel into ceasefire",NEUTRAL,NEUTRAL,,,,,,,,,,,,,,,,,,,,,,,,,,,,,,,,,,,,,,,,,,,,,,,,,,,,,
Tribune,Russian strikes kill 19 in Ukraine region under pressure,NEGATIVE,NEGATIVE,,,,,,,,,,,,,,,,,,,,,,,,,,,,,,,,,,,,,,,,,,,,,,,,,,,,,
Tribune,NEPRA issues notice to K-Electric over load-shedding,NEUTRAL,NEUTRAL,,,,,,,,,,,,,,,,,,,,,,,,,,,,,,,,,,,,,,,,,,,,,,,,,,,,,
Tribune,Budget approval process begins,NEUTRAL,NEUTRAL,,,,,,,,,,,,,,,,,,,,,,,,,,,,,,,,,,,,,,,,,,,,,,,,,,,,,
Tribune,Poverty alleviation: what really makes a difference?,NEUTRAL,NEUTRAL,,,,,,,,,,,,,,,,,,,,,,,,,,,,,,,,,,,,,,,,,,,,,,,,,,,,,
Tribune,Lecturer arrested over alleged harassment,NEUTRAL,NEUTRAL,,,,,,,,,,,,,,,,,,,,,,,,,,,,,,,,,,,,,,,,,,,,,,,,,,,,,
Tribune,46 Gazans killed by Israeli fire,NEUTRAL,NEGATIVE,,,,,,,,,,,,,,,,,,,,,,,,,,,,,,,,,,,,,,,,,,,,,,,,,,,,,
Tribune,"Inmate killed, three injured in prison van ambush",NEGATIVE,NEGATIVE,,,,,,,,,,,,,,,,,,,,,,,,,,,,,,,,,,,,,,,,,,,,,,,,,,,,,
Tribune,Trump casts doubt on mutual defence,NEGATIVE,NEUTRAL,,,,,,,,,,,,,,,,,,,,,,,,,,,,,,,,,,,,,,,,,,,,,,,,,,,,,
Tribune,Dairy sector shrinks 20% after GST blow,NEUTRAL,NEUTRAL,,,,,,,,,,,,,,,,,,,,,,,,,,,,,,,,,,,,,,,,,,,,,,,,,,,,,
Tribune,Construction worker electrocuted,NEUTRAL,NEUTRAL,,,,,,,,,,,,,,,,,,,,,,,,,,,,,,,,,,,,,,,,,,,,,,,,,,,,,
Tribune,Dasu project to start generation in 2027,NEUTRAL,NEUTRAL,,,,,,,,,,,,,,,,,,,,,,,,,,,,,,,,,,,,,,,,,,,,,,,,,,,,,
Tribune,Monsoon preps criticised,NEUTRAL,NEGATIVE,,,,,,,,,,,,,,,,,,,,,,,,,,,,,,,,,,,,,,,,,,,,,,,,,,,,,
Tribune,Jeweller shot dead during robbery,NEGATIVE,NEGATIVE,,,,,,,,,,,,,,,,,,,,,,,,,,,,,,,,,,,,,,,,,,,,,,,,,,,,,
Tribune,Capital to get UK-backed high-tech hospital,NEUTRAL,NEUTRAL,,,,,,,,,,,,,,,,,,,,,,,,,,,,,,,,,,,,,,,,,,,,,,,,,,,,,
Tribune,Towards academic openness,NEUTRAL,NEUTRAL,,,,,,,,,,,,,,,,,,,,,,,,,,,,,,,,,,,,,,,,,,,,,,,,,,,,,
Tribune,NEPRA considers 10 paisa power tariff hike for May,NEUTRAL,NEUTRAL,,,,,,,,,,,,,,,,,,,,,,,,,,,,,,,,,,,,,,,,,,,,,,,,,,,,,
Tribune,Not just a joke,NEUTRAL,NEGATIVE,,,,,,,,,,,,,,,,,,,,,,,,,,,,,,,,,,,,,,,,,,,,,,,,,,,,,
Tribune,CEC unveils case display system,NEUTRAL,NEUTRAL,,,,,,,,,,,,,,,,,,,,,,,,,,,,,,,,,,,,,,,,,,,,,,,,,,,,,
Tribune,'Rewarding' waste workers,POSITIVE,NEUTRAL,,,,,,,,,,,,,,,,,,,,,,,,,,,,,,,,,,,,,,,,,,,,,,,,,,,,,
Tribune,Three major Pakistan airports to get e-gates,NEUTRAL,POSITIVE,,,,,,,,,,,,,,,,,,,,,,,,,,,,,,,,,,,,,,,,,,,,,,,,,,,,,
Tribune,Ceasefire?,NEGATIVE,NEGATIVE,,,,,,,,,,,,,,,,,,,,,,,,,,,,,,,,,,,,,,,,,,,,,,,,,,,,,
Tribune,Interfaith harmony stressed,NEUTRAL,NEUTRAL,,,,,,,,,,,,,,,,,,,,,,,,,,,,,,,,,,,,,,,,,,,,,,,,,,,,,
Tribune,Govt rules out tax reversal on car imports,NEUTRAL,NEUTRAL,,,,,,,,,,,,,,,,,,,,,,,,,,,,,,,,,,,,,,,,,,,,,,,,,,,,,
Tribune,Dairy industry offers price cut by Rs50 if tax reduced,NEUTRAL,NEUTRAL,,,,,,,,,,,,,,,,,,,,,,,,,,,,,,,,,,,,,,,,,,,,,,,,,,,,,
Tribune,Pindi uplift plan okayed,NEUTRAL,NEUTRAL,,,,,,,,,,,,,,,,,,,,,,,,,,,,,,,,,,,,,,,,,,,,,,,,,,,,,
Tribune,Duckett stars as England stun India,NEUTRAL,NEUTRAL,,,,,,,,,,,,,,,,,,,,,,,,,,,,,,,,,,,,,,,,,,,,,,,,,,,,,
Tribune,'People's expectations fulfilled',NEUTRAL,NEUTRAL,,,,,,,,,,,,,,,,,,,,,,,,,,,,,,,,,,,,,,,,,,,,,,,,,,,,,
Tribune,"Two women, man loot valuables at gunpoint",NEUTRAL,NEGATIVE,,,,,,,,,,,,,,,,,,,,,,,,,,,,,,,,,,,,,,,,,,,,,,,,,,,,,
Tribune,Turkey arrests 158 military staff,NEUTRAL,NEGATIVE,,,,,,,,,,,,,,,,,,,,,,,,,,,,,,,,,,,,,,,,,,,,,,,,,,,,,
Tribune,Trans activist joins Harvard fellowship,NEUTRAL,POSITIVE,,,,,,,,,,,,,,,,,,,,,,,,,,,,,,,,,,,,,,,,,,,,,,,,,,,,,
Tribune,Karachi jailbreak triggers Punjab prison reforms,NEUTRAL,NEUTRAL,,,,,,,,,,,,,,,,,,,,,,,,,,,,,,,,,,,,,,,,,,,,,,,,,,,,,
Tribune,Truce draws swift Pakistan welcome,NEGATIVE,NEUTRAL,,,,,,,,,,,,,,,,,,,,,,,,,,,,,,,,,,,,,,,,,,,,,,,,,,,,,
Tribune,Imran distances himself from K-P budget,NEGATIVE,NEUTRAL,,,,,,,,,,,,,,,,,,,,,,,,,,,,,,,,,,,,,,,,,,,,,,,,,,,,,
Tribune,Art market dependent on new generation of collectors,NEUTRAL,NEUTRAL,,,,,,,,,,,,,,,,,,,,,,,,,,,,,,,,,,,,,,,,,,,,,,,,,,,,,
Tribune,LWMC to clean railway station,NEUTRAL,NEUTRAL,,,,,,,,,,,,,,,,,,,,,,,,,,,,,,,,,,,,,,,,,,,,,,,,,,,,,
Tribune,Monsoon risks: NDMA urges vigilance,NEGATIVE,NEUTRAL,,,,,,,,,,,,,,,,,,,,,,,,,,,,,,,,,,,,,,,,,,,,,,,,,,,,,
Tribune,Asif decries 'Western hypocrisy',NEUTRAL,NEGATIVE,,,,,,,,,,,,,,,,,,,,,,,,,,,,,,,,,,,,,,,,,,,,,,,,,,,,,
Tribune,Experts warn of rising diabetes-linked blindness,NEGATIVE,NEGATIVE,,,,,,,,,,,,,,,,,,,,,,,,,,,,,,,,,,,,,,,,,,,,,,,,,,,,,
Tribune,'Excited to have Shaheen in Brisbane',NEUTRAL,POSITIVE,,,,,,,,,,,,,,,,,,,,,,,,,,,,,,,,,,,,,,,,,,,,,,,,,,,,,
Tribune,Nearly half the US population face scorching heat wave,NEUTRAL,NEUTRAL,,,,,,,,,,,,,,,,,,,,,,,,,,,,,,,,,,,,,,,,,,,,,,,,,,,,,
Tribune,Climate change: students' woes,NEGATIVE,NEGATIVE,,,,,,,,,,,,,,,,,,,,,,,,,,,,,,,,,,,,,,,,,,,,,,,,,,,,,
Tribune,PSG ease past Seattle Sounders,NEGATIVE,NEUTRAL,,,,,,,,,,,,,,,,,,,,,,,,,,,,,,,,,,,,,,,,,,,,,,,,,,,,,
Tribune,China to reschedule $1.8b debt,NEGATIVE,NEUTRAL,,,,,,,,,,,,,,,,,,,,,,,,,,,,,,,,,,,,,,,,,,,,,,,,,,,,,
Tribune,Judicial credibility hangs in balance,NEUTRAL,NEUTRAL,,,,,,,,,,,,,,,,,,,,,,,,,,,,,,,,,,,,,,,,,,,,,,,,,,,,,
Tribune,Bugti directs expansion of Quetta cleanliness drive,NEGATIVE,NEUTRAL,,,,,,,,,,,,,,,,,,,,,,,,,,,,,,,,,,,,,,,,,,,,,,,,,,,,,
Tribune,Atletico win in vain as Botafogo advance at CWC,NEUTRAL,NEUTRAL,,,,,,,,,,,,,,,,,,,,,,,,,,,,,,,,,,,,,,,,,,,,,,,,,,,,,
Tribune,"Finch excited about Babar, Smith batting together",NEUTRAL,POSITIVE,,,,,,,,,,,,,,,,,,,,,,,,,,,,,,,,,,,,,,,,,,,,,,,,,,,,,
Tribune,LHC rejects Imran's bail in eight May 9 cases,NEUTRAL,NEGATIVE,,,,,,,,,,,,,,,,,,,,,,,,,,,,,,,,,,,,,,,,,,,,,,,,,,,,,
Tribune,KMC unveils Rs55b surplus budget,NEUTRAL,NEUTRAL,,,,,,,,,,,,,,,,,,,,,,,,,,,,,,,,,,,,,,,,,,,,,,,,,,,,,
Tribune,A flexible approach to World Environment Day,NEUTRAL,NEUTRAL,,,,,,,,,,,,,,,,,,,,,,,,,,,,,,,,,,,,,,,,,,,,,,,,,,,,,
Tribune,MPA apologises over unproved allegation,NEUTRAL,NEUTRAL,,,,,,,,,,,,,,,,,,,,,,,,,,,,,,,,,,,,,,,,,,,,,,,,,,,,,
Tribune,"No, not all Iranians are terrorists",NEUTRAL,NEUTRAL,,,,,,,,,,,,,,,,,,,,,,,,,,,,,,,,,,,,,,,,,,,,,,,,,,,,,
Tribune,Gold prices tumble on Israel-Iran ceasefire,NEGATIVE,NEUTRAL,,,,,,,,,,,,,,,,,,,,,,,,,,,,,,,,,,,,,,,,,,,,,,,,,,,,,
Tribune,Al Ahly and Porto share 4-4 thriller,NEUTRAL,NEUTRAL,,,,,,,,,,,,,,,,,,,,,,,,,,,,,,,,,,,,,,,,,,,,,,,,,,,,,
Tribune,PA approves Rs156b supplementary budget amid uproar,NEUTRAL,NEUTRAL,,,,,,,,,,,,,,,,,,,,,,,,,,,,,,,,,,,,,,,,,,,,,,,,,,,,,
Tribune,Opposition rejects PPP's 'visionless' budget for city,NEGATIVE,NEGATIVE,,,,,,,,,,,,,,,,,,,,,,,,,,,,,,,,,,,,,,,,,,,,,,,,,,,,,
Tribune,"Osaka, Azarenka advance on grass",NEUTRAL,NEUTRAL,,,,,,,,,,,,,,,,,,,,,,,,,,,,,,,,,,,,,,,,,,,,,,,,,,,,,
Tribune,Instant arrests over hate content ordered,NEGATIVE,NEUTRAL,,,,,,,,,,,,,,,,,,,,,,,,,,,,,,,,,,,,,,,,,,,,,,,,,,,,,
Tribune,Khalil's 'horrendous' 104 days in custody,NEUTRAL,NEUTRAL,,,,,,,,,,,,,,,,,,,,,,,,,,,,,,,,,,,,,,,,,,,,,,,,,,,,,
Tribune,Mamdani delivers a political earthquake in NYC mayor primary,NEUTRAL,NEUTRAL,,,,,,,,,,,,,,,,,,,,,,,,,,,,,,,,,,,,,,,,,,,,,,,,,,,,,
Tribune,Railway woes mount as crashes climb,NEUTRAL,NEGATIVE,,,,,,,,,,,,,,,,,,,,,,,,,,,,,,,,,,,,,,,,,,,,,,,,,,,,,
Tribune,Unvaccinated children in Pakistan rising,NEUTRAL,NEUTRAL,,,,,,,,,,,,,,,,,,,,,,,,,,,,,,,,,,,,,,,,,,,,,,,,,,,,,
Tribune,Trump teases Iran talks next week,NEUTRAL,NEUTRAL,,,,,,,,,,,,,,,,,,,,,,,,,,,,,,,,,,,,,,,,,,,,,,,,,,,,,
Tribune,Trade talks with US set to conclude next week,NEGATIVE,NEUTRAL,,,,,,,,,,,,,,,,,,,,,,,,,,,,,,,,,,,,,,,,,,,,,,,,,,,,,
Tribune,Pakistan backs diplomacy on Iran,NEUTRAL,NEUTRAL,,,,,,,,,,,,,,,,,,,,,,,,,,,,,,,,,,,,,,,,,,,,,,,,,,,,,
Tribune,Water levels rise in dams after heavy downpour,NEUTRAL,NEUTRAL,,,,,,,,,,,,,,,,,,,,,,,,,,,,,,,,,,,,,,,,,,,,,,,,,,,,,
Tribune,Anthropic wins copyright lawsuit battle,NEUTRAL,NEUTRAL,,,,,,,,,,,,,,,,,,,,,,,,,,,,,,,,,,,,,,,,,,,,,,,,,,,,,
Tribune,Chelsea through to CWC knockouts,NEUTRAL,NEUTRAL,,,,,,,,,,,,,,,,,,,,,,,,,,,,,,,,,,,,,,,,,,,,,,,,,,,,,
Tribune,Pensioners stage protest over unpaid dues,NEGATIVE,NEUTRAL,,,,,,,,,,,,,,,,,,,,,,,,,,,,,,,,,,,,,,,,,,,,,,,,,,,,,
Tribune,Punjab OPC claims 90% complaint resolution,NEGATIVE,NEUTRAL,,,,,,,,,,,,,,,,,,,,,,,,,,,,,,,,,,,,,,,,,,,,,,,,,,,,,
Tribune,"Man, nephew axed to death during clash in Thikriwala",NEUTRAL,NEGATIVE,,,,,,,,,,,,,,,,,,,,,,,,,,,,,,,,,,,,,,,,,,,,,,,,,,,,,
Tribune,High-value transactions stay cash-based: SBP,NEUTRAL,NEUTRAL,,,,,,,,,,,,,,,,,,,,,,,,,,,,,,,,,,,,,,,,,,,,,,,,,,,,,
Tribune,UK envoy eyes Pakistani investors,NEUTRAL,NEUTRAL,,,,,,,,,,,,,,,,,,,,,,,,,,,,,,,,,,,,,,,,,,,,,,,,,,,,,
Tribune,Capital lacks hostels for working women,NEUTRAL,NEGATIVE,,,,,,,,,,,,,,,,,,,,,,,,,,,,,,,,,,,,,,,,,,,,,,,,,,,,,
Tribune,RAW network busted,NEUTRAL,NEUTRAL,,,,,,,,,,,,,,,,,,,,,,,,,,,,,,,,,,,,,,,,,,,,,,,,,,,,,
Tribune,Woman accused of poisoning kids to death,NEGATIVE,NEGATIVE,,,,,,,,,,,,,,,,,,,,,,,,,,,,,,,,,,,,,,,,,,,,,,,,,,,,,
Tribune,Venice says no to Bezos,NEUTRAL,NEUTRAL,,,,,,,,,,,,,,,,,,,,,,,,,,,,,,,,,,,,,,,,,,,,,,,,,,,,,
Tribune,Chase ready to lead much-changed Windies,NEUTRAL,NEUTRAL,,,,,,,,,,,,,,,,,,,,,,,,,,,,,,,,,,,,,,,,,,,,,,,,,,,,,
Tribune,Land record official held for 'bribery',NEGATIVE,NEGATIVE,,,,,,,,,,,,,,,,,,,,,,,,,,,,,,,,,,,,,,,,,,,,,,,,,,,,,
Tribune,Pak to play three T20Is against BD,NEUTRAL,NEUTRAL,,,,,,,,,,,,,,,,,,,,,,,,,,,,,,,,,,,,,,,,,,,,,,,,,,,,,
Tribune,Steps for climate-resilient agriculture explored,NEUTRAL,NEUTRAL,,,,,,,,,,,,,,,,,,,,,,,,,,,,,,,,,,,,,,,,,,,,,,,,,,,,,
Tribune,NATO agrees massive spending hike,NEGATIVE,NEUTRAL,,,,,,,,,,,,,,,,,,,,,,,,,,,,,,,,,,,,,,,,,,,,,,,,,,,,,
Tribune,Can our oil and gas sector keep pace with climate demands?,NEUTRAL,POSITIVE,,,,,,,,,,,,,,,,,,,,,,,,,,,,,,,,,,,,,,,,,,,,,,,,,,,,,
Tribune,Govt aims for 'dust-free Lahore',NEUTRAL,NEUTRAL,,,,,,,,,,,,,,,,,,,,,,,,,,,,,,,,,,,,,,,,,,,,,,,,,,,,,
Tribune,Six die in two road accidents,POSITIVE,NEGATIVE,,,,,,,,,,,,,,,,,,,,,,,,,,,,,,,,,,,,,,,,,,,,,,,,,,,,,
Tribune,I can't grant amnesty in May 9 cases: Tarar,NEUTRAL,NEUTRAL,,,,,,,,,,,,,,,,,,,,,,,,,,,,,,,,,,,,,,,,,,,,,,,,,,,,,
Tribune,"SCO brings Pakistan, India defence ministers together",POSITIVE,NEUTRAL,,,,,,,,,,,,,,,,,,,,,,,,,,,,,,,,,,,,,,,,,,,,,,,,,,,,,
Tribune,We Were Liars' writer credits social media for fame,NEUTRAL,POSITIVE,,,,,,,,,,,,,,,,,,,,,,,,,,,,,,,,,,,,,,,,,,,,,,,,,,,,,
Tribune,Telecom authority chief visits Telenor HQ,POSITIVE,NEUTRAL,,,,,,,,,,,,,,,,,,,,,,,,,,,,,,,,,,,,,,,,,,,,,,,,,,,,,
Tribune,PM Shehbaz seeks report on smart meters installation,POSITIVE,NEUTRAL,,,,,,,,,,,,,,,,,,,,,,,,,,,,,,,,,,,,,,,,,,,,,,,,,,,,,
Tribune,Rizwan vows to serve Pak athletes,NEUTRAL,POSITIVE,,,,,,,,,,,,,,,,,,,,,,,,,,,,,,,,,,,,,,,,,,,,,,,,,,,,,
Tribune,"Pakistan, UAE sign MoU on visa exemption",NEUTRAL,NEUTRAL,,,,,,,,,,,,,,,,,,,,,,,,,,,,,,,,,,,,,,,,,,,,,,,,,,,,,
Tribune,We owe eternal debt to our martyrs: COAS,NEUTRAL,NEUTRAL,,,,,,,,,,,,,,,,,,,,,,,,,,,,,,,,,,,,,,,,,,,,,,,,,,,,,
Tribune,England knew they could 'blow match apart': Stokes,NEUTRAL,NEUTRAL,,,,,,,,,,,,,,,,,,,,,,,,,,,,,,,,,,,,,,,,,,,,,,,,,,,,,
Tribune,Balochistan PA approves Rs896.474b for FY25-26,NEUTRAL,NEUTRAL,,,,,,,,,,,,,,,,,,,,,,,,,,,,,,,,,,,,,,,,,,,,,,,,,,,,,
Tribune,Special prosecutor named in £190m appeal,NEUTRAL,NEUTRAL,,,,,,,,,,,,,,,,,,,,,,,,,,,,,,,,,,,,,,,,,,,,,,,,,,,,,
Tribune,PA passes key budget grants,NEUTRAL,NEUTRAL,,,,,,,,,,,,,,,,,,,,,,,,,,,,,,,,,,,,,,,,,,,,,,,,,,,,,
Tribune,Ex-lawmaker files post-arrest bail,NEUTRAL,NEUTRAL,,,,,,,,,,,,,,,,,,,,,,,,,,,,,,,,,,,,,,,,,,,,,,,,,,,,,
Tribune,Govt employees jam Peshawar in protest,NEUTRAL,NEUTRAL,,,,,,,,,,,,,,,,,,,,,,,,,,,,,,,,,,,,,,,,,,,,,,,,,,,,,
Tribune,"Diddy trial finishes, closing arguments next",NEGATIVE,NEUTRAL,,,,,,,,,,,,,,,,,,,,,,,,,,,,,,,,,,,,,,,,,,,,,,,,,,,,,
Tribune,CM orders uniform design of shops,NEUTRAL,NEUTRAL,,,,,,,,,,,,,,,,,,,,,,,,,,,,,,,,,,,,,,,,,,,,,,,,,,,,,
Tribune,Amateurs Auckland City hold Boca Juniors,NEUTRAL,POSITIVE,,,,,,,,,,,,,,,,,,,,,,,,,,,,,,,,,,,,,,,,,,,,,,,,,,,,,
Tribune,Grok shows 'flaws' in fact-checking Israel-Iran war: study,NEUTRAL,NEGATIVE,,,,,,,,,,,,,,,,,,,,,,,,,,,,,,,,,,,,,,,,,,,,,,,,,,,,,
Tribune,Three indicted in November 26 protest case,NEUTRAL,NEUTRAL,,,,,,,,,,,,,,,,,,,,,,,,,,,,,,,,,,,,,,,,,,,,,,,,,,,,,
Tribune,Rs3. 45 trillion budget sails through provincial house,NEUTRAL,NEUTRAL,,,,,,,,,,,,,,,,,,,,,,,,,,,,,,,,,,,,,,,,,,,,,,,,,,,,,
Tribune,When facts are rumoured to be conspiracy theories,NEGATIVE,NEGATIVE,,,,,,,,,,,,,,,,,,,,,,,,,,,,,,,,,,,,,,,,,,,,,,,,,,,,,
Tribune,The war is over — for now,NEUTRAL,NEUTRAL,,,,,,,,,,,,,,,,,,,,,,,,,,,,,,,,,,,,,,,,,,,,,,,,,,,,,
Tribune,Siblings held for blackmailing women,NEUTRAL,NEUTRAL,,,,,,,,,,,,,,,,,,,,,,,,,,,,,,,,,,,,,,,,,,,,,,,,,,,,,
Tribune,CM vows no surrender in Balochistan,NEUTRAL,NEUTRAL,,,,,,,,,,,,,,,,,,,,,,,,,,,,,,,,,,,,,,,,,,,,,,,,,,,,,
Tribune,K-P police acquire anti-drone tech,NEUTRAL,NEUTRAL,,,,,,,,,,,,,,,,,,,,,,,,,,,,,,,,,,,,,,,,,,,,,,,,,,,,,
Tribune,'Lifeline consumers need solar tax relief',NEGATIVE,NEUTRAL,,,,,,,,,,,,,,,,,,,,,,,,,,,,,,,,,,,,,,,,,,,,,,,,,,,,,
Tribune,Heavy rains trigger power outages,NEUTRAL,NEUTRAL,,,,,,,,,,,,,,,,,,,,,,,,,,,,,,,,,,,,,,,,,,,,,,,,,,,,,
Tribune,Woman injured in acid attack by ex-husband,NEUTRAL,NEUTRAL,,,,,,,,,,,,,,,,,,,,,,,,,,,,,,,,,,,,,,,,,,,,,,,,,,,,,
Tribune,Gold flat as safe-haven demand cools,NEUTRAL,NEUTRAL,,,,,,,,,,,,,,,,,,,,,,,,,,,,,,,,,,,,,,,,,,,,,,,,,,,,,
Tribune,Prison staff suspended en masse after jail shooting,NEGATIVE,NEGATIVE,,,,,,,,,,,,,,,,,,,,,,,,,,,,,,,,,,,,,,,,,,,,,,,,,,,,,
Tribune,Emma Raducanu's tears of joy,NEUTRAL,NEUTRAL,,,,,,,,,,,,,,,,,,,,,,,,,,,,,,,,,,,,,,,,,,,,,,,,,,,,,
Tribune,Federal cabinet meets today,NEGATIVE,NEUTRAL,,,,,,,,,,,,,,,,,,,,,,,,,,,,,,,,,,,,,,,,,,,,,,,,,,,,,
Tribune,PPP hardens stance on 'draconian powers' for taxman,NEUTRAL,NEUTRAL,,,,,,,,,,,,,,,,,,,,,,,,,,,,,,,,,,,,,,,,,,,,,,,,,,,,,
Tribune,"Diljit lauds Hania, slams Bollywood",NEGATIVE,NEUTRAL,,,,,,,,,,,,,,,,,,,,,,,,,,,,,,,,,,,,,,,,,,,,,,,,,,,,,
Tribune,PSX extends rally on improved confidence,NEUTRAL,POSITIVE,,,,,,,,,,,,,,,,,,,,,,,,,,,,,,,,,,,,,,,,,,,,,,,,,,,,,
Tribune,Pakistan offers US mining ventures,NEUTRAL,POSITIVE,,,,,,,,,,,,,,,,,,,,,,,,,,,,,,,,,,,,,,,,,,,,,,,,,,,,,
Tribune,Ex-AJK PM joins PPP,NEUTRAL,NEUTRAL,,,,,,,,,,,,,,,,,,,,,,,,,,,,,,,,,,,,,,,,,,,,,,,,,,,,,
Tribune,A strategic triad rewiring Eurasia,NEUTRAL,NEUTRAL,,,,,,,,,,,,,,,,,,,,,,,,,,,,,,,,,,,,,,,,,,,,,,,,,,,,,
Tribune,US remains top buyer of Pakistani exports,NEUTRAL,NEUTRAL,,,,,,,,,,,,,,,,,,,,,,,,,,,,,,,,,,,,,,,,,,,,,,,,,,,,,
Tribune,Govt approves Rs12b to transform Gadani yard,NEUTRAL,NEUTRAL,,,,,,,,,,,,,,,,,,,,,,,,,,,,,,,,,,,,,,,,,,,,,,,,,,,,,
Tribune,Israeli fire kills West Bank teenager,NEUTRAL,NEUTRAL,,,,,,,,,,,,,,,,,,,,,,,,,,,,,,,,,,,,,,,,,,,,,,,,,,,,,
Tribune,CM announces major tax relief,NEUTRAL,POSITIVE,,,,,,,,,,,,,,,,,,,,,,,,,,,,,,,,,,,,,,,,,,,,,,,,,,,,,
Tribune,High tax termed blow to goods transport sector,NEUTRAL,NEUTRAL,,,,,,,,,,,,,,,,,,,,,,,,,,,,,,,,,,,,,,,,,,,,,,,,,,,,,
Tribune,Why does the internet think Khushhal Khan is a red flag?,NEUTRAL,POSITIVE,,,,,,,,,,,,,,,,,,,,,,,,,,,,,,,,,,,,,,,,,,,,,,,,,,,,,
Tribune,Downpour debunks drainage promises,NEUTRAL,NEGATIVE,,,,,,,,,,,,,,,,,,,,,,,,,,,,,,,,,,,,,,,,,,,,,,,,,,,,,
Tribune,Terror nexus,NEUTRAL,NEGATIVE,,,,,,,,,,,,,,,,,,,,,,,,,,,,,,,,,,,,,,,,,,,,,,,,,,,,,
Tribune,CJP unveils free legal aid drive,NEUTRAL,NEUTRAL,,,,,,,,,,,,,,,,,,,,,,,,,,,,,,,,,,,,,,,,,,,,,,,,,,,,,
Tribune,"CTD arrests six RAW facilitators, seizes explosives",NEUTRAL,NEUTRAL,,,,,,,,,,,,,,,,,,,,,,,,,,,,,,,,,,,,,,,,,,,,,,,,,,,,,
Tribune,GLOF alert issued as early monsoon sets in,NEUTRAL,NEUTRAL,,,,,,,,,,,,,,,,,,,,,,,,,,,,,,,,,,,,,,,,,,,,,,,,,,,,,
Tribune,Justice Mansoor turns away K-P chief minister,NEUTRAL,NEUTRAL,,,,,,,,,,,,,,,,,,,,,,,,,,,,,,,,,,,,,,,,,,,,,,,,,,,,,
Tribune,'Minus-one formula' in the works again,NEUTRAL,NEGATIVE,,,,,,,,,,,,,,,,,,,,,,,,,,,,,,,,,,,,,,,,,,,,,,,,,,,,,
Tribune,Education underfunded,NEUTRAL,NEUTRAL,,,,,,,,,,,,,,,,,,,,,,,,,,,,,,,,,,,,,,,,,,,,,,,,,,,,,
Tribune,The climate cost of coal,NEUTRAL,NEGATIVE,,,,,,,,,,,,,,,,,,,,,,,,,,,,,,,,,,,,,,,,,,,,,,,,,,,,,
Tribune,NEPRA cuts base tariff by Rs1.49 per unit,NEGATIVE,NEUTRAL,,,,,,,,,,,,,,,,,,,,,,,,,,,,,,,,,,,,,,,,,,,,,,,,,,,,,
Tribune,Rs192b supplementary budget passed,NEGATIVE,NEGATIVE,,,,,,,,,,,,,,,,,,,,,,,,,,,,,,,,,,,,,,,,,,,,,,,,,,,,,
Tribune,Two bank officials held for Rs35m fraud,NEGATIVE,NEUTRAL,,,,,,,,,,,,,,,,,,,,,,,,,,,,,,,,,,,,,,,,,,,,,,,,,,,,,
Tribune,YouTube fights against Aussie teen ban,NEUTRAL,NEUTRAL,,,,,,,,,,,,,,,,,,,,,,,,,,,,,,,,,,,,,,,,,,,,,,,,,,,,,
Tribune,Warrants revoked in housing case,NEUTRAL,NEUTRAL,,,,,,,,,,,,,,,,,,,,,,,,,,,,,,,,,,,,,,,,,,,,,,,,,,,,,
Tribune,NA approves Rs9.95tr in demands for grants,NEUTRAL,NEUTRAL,,,,,,,,,,,,,,,,,,,,,,,,,,,,,,,,,,,,,,,,,,,,,,,,,,,,,
Tribune,Extortion ring dismantled: police,NEUTRAL,NEGATIVE,,,,,,,,,,,,,,,,,,,,,,,,,,,,,,,,,,,,,,,,,,,,,,,,,,,,,
Tribune,Miandad recalls his rivalry with Doshi,NEUTRAL,NEUTRAL,,,,,,,,,,,,,,,,,,,,,,,,,,,,,,,,,,,,,,,,,,,,,,,,,,,,,
Tribune,Air India black box data downloaded,NEUTRAL,NEGATIVE,,,,,,,,,,,,,,,,,,,,,,,,,,,,,,,,,,,,,,,,,,,,,,,,,,,,,
Tribune,Pakistan pledges to stamp out torture,NEUTRAL,NEGATIVE,,,,,,,,,,,,,,,,,,,,,,,,,,,,,,,,,,,,,,,,,,,,,,,,,,,,,
Tribune,Performances that shaped Mahira,POSITIVE,POSITIVE,,,,,,,,,,,,,,,,,,,,,,,,,,,,,,,,,,,,,,,,,,,,,,,,,,,,,
Tribune,KMC Council passes Rs55b budget with majority,NEUTRAL,POSITIVE,,,,,,,,,,,,,,,,,,,,,,,,,,,,,,,,,,,,,,,,,,,,,,,,,,,,,
Tribune,"K-P budget decision unanimous, says Shibli",NEGATIVE,NEUTRAL,,,,,,,,,,,,,,,,,,,,,,,,,,,,,,,,,,,,,,,,,,,,,,,,,,,,,
Tribune,Safety off track,NEUTRAL,NEGATIVE,,,,,,,,,,,,,,,,,,,,,,,,,,,,,,,,,,,,,,,,,,,,,,,,,,,,,
Tribune,ICC enforces key changes in all formats,NEGATIVE,NEUTRAL,,,,,,,,,,,,,,,,,,,,,,,,,,,,,,,,,,,,,,,,,,,,,,,,,,,,,
Tribune,Mayor cancels bus stand tender,NEUTRAL,NEUTRAL,,,,,,,,,,,,,,,,,,,,,,,,,,,,,,,,,,,,,,,,,,,,,,,,,,,,,
Tribune,Dortmund through to Club World Cup last 16,NEGATIVE,NEUTRAL,,,,,,,,,,,,,,,,,,,,,,,,,,,,,,,,,,,,,,,,,,,,,,,,,,,,,
Tribune,Low funding to spike varsity fee,NEUTRAL,NEUTRAL,,,,,,,,,,,,,,,,,,,,,,,,,,,,,,,,,,,,,,,,,,,,,,,,,,,,,
Tribune,SESSI asked to expand registration of workers,NEUTRAL,NEUTRAL,,,,,,,,,,,,,,,,,,,,,,,,,,,,,,,,,,,,,,,,,,,,,,,,,,,,,
Tribune,36 sportspersons receive cash awards from PSB,NEUTRAL,NEUTRAL,,,,,,,,,,,,,,,,,,,,,,,,,,,,,,,,,,,,,,,,,,,,,,,,,,,,,
Tribune,Dubai-based trader robbed in online cab,NEUTRAL,NEUTRAL,,,,,,,,,,,,,,,,,,,,,,,,,,,,,,,,,,,,,,,,,,,,,,,,,,,,,
Tribune,India left red-faced at SCO ministerial moot,NEUTRAL,NEUTRAL,,,,,,,,,,,,,,,,,,,,,,,,,,,,,,,,,,,,,,,,,,,,,,,,,,,,,
Tribune,"PTA chief, envoy discuss digital cooperation",NEUTRAL,NEUTRAL,,,,,,,,,,,,,,,,,,,,,,,,,,,,,,,,,,,,,,,,,,,,,,,,,,,,,
Tribune,Credit guarantee for Rs10 billion green funding agreed,NEGATIVE,POSITIVE,,,,,,,,,,,,,,,,,,,,,,,,,,,,,,,,,,,,,,,,,,,,,,,,,,,,,
Tribune,Timely completion of city's sewerage projects ordered,NEUTRAL,NEUTRAL,,,,,,,,,,,,,,,,,,,,,,,,,,,,,,,,,,,,,,,,,,,,,,,,,,,,,
Tribune,Pak bags silver in Asian Doubles Squash final,NEUTRAL,NEUTRAL,,,,,,,,,,,,,,,,,,,,,,,,,,,,,,,,,,,,,,,,,,,,,,,,,,,,,
Tribune,Heavy rain lashes Jaranwala,NEUTRAL,NEUTRAL,,,,,,,,,,,,,,,,,,,,,,,,,,,,,,,,,,,,,,,,,,,,,,,,,,,,,
Tribune,"China is a friend, brother, says Asif",NEUTRAL,NEUTRAL,,,,,,,,,,,,,,,,,,,,,,,,,,,,,,,,,,,,,,,,,,,,,,,,,,,,,
Tribune,F1' revs up racing history mixed with Hollywood flair,NEUTRAL,NEUTRAL,,,,,,,,,,,,,,,,,,,,,,,,,,,,,,,,,,,,,,,,,,,,,,,,,,,,,
Tribune,Aus hit back after strong WI effort in Test,NEGATIVE,NEUTRAL,,,,,,,,,,,,,,,,,,,,,,,,,,,,,,,,,,,,,,,,,,,,,,,,,,,,,
Tribune,ATC issues another letter for Imran production,NEUTRAL,NEUTRAL,,,,,,,,,,,,,,,,,,,,,,,,,,,,,,,,,,,,,,,,,,,,,,,,,,,,,
Tribune,K-P launches safe city project in South,NEUTRAL,NEUTRAL,,,,,,,,,,,,,,,,,,,,,,,,,,,,,,,,,,,,,,,,,,,,,,,,,,,,,
Tribune,Compromised budget,NEGATIVE,NEUTRAL,,,,,,,,,,,,,,,,,,,,,,,,,,,,,,,,,,,,,,,,,,,,,,,,,,,,,
Tribune,SCO cooperation in energy sought,NEGATIVE,POSITIVE,,,,,,,,,,,,,,,,,,,,,,,,,,,,,,,,,,,,,,,,,,,,,,,,,,,,,
Tribune,Man robbed of Rs3m at his doorstep,NEGATIVE,NEUTRAL,,,,,,,,,,,,,,,,,,,,,,,,,,,,,,,,,,,,,,,,,,,,,,,,,,,,,
Tribune,Govt denies high interest on EV financing,NEGATIVE,NEUTRAL,,,,,,,,,,,,,,,,,,,,,,,,,,,,,,,,,,,,,,,,,,,,,,,,,,,,,
Tribune,PM's aide reviews NTC role in trade protection,NEUTRAL,NEUTRAL,,,,,,,,,,,,,,,,,,,,,,,,,,,,,,,,,,,,,,,,,,,,,,,,,,,,,
Tribune,Bilawal explains why PPP supports federal budget,NEUTRAL,NEUTRAL,,,,,,,,,,,,,,,,,,,,,,,,,,,,,,,,,,,,,,,,,,,,,,,,,,,,,
Tribune,Man booked for killing sister for 'honour',NEUTRAL,NEGATIVE,,,,,,,,,,,,,,,,,,,,,,,,,,,,,,,,,,,,,,,,,,,,,,,,,,,,,
Tribune,Youth jailed for assaulting teacher,NEUTRAL,NEGATIVE,,,,,,,,,,,,,,,,,,,,,,,,,,,,,,,,,,,,,,,,,,,,,,,,,,,,,
Tribune,PTI fumes over 'unjust' taxes on ex-FATA,NEGATIVE,NEGATIVE,,,,,,,,,,,,,,,,,,,,,,,,,,,,,,,,,,,,,,,,,,,,,,,,,,,,,
Tribune,Global matcha craze sparks shortages,NEGATIVE,NEUTRAL,,,,,,,,,,,,,,,,,,,,,,,,,,,,,,,,,,,,,,,,,,,,,,,,,,,,,
Tribune,Mindset change behind success: Duckett,NEGATIVE,POSITIVE,,,,,,,,,,,,,,,,,,,,,,,,,,,,,,,,,,,,,,,,,,,,,,,,,,,,,
Tribune,Denis Villeneuve to helm next 'Bond' film,NEUTRAL,POSITIVE,,,,,,,,,,,,,,,,,,,,,,,,,,,,,,,,,,,,,,,,,,,,,,,,,,,,,
Tribune,CII holds Muharram peace conference,NEUTRAL,NEUTRAL,,,,,,,,,,,,,,,,,,,,,,,,,,,,,,,,,,,,,,,,,,,,,,,,,,,,,
Tribune,'Are you trying to pressure court?',NEUTRAL,NEUTRAL,,,,,,,,,,,,,,,,,,,,,,,,,,,,,,,,,,,,,,,,,,,,,,,,,,,,,
Tribune,KCCI slams FBR proposals,NEUTRAL,NEUTRAL,,,,,,,,,,,,,,,,,,,,,,,,,,,,,,,,,,,,,,,,,,,,,,,,,,,,,
Tribune,"Savouring history: a reflection on food, art and culture",NEGATIVE,POSITIVE,,,,,,,,,,,,,,,,,,,,,,,,,,,,,,,,,,,,,,,,,,,,,,,,,,,,,
Tribune,Tensions flare as PA clears Rs3.67tr in grants,POSITIVE,NEUTRAL,,,,,,,,,,,,,,,,,,,,,,,,,,,,,,,,,,,,,,,,,,,,,,,,,,,,,
Tribune,Raducanu's suffers Eastbourne exit,NEGATIVE,NEUTRAL,,,,,,,,,,,,,,,,,,,,,,,,,,,,,,,,,,,,,,,,,,,,,,,,,,,,,
Tribune,12-day war,NEUTRAL,NEGATIVE,,,,,,,,,,,,,,,,,,,,,,,,,,,,,,,,,,,,,,,,,,,,,,,,,,,,,
Tribune,US claims strikes on Iran N-programme a success,NEUTRAL,NEUTRAL,,,,,,,,,,,,,,,,,,,,,,,,,,,,,,,,,,,,,,,,,,,,,,,,,,,,,
Tribune,RDA officers fail to satisfy probe panel,NEUTRAL,NEUTRAL,,,,,,,,,,,,,,,,,,,,,,,,,,,,,,,,,,,,,,,,,,,,,,,,,,,,,
Tribune,Elderly man tortured over financial dispute,NEUTRAL,NEGATIVE,,,,,,,,,,,,,,,,,,,,,,,,,,,,,,,,,,,,,,,,,,,,,,,,,,,,,
Tribune,"DEO fires, reinstates teachers, sparks uproar",NEUTRAL,NEUTRAL,,,,,,,,,,,,,,,,,,,,,,,,,,,,,,,,,,,,,,,,,,,,,,,,,,,,,
Tribune,NA passes Finance Bill with Rs463b new taxes,NEGATIVE,NEUTRAL,,,,,,,,,,,,,,,,,,,,,,,,,,,,,,,,,,,,,,,,,,,,,,,,,,,,,
Tribune,Countries agree on 10% UN climate budget rise,NEUTRAL,POSITIVE,,,,,,,,,,,,,,,,,,,,,,,,,,,,,,,,,,,,,,,,,,,,,,,,,,,,,
Tribune,Govt plans new housing scheme,NEUTRAL,NEUTRAL,,,,,,,,,,,,,,,,,,,,,,,,,,,,,,,,,,,,,,,,,,,,,,,,,,,,,
Tribune,CB refuses to adjourn reserved seats case till Aug,NEUTRAL,NEUTRAL,,,,,,,,,,,,,,,,,,,,,,,,,,,,,,,,,,,,,,,,,,,,,,,,,,,,,
Tribune,Ex-lawmaker files post-arrest bail,POSITIVE,NEUTRAL,,,,,,,,,,,,,,,,,,,,,,,,,,,,,,,,,,,,,,,,,,,,,,,,,,,,,
Tribune,"SHO, three cops booked for 'extortion'",NEGATIVE,NEGATIVE,,,,,,,,,,,,,,,,,,,,,,,,,,,,,,,,,,,,,,,,,,,,,,,,,,,,,
Tribune,SC calls for review of Nikahnama form,NEUTRAL,NEUTRAL,,,,,,,,,,,,,,,,,,,,,,,,,,,,,,,,,,,,,,,,,,,,,,,,,,,,,
Tribune,Disney's 'Hercules' opens in London West End theatre,NEUTRAL,NEUTRAL,,,,,,,,,,,,,,,,,,,,,,,,,,,,,,,,,,,,,,,,,,,,,,,,,,,,,
Tribune,K-P CM warns Centre of tit-for-tat response,NEGATIVE,NEGATIVE,,,,,,,,,,,,,,,,,,,,,,,,,,,,,,,,,,,,,,,,,,,,,,,,,,,,,
Tribune,"ANP slams budget, 18th amendment assault",POSITIVE,NEUTRAL,,,,,,,,,,,,,,,,,,,,,,,,,,,,,,,,,,,,,,,,,,,,,,,,,,,,,
Tribune,Israel halts aid into Gaza,NEUTRAL,NEUTRAL,,,,,,,,,,,,,,,,,,,,,,,,,,,,,,,,,,,,,,,,,,,,,,,,,,,,,
Tribune,Pak presence in FIH League in limbo,NEUTRAL,NEUTRAL,,,,,,,,,,,,,,,,,,,,,,,,,,,,,,,,,,,,,,,,,,,,,,,,,,,,,
Tribune,Child's killer dies in 'police encounter',NEUTRAL,NEGATIVE,,,,,,,,,,,,,,,,,,,,,,,,,,,,,,,,,,,,,,,,,,,,,,,,,,,,,
Tribune,Ashura to fall on July 6,NEUTRAL,NEUTRAL,,,,,,,,,,,,,,,,,,,,,,,,,,,,,,,,,,,,,,,,,,,,,,,,,,,,,
Tribune,The current situation in Afghanistan,NEUTRAL,NEGATIVE,,,,,,,,,,,,,,,,,,,,,,,,,,,,,,,,,,,,,,,,,,,,,,,,,,,,,
Tribune,Escalation hotspot,NEGATIVE,NEGATIVE,,,,,,,,,,,,,,,,,,,,,,,,,,,,,,,,,,,,,,,,,,,,,,,,,,,,,
Tribune,"1,800kg of chicken destroyed",POSITIVE,NEGATIVE,,,,,,,,,,,,,,,,,,,,,,,,,,,,,,,,,,,,,,,,,,,,,,,,,,,,,
Tribune,Glastonbury begins amid controversy,NEUTRAL,NEUTRAL,,,,,,,,,,,,,,,,,,,,,,,,,,,,,,,,,,,,,,,,,,,,,,,,,,,,,
Tribune,UN charter 'not an a la carte menu',NEUTRAL,NEGATIVE,,,,,,,,,,,,,,,,,,,,,,,,,,,,,,,,,,,,,,,,,,,,,,,,,,,,,
Tribune,SBP reserves drop by $2.7b,NEUTRAL,NEUTRAL,,,,,,,,,,,,,,,,,,,,,,,,,,,,,,,,,,,,,,,,,,,,,,,,,,,,,
Tribune,"Netanyahu, Trump 'agree' on ending war",NEUTRAL,NEUTRAL,,,,,,,,,,,,,,,,,,,,,,,,,,,,,,,,,,,,,,,,,,,,,,,,,,,,,
Tribune,"Trump wants more missiles, drones",NEUTRAL,NEUTRAL,,,,,,,,,,,,,,,,,,,,,,,,,,,,,,,,,,,,,,,,,,,,,,,,,,,,,
Tribune,Law commission to appoint provincial reps,NEUTRAL,NEUTRAL,,,,,,,,,,,,,,,,,,,,,,,,,,,,,,,,,,,,,,,,,,,,,,,,,,,,,
Tribune,Grok churns out fake facts about Israel-Iran war,NEUTRAL,NEGATIVE,,,,,,,,,,,,,,,,,,,,,,,,,,,,,,,,,,,,,,,,,,,,,,,,,,,,,
Tribune,'India's nuclear posture alarming',POSITIVE,NEUTRAL,,,,,,,,,,,,,,,,,,,,,,,,,,,,,,,,,,,,,,,,,,,,,,,,,,,,,
Tribune,Body found in drain identified as schoolteacher,NEUTRAL,NEUTRAL,,,,,,,,,,,,,,,,,,,,,,,,,,,,,,,,,,,,,,,,,,,,,,,,,,,,,
Tribune,SMEs with product ideas to compete in US,NEUTRAL,POSITIVE,,,,,,,,,,,,,,,,,,,,,,,,,,,,,,,,,,,,,,,,,,,,,,,,,,,,,
Tribune,The useless war,NEUTRAL,NEUTRAL,,,,,,,,,,,,,,,,,,,,,,,,,,,,,,,,,,,,,,,,,,,,,,,,,,,,,
Tribune,US tightens visa rules for Pakistani applicants,NEUTRAL,NEUTRAL,,,,,,,,,,,,,,,,,,,,,,,,,,,,,,,,,,,,,,,,,,,,,,,,,,,,,
Tribune,PSX faces profit-taking after two days of gains,NEUTRAL,NEUTRAL,,,,,,,,,,,,,,,,,,,,,,,,,,,,,,,,,,,,,,,,,,,,,,,,,,,,,
Tribune,"PHC orders LG funds, shields Swati",NEUTRAL,NEUTRAL,,,,,,,,,,,,,,,,,,,,,,,,,,,,,,,,,,,,,,,,,,,,,,,,,,,,,
Tribune,"Selfies at Gawalmandi, silence elsewhere",POSITIVE,NEUTRAL,,,,,,,,,,,,,,,,,,,,,,,,,,,,,,,,,,,,,,,,,,,,,,,,,,,,,
Tribune,Pindi devises Muharram traffic plan,NEUTRAL,NEUTRAL,,,,,,,,,,,,,,,,,,,,,,,,,,,,,,,,,,,,,,,,,,,,,,,,,,,,,
Tribune,Seven dead as monsoon rains batter Punjab,NEUTRAL,NEGATIVE,,,,,,,,,,,,,,,,,,,,,,,,,,,,,,,,,,,,,,,,,,,,,,,,,,,,,
Tribune,Economic team lauded for 'balanced budget',NEUTRAL,POSITIVE,,,,,,,,,,,,,,,,,,,,,,,,,,,,,,,,,,,,,,,,,,,,,,,,,,,,,
Tribune,Pacquiao 'hungry' for comeback after four-year layoff,NEUTRAL,NEUTRAL,,,,,,,,,,,,,,,,,,,,,,,,,,,,,,,,,,,,,,,,,,,,,,,,,,,,,
The News,"Salutes, smiles and solidarity: Rare display of Shehbaz Sharif’s vision of institutional harmony",POSITIVE,POSITIVE,,,,,,,,,,,,,,,,,,,,,,,,,,,,,,,,,,,,,,,,,,,,,,,,,,,,,
The News,Qalandars claim third PSL title with dominant six-wicket win over Gladiators,POSITIVE,NEUTRAL,,,,,,,,,,,,,,,,,,,,,,,,,,,,,,,,,,,,,,,,,,,,,,,,,,,,,
The News,China will never allow any country to violate Pakistan’s borders or sovereignty: Chinese scholar,NEUTRAL,NEUTRAL,,,,,,,,,,,,,,,,,,,,,,,,,,,,,,,,,,,,,,,,,,,,,,,,,,,,,
The News,Loss of life in thunderstorm to be compensated: PDMA,NEUTRAL,NEUTRAL,,,,,,,,,,,,,,,,,,,,,,,,,,,,,,,,,,,,,,,,,,,,,,,,,,,,,
The News,Iraq’s water reserves lowest in 80 years: official,NEGATIVE,NEUTRAL,,,,,,,,,,,,,,,,,,,,,,,,,,,,,,,,,,,,,,,,,,,,,,,,,,,,,
The News,China possibly ‘obstructing Sutlej flow into India’: Indian expert,NEUTRAL,NEUTRAL,,,,,,,,,,,,,,,,,,,,,,,,,,,,,,,,,,,,,,,,,,,,,,,,,,,,,
The News,Khuzdar blast toll rises to eight,NEUTRAL,NEUTRAL,,,,,,,,,,,,,,,,,,,,,,,,,,,,,,,,,,,,,,,,,,,,,,,,,,,,,
The News,9 terrorists killed in three KP IBOs,NEGATIVE,NEUTRAL,,,,,,,,,,,,,,,,,,,,,,,,,,,,,,,,,,,,,,,,,,,,,,,,,,,,,
The News,Bangladesh court begins first trial of Hasina-era officials,NEUTRAL,NEUTRAL,,,,,,,,,,,,,,,,,,,,,,,,,,,,,,,,,,,,,,,,,,,,,,,,,,,,,
The News,Bangladesh’s Yunus seeks unity with fresh political talks,NEUTRAL,NEUTRAL,,,,,,,,,,,,,,,,,,,,,,,,,,,,,,,,,,,,,,,,,,,,,,,,,,,,,
The News,172 senior officers waiting for postings for two weeks,NEUTRAL,NEUTRAL,,,,,,,,,,,,,,,,,,,,,,,,,,,,,,,,,,,,,,,,,,,,,,,,,,,,,
The News,12 killed as Russia pummels Ukraine with biggest ever drone attack,NEGATIVE,NEGATIVE,,,,,,,,,,,,,,,,,,,,,,,,,,,,,,,,,,,,,,,,,,,,,,,,,,,,,
The News,Maryam abolishes birth and death registration fee in Punjab,NEUTRAL,NEUTRAL,,,,,,,,,,,,,,,,,,,,,,,,,,,,,,,,,,,,,,,,,,,,,,,,,,,,,
The News,Water expert informs António Guterres...: India unveils plans for 10MW hydropower projects in Ladakh,NEUTRAL,NEUTRAL,,,,,,,,,,,,,,,,,,,,,,,,,,,,,,,,,,,,,,,,,,,,,,,,,,,,,
The News,‘Stateless overnight’: Kuwait strips tens of thousands of citizenship,NEGATIVE,NEGATIVE,,,,,,,,,,,,,,,,,,,,,,,,,,,,,,,,,,,,,,,,,,,,,,,,,,,,,
The News,Miss England Maggie quits Miss World contest halfway in India,NEUTRAL,NEGATIVE,,,,,,,,,,,,,,,,,,,,,,,,,,,,,,,,,,,,,,,,,,,,,,,,,,,,,
The News,Anti-polio drive launched to vaccinate 45m children across country,NEUTRAL,NEUTRAL,,,,,,,,,,,,,,,,,,,,,,,,,,,,,,,,,,,,,,,,,,,,,,,,,,,,,
The News,Pakistan’s measured response to India earned global recognition: Gilani,POSITIVE,NEUTRAL,,,,,,,,,,,,,,,,,,,,,,,,,,,,,,,,,,,,,,,,,,,,,,,,,,,,,
The News,Villagers briefly boycott anti-polio drive,NEGATIVE,NEGATIVE,,,,,,,,,,,,,,,,,,,,,,,,,,,,,,,,,,,,,,,,,,,,,,,,,,,,,
The News,At UNSC: Pakistan warns against India’s malevolent designs to block water flow,NEUTRAL,NEUTRAL,,,,,,,,,,,,,,,,,,,,,,,,,,,,,,,,,,,,,,,,,,,,,,,,,,,,,
The News,FPCCI extends tenure of office-bearers for one year,NEUTRAL,NEUTRAL,,,,,,,,,,,,,,,,,,,,,,,,,,,,,,,,,,,,,,,,,,,,,,,,,,,,,
The News,Sanaullah calls for roadmap to boost agricultural productivity,NEUTRAL,NEUTRAL,,,,,,,,,,,,,,,,,,,,,,,,,,,,,,,,,,,,,,,,,,,,,,,,,,,,,
The News,CM terms eliminating plastic a collective responsibility,NEUTRAL,NEUTRAL,,,,,,,,,,,,,,,,,,,,,,,,,,,,,,,,,,,,,,,,,,,,,,,,,,,,,
The News,SSWMB to register offal collection vehicles ahead of Eidul Azha,NEUTRAL,NEUTRAL,,,,,,,,,,,,,,,,,,,,,,,,,,,,,,,,,,,,,,,,,,,,,,,,,,,,,
The News,‘Voice is as essential a personality aspect as face and attire’,NEUTRAL,NEUTRAL,,,,,,,,,,,,,,,,,,,,,,,,,,,,,,,,,,,,,,,,,,,,,,,,,,,,,
The News,Man killed by younger brother over property dispute,NEGATIVE,NEGATIVE,,,,,,,,,,,,,,,,,,,,,,,,,,,,,,,,,,,,,,,,,,,,,,,,,,,,,
The News,Another education board chairman resigns,NEUTRAL,NEUTRAL,,,,,,,,,,,,,,,,,,,,,,,,,,,,,,,,,,,,,,,,,,,,,,,,,,,,,
The News,‘Govt to provide funds to NGO-run schools only if they show judicious use of public money’,NEUTRAL,NEUTRAL,,,,,,,,,,,,,,,,,,,,,,,,,,,,,,,,,,,,,,,,,,,,,,,,,,,,,
The News,Female cotton workers launch climate literacy campaign in Matiari,NEUTRAL,NEUTRAL,,,,,,,,,,,,,,,,,,,,,,,,,,,,,,,,,,,,,,,,,,,,,,,,,,,,,
The News,Women among four injured in firing incidents,NEGATIVE,NEGATIVE,,,,,,,,,,,,,,,,,,,,,,,,,,,,,,,,,,,,,,,,,,,,,,,,,,,,,
The News,SHC dismisses bail plea in narcotics case,NEUTRAL,NEUTRAL,,,,,,,,,,,,,,,,,,,,,,,,,,,,,,,,,,,,,,,,,,,,,,,,,,,,,
The News,Saddar TMC chairman promises resolution of residents’ concerns,NEUTRAL,NEUTRAL,,,,,,,,,,,,,,,,,,,,,,,,,,,,,,,,,,,,,,,,,,,,,,,,,,,,,
The News,CBC completes preparations for monsoon rains,NEUTRAL,NEUTRAL,,,,,,,,,,,,,,,,,,,,,,,,,,,,,,,,,,,,,,,,,,,,,,,,,,,,,
The News,CITY PULSE,NEUTRAL,NEUTRAL,,,,,,,,,,,,,,,,,,,,,,,,,,,,,,,,,,,,,,,,,,,,,,,,,,,,,
The News,Career counselling: questions and answers,NEUTRAL,POSITIVE,,,,,,,,,,,,,,,,,,,,,,,,,,,,,,,,,,,,,,,,,,,,,,,,,,,,,
The News,"Bike impounded with 313 e-challans, Rs335,300 fine",NEGATIVE,NEUTRAL,,,,,,,,,,,,,,,,,,,,,,,,,,,,,,,,,,,,,,,,,,,,,,,,,,,,,
The News,"More thunderstorm, heavy rainfall likely",NEUTRAL,NEUTRAL,,,,,,,,,,,,,,,,,,,,,,,,,,,,,,,,,,,,,,,,,,,,,,,,,,,,,
The News,Tender notices’ advertisements restored under previous policy,NEUTRAL,NEUTRAL,,,,,,,,,,,,,,,,,,,,,,,,,,,,,,,,,,,,,,,,,,,,,,,,,,,,,
The News,"Cotton cultivated at over 3.1m acres in Punjab, says secy",NEUTRAL,NEUTRAL,,,,,,,,,,,,,,,,,,,,,,,,,,,,,,,,,,,,,,,,,,,,,,,,,,,,,
The News,Man dies as under-construction house wall collapses,NEGATIVE,NEUTRAL,,,,,,,,,,,,,,,,,,,,,,,,,,,,,,,,,,,,,,,,,,,,,,,,,,,,,
The News,Citizen complains against Jalalpur Pirwala admin,NEGATIVE,NEGATIVE,,,,,,,,,,,,,,,,,,,,,,,,,,,,,,,,,,,,,,,,,,,,,,,,,,,,,
The News,Couple murdered for ‘honour’,NEGATIVE,NEGATIVE,,,,,,,,,,,,,,,,,,,,,,,,,,,,,,,,,,,,,,,,,,,,,,,,,,,,,
The News,Three arrested for killing man,NEGATIVE,NEUTRAL,,,,,,,,,,,,,,,,,,,,,,,,,,,,,,,,,,,,,,,,,,,,,,,,,,,,,
The News,PPSC chairman visits exam centres,NEUTRAL,NEUTRAL,,,,,,,,,,,,,,,,,,,,,,,,,,,,,,,,,,,,,,,,,,,,,,,,,,,,,
The News,Minister listens to people’s problems,NEUTRAL,NEUTRAL,,,,,,,,,,,,,,,,,,,,,,,,,,,,,,,,,,,,,,,,,,,,,,,,,,,,,
The News,‘Russian Centre for Science’ set up,NEUTRAL,NEUTRAL,,,,,,,,,,,,,,,,,,,,,,,,,,,,,,,,,,,,,,,,,,,,,,,,,,,,,
The News,A celebration of cultures through cuisine,POSITIVE,POSITIVE,,,,,,,,,,,,,,,,,,,,,,,,,,,,,,,,,,,,,,,,,,,,,,,,,,,,,
The News,Rishte Aur Ferishte staged at PAC,NEUTRAL,NEUTRAL,,,,,,,,,,,,,,,,,,,,,,,,,,,,,,,,,,,,,,,,,,,,,,,,,,,,,
The News,Pindi’s water management agencies struggling to address shortages,NEUTRAL,NEUTRAL,,,,,,,,,,,,,,,,,,,,,,,,,,,,,,,,,,,,,,,,,,,,,,,,,,,,,
The News,MIH celebrates International Nurses Day,POSITIVE,POSITIVE,,,,,,,,,,,,,,,,,,,,,,,,,,,,,,,,,,,,,,,,,,,,,,,,,,,,,
The News,FGEHA gears up to launch housing projects in 13 major cities,NEUTRAL,NEUTRAL,,,,,,,,,,,,,,,,,,,,,,,,,,,,,,,,,,,,,,,,,,,,,,,,,,,,,
The News,‘CM’s far-sighted approach to transform Punjab’s environment soon’,NEUTRAL,POSITIVE,,,,,,,,,,,,,,,,,,,,,,,,,,,,,,,,,,,,,,,,,,,,,,,,,,,,,
The News,Report on out-of-school children to be launched today,NEUTRAL,NEUTRAL,,,,,,,,,,,,,,,,,,,,,,,,,,,,,,,,,,,,,,,,,,,,,,,,,,,,,
The News,AIOU holds event to empower youth,NEUTRAL,POSITIVE,,,,,,,,,,,,,,,,,,,,,,,,,,,,,,,,,,,,,,,,,,,,,,,,,,,,,
The News,Fazaia Medical College convocation ceremony at Air University,NEUTRAL,NEUTRAL,,,,,,,,,,,,,,,,,,,,,,,,,,,,,,,,,,,,,,,,,,,,,,,,,,,,,
The News,PNCA hosts therapeutic pottery workshop,NEUTRAL,POSITIVE,,,,,,,,,,,,,,,,,,,,,,,,,,,,,,,,,,,,,,,,,,,,,,,,,,,,,
The News,"ABP&AW hold second ‘Book Shaw’, free medical camp",NEUTRAL,NEUTRAL,,,,,,,,,,,,,,,,,,,,,,,,,,,,,,,,,,,,,,,,,,,,,,,,,,,,,
The News,Preventing childhood paralysis: Joint efforts stressed to cope with situation,NEUTRAL,NEUTRAL,,,,,,,,,,,,,,,,,,,,,,,,,,,,,,,,,,,,,,,,,,,,,,,,,,,,,
The News,Cop shot injured,NEGATIVE,NEUTRAL,,,,,,,,,,,,,,,,,,,,,,,,,,,,,,,,,,,,,,,,,,,,,,,,,,,,,
The News,Two youths shot dead in Bajaur,NEGATIVE,NEUTRAL,,,,,,,,,,,,,,,,,,,,,,,,,,,,,,,,,,,,,,,,,,,,,,,,,,,,,
The News,Wildlife department hero laid to rest,NEUTRAL,NEUTRAL,,,,,,,,,,,,,,,,,,,,,,,,,,,,,,,,,,,,,,,,,,,,,,,,,,,,,
The News,Transgender shot dead,NEGATIVE,NEUTRAL,,,,,,,,,,,,,,,,,,,,,,,,,,,,,,,,,,,,,,,,,,,,,,,,,,,,,
The News,IGP inaugurates police post in Abbottabad,NEUTRAL,NEUTRAL,,,,,,,,,,,,,,,,,,,,,,,,,,,,,,,,,,,,,,,,,,,,,,,,,,,,,
The News,Pesco agrees to reduce loadshedding after threat of polio boycott,NEUTRAL,NEUTRAL,,,,,,,,,,,,,,,,,,,,,,,,,,,,,,,,,,,,,,,,,,,,,,,,,,,,,
The News,Three-day Tablighi Ijtema concludes,NEUTRAL,NEUTRAL,,,,,,,,,,,,,,,,,,,,,,,,,,,,,,,,,,,,,,,,,,,,,,,,,,,,,
The News,"18 arrested, weapons recovered in Kohat search operations",NEUTRAL,NEUTRAL,,,,,,,,,,,,,,,,,,,,,,,,,,,,,,,,,,,,,,,,,,,,,,,,,,,,,
The News,Muqam briefed on DHQ Hospital solarisation,NEUTRAL,NEUTRAL,,,,,,,,,,,,,,,,,,,,,,,,,,,,,,,,,,,,,,,,,,,,,,,,,,,,,
The News,Business chambers moot: Speakers call for introducing economic reforms,NEUTRAL,NEUTRAL,,,,,,,,,,,,,,,,,,,,,,,,,,,,,,,,,,,,,,,,,,,,,,,,,,,,,
The News,Tourists flock to Malam Jabba as rainfall turns weather pleasant,POSITIVE,NEUTRAL,,,,,,,,,,,,,,,,,,,,,,,,,,,,,,,,,,,,,,,,,,,,,,,,,,,,,
The News,Alleged killer of boy arrested in Lakki Marwat,NEGATIVE,NEUTRAL,,,,,,,,,,,,,,,,,,,,,,,,,,,,,,,,,,,,,,,,,,,,,,,,,,,,,
The News,"Man, mother shot dead",NEGATIVE,NEUTRAL,,,,,,,,,,,,,,,,,,,,,,,,,,,,,,,,,,,,,,,,,,,,,,,,,,,,,
The News,Verona bags sixth win for Lidl as Giro hits mountains,POSITIVE,POSITIVE,,,,,,,,,,,,,,,,,,,,,,,,,,,,,,,,,,,,,,,,,,,,,,,,,,,,,
The News,Arshad declared best Asian athlete by AAA president,POSITIVE,POSITIVE,,,,,,,,,,,,,,,,,,,,,,,,,,,,,,,,,,,,,,,,,,,,,,,,,,,,,
The News,Wooden spooners Chennai end IPL with big win over Gujarat,POSITIVE,NEUTRAL,,,,,,,,,,,,,,,,,,,,,,,,,,,,,,,,,,,,,,,,,,,,,,,,,,,,,
The News,Shoaib scoops singles title in Federal Cup tennis,NEUTRAL,NEUTRAL,,,,,,,,,,,,,,,,,,,,,,,,,,,,,,,,,,,,,,,,,,,,,,,,,,,,,
The News,Roland Garros pays tribute to retired ‘King of Clay’ Nadal,NEUTRAL,POSITIVE,,,,,,,,,,,,,,,,,,,,,,,,,,,,,,,,,,,,,,,,,,,,,,,,,,,,,
The News,Norris wins ‘dream’ maiden Monaco Grand Prix,NEUTRAL,NEUTRAL,,,,,,,,,,,,,,,,,,,,,,,,,,,,,,,,,,,,,,,,,,,,,,,,,,,,,
The News,Real Madrid ‘legend’ Alonso returns as new coach,NEUTRAL,NEUTRAL,,,,,,,,,,,,,,,,,,,,,,,,,,,,,,,,,,,,,,,,,,,,,,,,,,,,,
The News,Sadom qualifies for British Open with Korea win,NEUTRAL,NEUTRAL,,,,,,,,,,,,,,,,,,,,,,,,,,,,,,,,,,,,,,,,,,,,,,,,,,,,,
The News,Russo says Champions League triumph just the start for Arsenal women,POSITIVE,POSITIVE,,,,,,,,,,,,,,,,,,,,,,,,,,,,,,,,,,,,,,,,,,,,,,,,,,,,,
The News,First batch of Bangladesh cricket team arrives,NEUTRAL,NEUTRAL,,,,,,,,,,,,,,,,,,,,,,,,,,,,,,,,,,,,,,,,,,,,,,,,,,,,,
The News,Alam clinches President PGA Professional Golf crown,NEUTRAL,NEUTRAL,,,,,,,,,,,,,,,,,,,,,,,,,,,,,,,,,,,,,,,,,,,,,,,,,,,,,
The News,Pakistan’s Bano wins gold medal at Asian Ju-Jitsu,NEUTRAL,POSITIVE,,,,,,,,,,,,,,,,,,,,,,,,,,,,,,,,,,,,,,,,,,,,,,,,,,,,,
The News,India’s new Test captain Gill relishes ‘exciting’ challenge,POSITIVE,NEUTRAL,,,,,,,,,,,,,,,,,,,,,,,,,,,,,,,,,,,,,,,,,,,,,,,,,,,,,
The News,Abdullah makes exit from Jansher Squash,NEUTRAL,NEUTRAL,,,,,,,,,,,,,,,,,,,,,,,,,,,,,,,,,,,,,,,,,,,,,,,,,,,,,
The News,N Korea detains officials over warship accident,NEGATIVE,NEGATIVE,,,,,,,,,,,,,,,,,,,,,,,,,,,,,,,,,,,,,,,,,,,,,,,,,,,,,
The News,George Floyd’s uncertain legacy marked in US five years on,NEUTRAL,NEUTRAL,,,,,,,,,,,,,,,,,,,,,,,,,,,,,,,,,,,,,,,,,,,,,,,,,,,,,
The News,German ruling party figure urges Nord Stream talks with Russia,NEUTRAL,NEUTRAL,,,,,,,,,,,,,,,,,,,,,,,,,,,,,,,,,,,,,,,,,,,,,,,,,,,,,
The News,Macron arrives in Vietnam for Southeast Asia tour,NEUTRAL,NEUTRAL,,,,,,,,,,,,,,,,,,,,,,,,,,,,,,,,,,,,,,,,,,,,,,,,,,,,,
The News,Thousands rally in Warsaw for Polish presidency rivals,NEUTRAL,NEUTRAL,,,,,,,,,,,,,,,,,,,,,,,,,,,,,,,,,,,,,,,,,,,,,,,,,,,,,
The News,"Turkiye, PKK must both change for peace: former militant",NEUTRAL,NEGATIVE,,,,,,,,,,,,,,,,,,,,,,,,,,,,,,,,,,,,,,,,,,,,,,,,,,,,,
The News,"Malaysia calls for Myanmar truce extension, pushes for peace deal",NEUTRAL,NEUTRAL,,,,,,,,,,,,,,,,,,,,,,,,,,,,,,,,,,,,,,,,,,,,,,,,,,,,,
The News,"In India’s congested cities, delivery apps cash in",NEUTRAL,NEUTRAL,,,,,,,,,,,,,,,,,,,,,,,,,,,,,,,,,,,,,,,,,,,,,,,,,,,,,
The News,French authorities blame sabotage for second power blackout,NEGATIVE,NEGATIVE,,,,,,,,,,,,,,,,,,,,,,,,,,,,,,,,,,,,,,,,,,,,,,,,,,,,,
The News,Australia airdrops supplies to farmers stranded by floods,NEUTRAL,NEGATIVE,,,,,,,,,,,,,,,,,,,,,,,,,,,,,,,,,,,,,,,,,,,,,,,,,,,,,
The News,Uganda suspends military cooperation with Germany,NEUTRAL,NEUTRAL,,,,,,,,,,,,,,,,,,,,,,,,,,,,,,,,,,,,,,,,,,,,,,,,,,,,,
The News,Over 500 migrants rescued off Greek island in recent days,NEUTRAL,NEUTRAL,,,,,,,,,,,,,,,,,,,,,,,,,,,,,,,,,,,,,,,,,,,,,,,,,,,,,
The News,Six die in Switzerland weekend mountain accidents,NEGATIVE,NEUTRAL,,,,,,,,,,,,,,,,,,,,,,,,,,,,,,,,,,,,,,,,,,,,,,,,,,,,,
The News,Italian man kidnapped in bizarre NY crypto plot,NEUTRAL,NEUTRAL,,,,,,,,,,,,,,,,,,,,,,,,,,,,,,,,,,,,,,,,,,,,,,,,,,,,,
The News,Vietnam police detain man over damage to ancient throne,NEGATIVE,NEUTRAL,,,,,,,,,,,,,,,,,,,,,,,,,,,,,,,,,,,,,,,,,,,,,,,,,,,,,
The News,Imran to give call for ‘big movement’: Aleema,NEUTRAL,NEUTRAL,,,,,,,,,,,,,,,,,,,,,,,,,,,,,,,,,,,,,,,,,,,,,,,,,,,,,
The News,Judges’ transfer involves opinions from four judicial forums: Justice Mazhar,NEUTRAL,NEUTRAL,,,,,,,,,,,,,,,,,,,,,,,,,,,,,,,,,,,,,,,,,,,,,,,,,,,,,
The News,BISP allocation set to rise by 20% to Rs716bn in budget,NEUTRAL,NEUTRAL,,,,,,,,,,,,,,,,,,,,,,,,,,,,,,,,,,,,,,,,,,,,,,,,,,,,,
The News,Modi marks 11 years in power with threats to Pakistan,NEGATIVE,NEUTRAL,,,,,,,,,,,,,,,,,,,,,,,,,,,,,,,,,,,,,,,,,,,,,,,,,,,,,
The News,Future of 80 GIK students at risk,NEGATIVE,NEUTRAL,,,,,,,,,,,,,,,,,,,,,,,,,,,,,,,,,,,,,,,,,,,,,,,,,,,,,
The News,"Technology to make justice faster, fairer: CJP",NEUTRAL,NEUTRAL,,,,,,,,,,,,,,,,,,,,,,,,,,,,,,,,,,,,,,,,,,,,,,,,,,,,,
The News,"Police teargas, baton charge PPP’s ‘KP Bachao’ rally",NEGATIVE,NEGATIVE,,,,,,,,,,,,,,,,,,,,,,,,,,,,,,,,,,,,,,,,,,,,,,,,,,,,,
The News,"Bilal made SAPM to lead Pakistan’s  blockchain, crypto future",NEUTRAL,POSITIVE,,,,,,,,,,,,,,,,,,,,,,,,,,,,,,,,,,,,,,,,,,,,,,,,,,,,,
The News,"11 officers promoted to BS-21, 36 to BS-20",NEUTRAL,NEUTRAL,,,,,,,,,,,,,,,,,,,,,,,,,,,,,,,,,,,,,,,,,,,,,,,,,,,,,
The News,NA panel rejects bill on filing power theft FIRs,NEGATIVE,NEUTRAL,,,,,,,,,,,,,,,,,,,,,,,,,,,,,,,,,,,,,,,,,,,,,,,,,,,,,
The News,Maryam launches first-ever free insulin programme for diabetic children,NEUTRAL,NEUTRAL,,,,,,,,,,,,,,,,,,,,,,,,,,,,,,,,,,,,,,,,,,,,,,,,,,,,,
The News,"‘K-Electric loses Rs44bn to theft, billing flaws in 2024’",NEGATIVE,NEUTRAL,,,,,,,,,,,,,,,,,,,,,,,,,,,,,,,,,,,,,,,,,,,,,,,,,,,,,
The News,Memoir discloses Gen Kayani’s role in facilitating Musharraf’s removal,NEUTRAL,NEUTRAL,,,,,,,,,,,,,,,,,,,,,,,,,,,,,,,,,,,,,,,,,,,,,,,,,,,,,
The News,Kuwait reopens visas for Pakistanis after 19 years,NEUTRAL,NEUTRAL,,,,,,,,,,,,,,,,,,,,,,,,,,,,,,,,,,,,,,,,,,,,,,,,,,,,,
The News,"‘Just joking’: Macron denies dispute with wife, blames disinformation",NEUTRAL,NEUTRAL,,,,,,,,,,,,,,,,,,,,,,,,,,,,,,,,,,,,,,,,,,,,,,,,,,,,,
The News,Pakistan outmaneuvers India in digital and information warfare,NEUTRAL,NEUTRAL,,,,,,,,,,,,,,,,,,,,,,,,,,,,,,,,,,,,,,,,,,,,,,,,,,,,,
The News,Pakistan forces stand tall against all odds Operation Bunyan-um-Marsoos: A legacy etched in fire and glory,POSITIVE,POSITIVE,,,,,,,,,,,,,,,,,,,,,,,,,,,,,,,,,,,,,,,,,,,,,,,,,,,,,
The News,Deconstructing Indian navy’s combat capability - Post Pahalgam,NEUTRAL,NEUTRAL,,,,,,,,,,,,,,,,,,,,,,,,,,,,,,,,,,,,,,,,,,,,,,,,,,,,,
The News,After Pahalgam: Pakistan’s tactical gains and the imperative for peace,NEUTRAL,NEUTRAL,,,,,,,,,,,,,,,,,,,,,,,,,,,,,,,,,,,,,,,,,,,,,,,,,,,,,
The News,The data-link divide in modern warfare: Pakistan vs India,NEUTRAL,NEUTRAL,,,,,,,,,,,,,,,,,,,,,,,,,,,,,,,,,,,,,,,,,,,,,,,,,,,,,
The News,Rafales shot down: A geopolitical and financial shockwave,NEGATIVE,NEUTRAL,,,,,,,,,,,,,,,,,,,,,,,,,,,,,,,,,,,,,,,,,,,,,,,,,,,,,
The News,Balochistan PA condemns Khuzdar school bus suicide attack as inhumane and cowardly,NEGATIVE,NEGATIVE,,,,,,,,,,,,,,,,,,,,,,,,,,,,,,,,,,,,,,,,,,,,,,,,,,,,,
The News,"PTA chief clears ‘misunderstanding’ with Aimal Wali, visits Bacha Khan Markaz",NEUTRAL,NEUTRAL,,,,,,,,,,,,,,,,,,,,,,,,,,,,,,,,,,,,,,,,,,,,,,,,,,,,,
The News,Two cops wounded in attack,NEGATIVE,NEUTRAL,,,,,,,,,,,,,,,,,,,,,,,,,,,,,,,,,,,,,,,,,,,,,,,,,,,,,
The News,Chinese official discusses security with delegation from Balochistan,NEUTRAL,NEUTRAL,,,,,,,,,,,,,,,,,,,,,,,,,,,,,,,,,,,,,,,,,,,,,,,,,,,,,
The News,Railways to run five special Eid trains,NEUTRAL,NEUTRAL,,,,,,,,,,,,,,,,,,,,,,,,,,,,,,,,,,,,,,,,,,,,,,,,,,,,,
The News,IHC seeks details from NHA regarding allocation of funds for Bhong Interchange,NEUTRAL,NEUTRAL,,,,,,,,,,,,,,,,,,,,,,,,,,,,,,,,,,,,,,,,,,,,,,,,,,,,,
The News,"May 9 riots cases: Court allows police to conduct photogrammetric, polygraphic tests on Imran",NEUTRAL,NEUTRAL,,,,,,,,,,,,,,,,,,,,,,,,,,,,,,,,,,,,,,,,,,,,,,,,,,,,,
The News,ATC postpones hearing against PTI activists in May 9 case,NEUTRAL,NEUTRAL,,,,,,,,,,,,,,,,,,,,,,,,,,,,,,,,,,,,,,,,,,,,,,,,,,,,,
The News,NA body mulls over local govts powers,NEUTRAL,NEUTRAL,,,,,,,,,,,,,,,,,,,,,,,,,,,,,,,,,,,,,,,,,,,,,,,,,,,,,
The News,Sharjeel sees foreign involvement in Moro violence,NEGATIVE,NEGATIVE,,,,,,,,,,,,,,,,,,,,,,,,,,,,,,,,,,,,,,,,,,,,,,,,,,,,,
The News,Ex-governor Kamaluddin Azfar passes away,NEGATIVE,NEUTRAL,,,,,,,,,,,,,,,,,,,,,,,,,,,,,,,,,,,,,,,,,,,,,,,,,,,,,
The News,Civil society activists hail appointment of Prof Noman Ahmed as acting NED VC,POSITIVE,POSITIVE,,,,,,,,,,,,,,,,,,,,,,,,,,,,,,,,,,,,,,,,,,,,,,,,,,,,,
The News,Aseefa Bhutto underscores Pakistan’s commitment to deepen ties with Iran,NEUTRAL,NEUTRAL,,,,,,,,,,,,,,,,,,,,,,,,,,,,,,,,,,,,,,,,,,,,,,,,,,,,,
The News,SIU arrests two suspects for killing citizen in Orangi mugging bid last year,NEGATIVE,NEUTRAL,,,,,,,,,,,,,,,,,,,,,,,,,,,,,,,,,,,,,,,,,,,,,,,,,,,,,
The News,"Two robbers killed by police, citizen in separate incidents",NEGATIVE,NEGATIVE,,,,,,,,,,,,,,,,,,,,,,,,,,,,,,,,,,,,,,,,,,,,,,,,,,,,,
The News,SHC maintains life imprisonment of convict in sexual assault case,NEGATIVE,NEUTRAL,,,,,,,,,,,,,,,,,,,,,,,,,,,,,,,,,,,,,,,,,,,,,,,,,,,,,
The News,IGP assures goods transporters of better safety steps on highways,NEUTRAL,NEUTRAL,,,,,,,,,,,,,,,,,,,,,,,,,,,,,,,,,,,,,,,,,,,,,,,,,,,,,
The News,SSU conducts self-defence and hostile environment training at Bahria University,NEUTRAL,NEUTRAL,,,,,,,,,,,,,,,,,,,,,,,,,,,,,,,,,,,,,,,,,,,,,,,,,,,,,
The News,Sharjeel orders action over excessive bus fares ahead of Eid,NEGATIVE,NEUTRAL,,,,,,,,,,,,,,,,,,,,,,,,,,,,,,,,,,,,,,,,,,,,,,,,,,,,,
The News,CITY PULSE,NEUTRAL,NEUTRAL,,,,,,,,,,,,,,,,,,,,,,,,,,,,,,,,,,,,,,,,,,,,,,,,,,,,,
The News,Mujtaba for extending maximum relief to public in budget,NEUTRAL,NEUTRAL,,,,,,,,,,,,,,,,,,,,,,,,,,,,,,,,,,,,,,,,,,,,,,,,,,,,,
The News,Modern respiratory care clinic launched at LGH,NEUTRAL,NEUTRAL,,,,,,,,,,,,,,,,,,,,,,,,,,,,,,,,,,,,,,,,,,,,,,,,,,,,,
The News,Inter exams: Three imposters among eight booked,NEUTRAL,NEUTRAL,,,,,,,,,,,,,,,,,,,,,,,,,,,,,,,,,,,,,,,,,,,,,,,,,,,,,
The News,Tight security for anti-polio campaign: CCPO,NEUTRAL,NEUTRAL,,,,,,,,,,,,,,,,,,,,,,,,,,,,,,,,,,,,,,,,,,,,,,,,,,,,,
The News,India’s false allegations against Pakistan a violation of int’l laws: PA Speaker,NEGATIVE,NEUTRAL,,,,,,,,,,,,,,,,,,,,,,,,,,,,,,,,,,,,,,,,,,,,,,,,,,,,,
The News,15 die on road in 24 hours,NEGATIVE,NEUTRAL,,,,,,,,,,,,,,,,,,,,,,,,,,,,,,,,,,,,,,,,,,,,,,,,,,,,,
The News,Safety for converted woman ordered,NEUTRAL,NEUTRAL,,,,,,,,,,,,,,,,,,,,,,,,,,,,,,,,,,,,,,,,,,,,,,,,,,,,,
The News,PHP being connected to PSCA,NEUTRAL,NEUTRAL,,,,,,,,,,,,,,,,,,,,,,,,,,,,,,,,,,,,,,,,,,,,,,,,,,,,,
The News,"Clinical application of theranostics: IAEA, PAEC jointly organise training on cancer treatment",NEUTRAL,POSITIVE,,,,,,,,,,,,,,,,,,,,,,,,,,,,,,,,,,,,,,,,,,,,,,,,,,,,,
The News,"PHEC chairman, UET VC discuss higher education challenges",NEUTRAL,NEUTRAL,,,,,,,,,,,,,,,,,,,,,,,,,,,,,,,,,,,,,,,,,,,,,,,,,,,,,
The News,PPSC recommends candidates for multiple vacant seats,NEUTRAL,NEUTRAL,,,,,,,,,,,,,,,,,,,,,,,,,,,,,,,,,,,,,,,,,,,,,,,,,,,,,
The News,"PFA discards 2,500kg substandard tea",NEGATIVE,NEUTRAL,,,,,,,,,,,,,,,,,,,,,,,,,,,,,,,,,,,,,,,,,,,,,,,,,,,,,
The News,Police lauded for PSL security,NEUTRAL,NEUTRAL,,,,,,,,,,,,,,,,,,,,,,,,,,,,,,,,,,,,,,,,,,,,,,,,,,,,,
The News,CM Summer Games from June 1,NEUTRAL,NEUTRAL,,,,,,,,,,,,,,,,,,,,,,,,,,,,,,,,,,,,,,,,,,,,,,,,,,,,,
The News,Crime control challenges highlighted,NEUTRAL,NEUTRAL,,,,,,,,,,,,,,,,,,,,,,,,,,,,,,,,,,,,,,,,,,,,,,,,,,,,,
The News,"Rawalpindi to receive rain, thunderstorm this week",NEUTRAL,NEUTRAL,,,,,,,,,,,,,,,,,,,,,,,,,,,,,,,,,,,,,,,,,,,,,,,,,,,,,
The News,Rawalpindi to have 8 cattle markets,NEUTRAL,NEUTRAL,,,,,,,,,,,,,,,,,,,,,,,,,,,,,,,,,,,,,,,,,,,,,,,,,,,,,
The News,Anti-polio drive kick-starts in Rawalpindi,NEUTRAL,NEUTRAL,,,,,,,,,,,,,,,,,,,,,,,,,,,,,,,,,,,,,,,,,,,,,,,,,,,,,
The News,Scholarship initiative for coastal communities,NEUTRAL,NEUTRAL,,,,,,,,,,,,,,,,,,,,,,,,,,,,,,,,,,,,,,,,,,,,,,,,,,,,,
The News,SDPI calls for 33pc women's quota in political party decision-making bodies,NEUTRAL,NEUTRAL,,,,,,,,,,,,,,,,,,,,,,,,,,,,,,,,,,,,,,,,,,,,,,,,,,,,,
The News,CDA conducts operation against illegal constructions in housing societies,NEUTRAL,NEUTRAL,,,,,,,,,,,,,,,,,,,,,,,,,,,,,,,,,,,,,,,,,,,,,,,,,,,,,
The News,Experts stress long-term economic planning over annual budget fixation,NEUTRAL,NEUTRAL,,,,,,,,,,,,,,,,,,,,,,,,,,,,,,,,,,,,,,,,,,,,,,,,,,,,,
The News,Pakistan and ADB discuss strategic collaboration for climate resilience,NEUTRAL,POSITIVE,,,,,,,,,,,,,,,,,,,,,,,,,,,,,,,,,,,,,,,,,,,,,,,,,,,,,
The News,Prof Waqas Aziz remembered,NEUTRAL,NEUTRAL,,,,,,,,,,,,,,,,,,,,,,,,,,,,,,,,,,,,,,,,,,,,,,,,,,,,,
The News,Rs179m okayed for BKU new building uplift,POSITIVE,NEUTRAL,,,,,,,,,,,,,,,,,,,,,,,,,,,,,,,,,,,,,,,,,,,,,,,,,,,,,
The News,Chitral elders want Kalash Development Authority abolished,NEUTRAL,NEUTRAL,,,,,,,,,,,,,,,,,,,,,,,,,,,,,,,,,,,,,,,,,,,,,,,,,,,,,
The News,Alleged outlaw killed in Kohat,NEGATIVE,NEUTRAL,,,,,,,,,,,,,,,,,,,,,,,,,,,,,,,,,,,,,,,,,,,,,,,,,,,,,
The News,Nepra issues licenses to Hazesco for power distribution,NEUTRAL,NEUTRAL,,,,,,,,,,,,,,,,,,,,,,,,,,,,,,,,,,,,,,,,,,,,,,,,,,,,,
The News,End of an era: Tourism icon Zahoor Durrani passes away,NEGATIVE,NEUTRAL,,,,,,,,,,,,,,,,,,,,,,,,,,,,,,,,,,,,,,,,,,,,,,,,,,,,,
The News,Salaries’ non-payment: LHWs boycott anti-polio drive in Mohmand,NEGATIVE,NEUTRAL,,,,,,,,,,,,,,,,,,,,,,,,,,,,,,,,,,,,,,,,,,,,,,,,,,,,,
The News,Polio worker kidnapped,NEGATIVE,NEUTRAL,,,,,,,,,,,,,,,,,,,,,,,,,,,,,,,,,,,,,,,,,,,,,,,,,,,,,
The News,Man handed life term for killing stepmother,NEGATIVE,NEGATIVE,,,,,,,,,,,,,,,,,,,,,,,,,,,,,,,,,,,,,,,,,,,,,,,,,,,,,
The News,Heads of govt depts directed to relocate offices to Ladha,NEUTRAL,NEUTRAL,,,,,,,,,,,,,,,,,,,,,,,,,,,,,,,,,,,,,,,,,,,,,,,,,,,,,
The News,"Police ink MoUs to aid families of martyred, serving cops",NEUTRAL,NEUTRAL,,,,,,,,,,,,,,,,,,,,,,,,,,,,,,,,,,,,,,,,,,,,,,,,,,,,,
The News,Petition about missing person disposed of,NEUTRAL,NEUTRAL,,,,,,,,,,,,,,,,,,,,,,,,,,,,,,,,,,,,,,,,,,,,,,,,,,,,,
The News,KP seeks transfer of funds for merged districts,NEUTRAL,NEUTRAL,,,,,,,,,,,,,,,,,,,,,,,,,,,,,,,,,,,,,,,,,,,,,,,,,,,,,
The News,BYD beats Tesla in Europe for first time with 169% sales surge,POSITIVE,NEUTRAL,,,,,,,,,,,,,,,,,,,,,,,,,,,,,,,,,,,,,,,,,,,,,,,,,,,,,
The News,Foreign investors pull net $42m from T-bills,NEUTRAL,NEUTRAL,,,,,,,,,,,,,,,,,,,,,,,,,,,,,,,,,,,,,,,,,,,,,,,,,,,,,
The News,"Experts call for budget to align with Uraan plan, long-term reforms",NEUTRAL,NEUTRAL,,,,,,,,,,,,,,,,,,,,,,,,,,,,,,,,,,,,,,,,,,,,,,,,,,,,,
The News,"Stocks, euro jump on Trump EU tariff delays",NEUTRAL,NEUTRAL,,,,,,,,,,,,,,,,,,,,,,,,,,,,,,,,,,,,,,,,,,,,,,,,,,,,,
The News,Foreign investors urge crackdown on illegal cigarette trade,NEUTRAL,NEUTRAL,,,,,,,,,,,,,,,,,,,,,,,,,,,,,,,,,,,,,,,,,,,,,,,,,,,,,
The News,Stocks close lower on pre-budget uncertainty,NEGATIVE,NEUTRAL,,,,,,,,,,,,,,,,,,,,,,,,,,,,,,,,,,,,,,,,,,,,,,,,,,,,,
The News,Rupee ends weaker as increased dollar demand exerts pressure,NEGATIVE,NEUTRAL,,,,,,,,,,,,,,,,,,,,,,,,,,,,,,,,,,,,,,,,,,,,,,,,,,,,,
The News,ECB’s Lagarde pitches euro alternative to dollar in ‘fracturing’ world,NEUTRAL,NEUTRAL,,,,,,,,,,,,,,,,,,,,,,,,,,,,,,,,,,,,,,,,,,,,,,,,,,,,,
The News,SECP conducts mutual fund focus group session,NEUTRAL,POSITIVE,,,,,,,,,,,,,,,,,,,,,,,,,,,,,,,,,,,,,,,,,,,,,,,,,,,,,
The News,Path to peace runs through economic resolve,NEUTRAL,NEUTRAL,,,,,,,,,,,,,,,,,,,,,,,,,,,,,,,,,,,,,,,,,,,,,,,,,,,,,
The News,Trump considers redirecting $3bn in Harvard grants to US trade schools,NEUTRAL,NEUTRAL,,,,,,,,,,,,,,,,,,,,,,,,,,,,,,,,,,,,,,,,,,,,,,,,,,,,,
The News,"Russia’s cooling economy facing ‘hypothermia’ risks, minister warns",NEGATIVE,NEUTRAL,,,,,,,,,,,,,,,,,,,,,,,,,,,,,,,,,,,,,,,,,,,,,,,,,,,,,
The News,"Gold prices drop Rs2,600 per tola",NEUTRAL,NEUTRAL,,,,,,,,,,,,,,,,,,,,,,,,,,,,,,,,,,,,,,,,,,,,,,,,,,,,,
The News,Sporting beat Benfica in cup final to complete double,NEUTRAL,NEUTRAL,,,,,,,,,,,,,,,,,,,,,,,,,,,,,,,,,,,,,,,,,,,,,,,,,,,,,
The News,Naqvi full of praise for efforts behind successful PSL-10,POSITIVE,POSITIVE,,,,,,,,,,,,,,,,,,,,,,,,,,,,,,,,,,,,,,,,,,,,,,,,,,,,,
The News,Caesar stuns rivals to clinch Islamabad Cup at LRC,NEUTRAL,NEUTRAL,,,,,,,,,,,,,,,,,,,,,,,,,,,,,,,,,,,,,,,,,,,,,,,,,,,,,
The News,Raza jets in 10 minutes before toss to lead Lahore to PSL title,NEUTRAL,NEUTRAL,,,,,,,,,,,,,,,,,,,,,,,,,,,,,,,,,,,,,,,,,,,,,,,,,,,,,
The News,CM Punjab Summer Games from June 1,NEUTRAL,NEUTRAL,,,,,,,,,,,,,,,,,,,,,,,,,,,,,,,,,,,,,,,,,,,,,,,,,,,,,
The News,Ramiz hails Sikandar Raza’s heroics and commitment to Lahore,NEUTRAL,POSITIVE,,,,,,,,,,,,,,,,,,,,,,,,,,,,,,,,,,,,,,,,,,,,,,,,,,,,,
The News,"PTF imposes fine, ban on top tennis player over misconduct",NEGATIVE,NEGATIVE,,,,,,,,,,,,,,,,,,,,,,,,,,,,,,,,,,,,,,,,,,,,,,,,,,,,,
The News,Sahir Associates take control of PT semi-final,NEUTRAL,NEUTRAL,,,,,,,,,,,,,,,,,,,,,,,,,,,,,,,,,,,,,,,,,,,,,,,,,,,,,
The News,Liverpool already ‘busy’ getting better for next season,POSITIVE,POSITIVE,,,,,,,,,,,,,,,,,,,,,,,,,,,,,,,,,,,,,,,,,,,,,,,,,,,,,
The News,Mbappe adds a little lustre to Real season with Golden Shoe,NEUTRAL,NEUTRAL,,,,,,,,,,,,,,,,,,,,,,,,,,,,,,,,,,,,,,,,,,,,,,,,,,,,,
The News,Pakistan win two more silver medals at Asian Ju-Jitsu,NEUTRAL,NEUTRAL,,,,,,,,,,,,,,,,,,,,,,,,,,,,,,,,,,,,,,,,,,,,,,,,,,,,,
The News,Shaheen named captain of PSL 10 Team of the Tournament,NEUTRAL,NEUTRAL,,,,,,,,,,,,,,,,,,,,,,,,,,,,,,,,,,,,,,,,,,,,,,,,,,,,,
The News,Cash awards for athletes,NEUTRAL,NEUTRAL,,,,,,,,,,,,,,,,,,,,,,,,,,,,,,,,,,,,,,,,,,,,,,,,,,,,,
The News,Ammad annexes squash crown,NEUTRAL,NEUTRAL,,,,,,,,,,,,,,,,,,,,,,,,,,,,,,,,,,,,,,,,,,,,,,,,,,,,,
The News,Exciting showdown on cards as PFF to elect new president today,POSITIVE,NEUTRAL,,,,,,,,,,,,,,,,,,,,,,,,,,,,,,,,,,,,,,,,,,,,,,,,,,,,,
The News,India races to contain oil spill after container ship sinks,NEGATIVE,NEUTRAL,,,,,,,,,,,,,,,,,,,,,,,,,,,,,,,,,,,,,,,,,,,,,,,,,,,,,
The News,Protests grip BD as pressure mounts on Yunus-led government,NEUTRAL,NEGATIVE,,,,,,,,,,,,,,,,,,,,,,,,,,,,,,,,,,,,,,,,,,,,,,,,,,,,,
The News,India arrests police officer suspected of spying for Pakistan,NEGATIVE,NEGATIVE,,,,,,,,,,,,,,,,,,,,,,,,,,,,,,,,,,,,,,,,,,,,,,,,,,,,,
The News,Putin threatens to ‘throttle’ Western firms remaining in Russia,NEGATIVE,NEUTRAL,,,,,,,,,,,,,,,,,,,,,,,,,,,,,,,,,,,,,,,,,,,,,,,,,,,,,
The News,"India, Canada move to mend diplomatic ties",NEUTRAL,NEUTRAL,,,,,,,,,,,,,,,,,,,,,,,,,,,,,,,,,,,,,,,,,,,,,,,,,,,,,
The News,"EU, UK should not use Balkans as migrant ‘warehouse’: rights group",NEGATIVE,NEUTRAL,,,,,,,,,,,,,,,,,,,,,,,,,,,,,,,,,,,,,,,,,,,,,,,,,,,,,
The News,Austria deports Chechens who risk recruitment in Ukraine war,NEGATIVE,NEGATIVE,,,,,,,,,,,,,,,,,,,,,,,,,,,,,,,,,,,,,,,,,,,,,,,,,,,,,
The News,India’s monsoon lashes Mumbai as rains arrive early,NEUTRAL,NEUTRAL,,,,,,,,,,,,,,,,,,,,,,,,,,,,,,,,,,,,,,,,,,,,,,,,,,,,,
The News,"Trump says US wants to make tanks, not T-shirts",NEUTRAL,NEUTRAL,,,,,,,,,,,,,,,,,,,,,,,,,,,,,,,,,,,,,,,,,,,,,,,,,,,,,
The News,Wilders threatens to torpedo Dutch govt over asylum rules,NEGATIVE,NEUTRAL,,,,,,,,,,,,,,,,,,,,,,,,,,,,,,,,,,,,,,,,,,,,,,,,,,,,,
The News,Nordic nations ‘in solidarity’ with Greenland after US threats,NEUTRAL,NEUTRAL,,,,,,,,,,,,,,,,,,,,,,,,,,,,,,,,,,,,,,,,,,,,,,,,,,,,,
The News,Sweden mulls revoking citizenship of dual national gang members,NEUTRAL,NEGATIVE,,,,,,,,,,,,,,,,,,,,,,,,,,,,,,,,,,,,,,,,,,,,,,,,,,,,,
The News,Three foreign nationals killed in South Africa ‘revenge attacks’,NEGATIVE,NEGATIVE,,,,,,,,,,,,,,,,,,,,,,,,,,,,,,,,,,,,,,,,,,,,,,,,,,,,,
The News,Former longtime US House lawmaker Charles Rangel dies at 94,NEUTRAL,NEUTRAL,,,,,,,,,,,,,,,,,,,,,,,,,,,,,,,,,,,,,,,,,,,,,,,,,,,,,
The News,"Polio worker killed, another injured in eastern Afghanistan shooting",NEGATIVE,NEUTRAL,,,,,,,,,,,,,,,,,,,,,,,,,,,,,,,,,,,,,,,,,,,,,,,,,,,,,
The News,Imran ready for ‘give and take’: Aleema,NEUTRAL,NEUTRAL,,,,,,,,,,,,,,,,,,,,,,,,,,,,,,,,,,,,,,,,,,,,,,,,,,,,,
The News,A deal was being sealed in Presidency when US Navy Seals raided Abbottabad,NEUTRAL,NEUTRAL,,,,,,,,,,,,,,,,,,,,,,,,,,,,,,,,,,,,,,,,,,,,,,,,,,,,,
The News,Modi continues to fan anti-Pakistan hysteria,NEGATIVE,NEGATIVE,,,,,,,,,,,,,,,,,,,,,,,,,,,,,,,,,,,,,,,,,,,,,,,,,,,,,
The News,CII rejects child marriage restraint bill as contrary to Islam,NEGATIVE,NEUTRAL,,,,,,,,,,,,,,,,,,,,,,,,,,,,,,,,,,,,,,,,,,,,,,,,,,,,,
The News,Serious irregularities found in KP’s Rs33bn free solar project,NEGATIVE,NEUTRAL,,,,,,,,,,,,,,,,,,,,,,,,,,,,,,,,,,,,,,,,,,,,,,,,,,,,,
The News,Pakistani automakers follow just 18 of 200 global safety standards,NEUTRAL,NEGATIVE,,,,,,,,,,,,,,,,,,,,,,,,,,,,,,,,,,,,,,,,,,,,,,,,,,,,,
The News,"Bleak legal, political prospects: Imran ready to meet US-based doctors",NEUTRAL,NEUTRAL,,,,,,,,,,,,,,,,,,,,,,,,,,,,,,,,,,,,,,,,,,,,,,,,,,,,,
The News,"Reserved seats case: Ruling applied to election symbol, not PTI’s existence, says SC",NEUTRAL,NEUTRAL,,,,,,,,,,,,,,,,,,,,,,,,,,,,,,,,,,,,,,,,,,,,,,,,,,,,,
The News,NA panel assails ‘disrespectful’ behaviour of KE CEO,NEGATIVE,NEGATIVE,,,,,,,,,,,,,,,,,,,,,,,,,,,,,,,,,,,,,,,,,,,,,,,,,,,,,
The News,K-Electric gets Nepra’s nod for 320MW renewable projects,POSITIVE,NEUTRAL,,,,,,,,,,,,,,,,,,,,,,,,,,,,,,,,,,,,,,,,,,,,,,,,,,,,,
The News,Policeman martyred in attack on Nushki polio team,NEGATIVE,NEGATIVE,,,,,,,,,,,,,,,,,,,,,,,,,,,,,,,,,,,,,,,,,,,,,,,,,,,,,
The News,Interior ministry asked to implement ECBC in capital,NEUTRAL,NEUTRAL,,,,,,,,,,,,,,,,,,,,,,,,,,,,,,,,,,,,,,,,,,,,,,,,,,,,,
The News,"3 killed as rain, windstorm hit KP",NEGATIVE,NEGATIVE,,,,,,,,,,,,,,,,,,,,,,,,,,,,,,,,,,,,,,,,,,,,,,,,,,,,,
The News,"Zilhaj moon not sighted, Eid to fall on June 7",NEUTRAL,NEUTRAL,,,,,,,,,,,,,,,,,,,,,,,,,,,,,,,,,,,,,,,,,,,,,,,,,,,,,
The News,Bahria Town launches iconic ‘Waada’ in Dubai,NEUTRAL,POSITIVE,,,,,,,,,,,,,,,,,,,,,,,,,,,,,,,,,,,,,,,,,,,,,,,,,,,,,
The News,The silent storm: Unmasking the crisis of pregnancy loss in Pakistan,NEUTRAL,NEGATIVE,,,,,,,,,,,,,,,,,,,,,,,,,,,,,,,,,,,,,,,,,,,,,,,,,,,,,
The News,Dacoit killed in police encounter,NEGATIVE,NEUTRAL,,,,,,,,,,,,,,,,,,,,,,,,,,,,,,,,,,,,,,,,,,,,,,,,,,,,,
The News,Two dacoits killed in Gojra,NEGATIVE,NEUTRAL,,,,,,,,,,,,,,,,,,,,,,,,,,,,,,,,,,,,,,,,,,,,,,,,,,,,,
The News,"India, Pakistan to invest large sums in drones",NEUTRAL,NEUTRAL,,,,,,,,,,,,,,,,,,,,,,,,,,,,,,,,,,,,,,,,,,,,,,,,,,,,,
The News,ECP proposes amendment to Article 140A to ensure timely LG polls,NEUTRAL,NEUTRAL,,,,,,,,,,,,,,,,,,,,,,,,,,,,,,,,,,,,,,,,,,,,,,,,,,,,,
The News,Regulation of infant formula milk removed from DRAP’s control,NEUTRAL,NEUTRAL,,,,,,,,,,,,,,,,,,,,,,,,,,,,,,,,,,,,,,,,,,,,,,,,,,,,,
The News,"Settlement of Ukraine crisis requires elimination of root causes, not Western-driven ceasefire: Russian envoy",NEUTRAL,NEUTRAL,,,,,,,,,,,,,,,,,,,,,,,,,,,,,,,,,,,,,,,,,,,,,,,,,,,,,
The News,PTI MNA squabbles with police after vehicle stopped near Adiala jail,NEUTRAL,NEUTRAL,,,,,,,,,,,,,,,,,,,,,,,,,,,,,,,,,,,,,,,,,,,,,,,,,,,,,
The News,Traffic cop killed in Karachi gun attack,NEGATIVE,NEUTRAL,,,,,,,,,,,,,,,,,,,,,,,,,,,,,,,,,,,,,,,,,,,,,,,,,,,,,
The News,Sharjeel cautions KP CM against using harsh anti-Bhutto language,NEUTRAL,NEGATIVE,,,,,,,,,,,,,,,,,,,,,,,,,,,,,,,,,,,,,,,,,,,,,,,,,,,,,
The News,"Tracks not fit for high-speed trains, Senate panel told",NEGATIVE,NEUTRAL,,,,,,,,,,,,,,,,,,,,,,,,,,,,,,,,,,,,,,,,,,,,,,,,,,,,,
The News,SHC tells govt to make interim replacement if SBCA DG is not qualified for post,NEUTRAL,NEUTRAL,,,,,,,,,,,,,,,,,,,,,,,,,,,,,,,,,,,,,,,,,,,,,,,,,,,,,
The News,"Mayor, ADB agree to construct parking plazas",NEUTRAL,NEUTRAL,,,,,,,,,,,,,,,,,,,,,,,,,,,,,,,,,,,,,,,,,,,,,,,,,,,,,
The News,Lanjar orders law enforcers to prepare Eidul Azha contingency plan,NEUTRAL,NEUTRAL,,,,,,,,,,,,,,,,,,,,,,,,,,,,,,,,,,,,,,,,,,,,,,,,,,,,,
The News,Five workers faint as fire destroys goods at Landhi garments factory,NEGATIVE,NEUTRAL,,,,,,,,,,,,,,,,,,,,,,,,,,,,,,,,,,,,,,,,,,,,,,,,,,,,,
The News,"Minor girl’s killing in crossfire sparks protest, public outcry in Korangi",NEGATIVE,NEUTRAL,,,,,,,,,,,,,,,,,,,,,,,,,,,,,,,,,,,,,,,,,,,,,,,,,,,,,
The News,"PEBS, Heidelberg Schloss Rotary Club join hands to screen 60,000 schoolchildren",NEUTRAL,NEUTRAL,,,,,,,,,,,,,,,,,,,,,,,,,,,,,,,,,,,,,,,,,,,,,,,,,,,,,
The News,ADB shows interest in investing in expanding Sindh’s public transport infrastructure,POSITIVE,NEUTRAL,,,,,,,,,,,,,,,,,,,,,,,,,,,,,,,,,,,,,,,,,,,,,,,,,,,,,
The News,Nasir hails Nepra’s approval of two solar power projects,NEUTRAL,NEUTRAL,,,,,,,,,,,,,,,,,,,,,,,,,,,,,,,,,,,,,,,,,,,,,,,,,,,,,
The News,Rs1.2 billion allocated for improving citrus yield: minister,NEUTRAL,NEUTRAL,,,,,,,,,,,,,,,,,,,,,,,,,,,,,,,,,,,,,,,,,,,,,,,,,,,,,
The News,Martyred cops paid tribute,NEUTRAL,NEUTRAL,,,,,,,,,,,,,,,,,,,,,,,,,,,,,,,,,,,,,,,,,,,,,,,,,,,,,
The News,Hot weather forecast,POSITIVE,NEUTRAL,,,,,,,,,,,,,,,,,,,,,,,,,,,,,,,,,,,,,,,,,,,,,,,,,,,,,
The News,Two found dead,NEGATIVE,NEGATIVE,,,,,,,,,,,,,,,,,,,,,,,,,,,,,,,,,,,,,,,,,,,,,,,,,,,,,
The News,"Eid cleanliness, cattle points arrangements approved",NEUTRAL,NEUTRAL,,,,,,,,,,,,,,,,,,,,,,,,,,,,,,,,,,,,,,,,,,,,,,,,,,,,,
The News,‘Historic steps taken to improve health sector’,NEUTRAL,NEUTRAL,,,,,,,,,,,,,,,,,,,,,,,,,,,,,,,,,,,,,,,,,,,,,,,,,,,,,
The News,Sri Lankan delegation meets governor,NEUTRAL,NEUTRAL,,,,,,,,,,,,,,,,,,,,,,,,,,,,,,,,,,,,,,,,,,,,,,,,,,,,,
The News,Two held for harassing special woman,NEGATIVE,NEUTRAL,,,,,,,,,,,,,,,,,,,,,,,,,,,,,,,,,,,,,,,,,,,,,,,,,,,,,
The News,"Moot highlights labour rights, demands safe working conditions",NEUTRAL,NEUTRAL,,,,,,,,,,,,,,,,,,,,,,,,,,,,,,,,,,,,,,,,,,,,,,,,,,,,,
The News,"18,000 cops on polio workers’ security duties",NEGATIVE,NEUTRAL,,,,,,,,,,,,,,,,,,,,,,,,,,,,,,,,,,,,,,,,,,,,,,,,,,,,,
The News,‘May 28 a shining chapter in our history’,POSITIVE,POSITIVE,,,,,,,,,,,,,,,,,,,,,,,,,,,,,,,,,,,,,,,,,,,,,,,,,,,,,
The News,Workers demand 30% raise,NEUTRAL,NEUTRAL,,,,,,,,,,,,,,,,,,,,,,,,,,,,,,,,,,,,,,,,,,,,,,,,,,,,,
The News,11 die on road in 24 hours,NEGATIVE,NEUTRAL,,,,,,,,,,,,,,,,,,,,,,,,,,,,,,,,,,,,,,,,,,,,,,,,,,,,,
The News,Public-private partnership planned for hospitals,NEUTRAL,NEUTRAL,,,,,,,,,,,,,,,,,,,,,,,,,,,,,,,,,,,,,,,,,,,,,,,,,,,,,
The News,Plant owners call for tax cut on packed milk,NEUTRAL,NEUTRAL,,,,,,,,,,,,,,,,,,,,,,,,,,,,,,,,,,,,,,,,,,,,,,,,,,,,,
The News,Pakistan-China job fair held to empower youth,NEUTRAL,NEUTRAL,,,,,,,,,,,,,,,,,,,,,,,,,,,,,,,,,,,,,,,,,,,,,,,,,,,,,
The News,"CAPS seminar explores religion along ancient Silk Route, BRI",NEUTRAL,NEUTRAL,,,,,,,,,,,,,,,,,,,,,,,,,,,,,,,,,,,,,,,,,,,,,,,,,,,,,
The News,PAEC marks ‘Youm-e-Takbeer’,NEUTRAL,POSITIVE,,,,,,,,,,,,,,,,,,,,,,,,,,,,,,,,,,,,,,,,,,,,,,,,,,,,,
The News,‘Media literacy termed cornerstone of democracy’,NEUTRAL,NEUTRAL,,,,,,,,,,,,,,,,,,,,,,,,,,,,,,,,,,,,,,,,,,,,,,,,,,,,,
The News,Haider Hoti rejects Mines & Mineral Bill,NEUTRAL,NEUTRAL,,,,,,,,,,,,,,,,,,,,,,,,,,,,,,,,,,,,,,,,,,,,,,,,,,,,,
The News,Excise officer refuses field duty over alleged corruption in department,NEGATIVE,NEUTRAL,,,,,,,,,,,,,,,,,,,,,,,,,,,,,,,,,,,,,,,,,,,,,,,,,,,,,
The News,Three killed in Buner road mishap,NEGATIVE,NEUTRAL,,,,,,,,,,,,,,,,,,,,,,,,,,,,,,,,,,,,,,,,,,,,,,,,,,,,,
The News,Levies cop dies in accident during polio duty,NEGATIVE,NEUTRAL,,,,,,,,,,,,,,,,,,,,,,,,,,,,,,,,,,,,,,,,,,,,,,,,,,,,,
The News,Tribunal halts Health Professional Allowance to non-teaching staff,NEUTRAL,NEGATIVE,,,,,,,,,,,,,,,,,,,,,,,,,,,,,,,,,,,,,,,,,,,,,,,,,,,,,
The News,Governor accuses CM of indulging in dirty politics,NEGATIVE,NEGATIVE,,,,,,,,,,,,,,,,,,,,,,,,,,,,,,,,,,,,,,,,,,,,,,,,,,,,,
The News,Kundi condemns use of force against peaceful protesters,NEGATIVE,NEUTRAL,,,,,,,,,,,,,,,,,,,,,,,,,,,,,,,,,,,,,,,,,,,,,,,,,,,,,
The News,Youm-e-Takbir: Nuclear tests by Pakistan restored strategic balance in the region: AJK president,NEUTRAL,NEUTRAL,,,,,,,,,,,,,,,,,,,,,,,,,,,,,,,,,,,,,,,,,,,,,,,,,,,,,
The News,Commitment to make KP polio-free reiterated,NEUTRAL,NEUTRAL,,,,,,,,,,,,,,,,,,,,,,,,,,,,,,,,,,,,,,,,,,,,,,,,,,,,,
The News,"Pakistan-India Conflict 2025: Speakers at seminar stress unity, strategy after triumph",NEUTRAL,NEUTRAL,,,,,,,,,,,,,,,,,,,,,,,,,,,,,,,,,,,,,,,,,,,,,,,,,,,,,
The News,Court grants bail to PPP leaders,NEUTRAL,NEUTRAL,,,,,,,,,,,,,,,,,,,,,,,,,,,,,,,,,,,,,,,,,,,,,,,,,,,,,
The News,"Imran to be acquitted in all cases, hopes Saif",NEUTRAL,NEUTRAL,,,,,,,,,,,,,,,,,,,,,,,,,,,,,,,,,,,,,,,,,,,,,,,,,,,,,
The News,Death of 4 kids in blast: Protest ends in N Waziristan after talks with govt,NEGATIVE,NEUTRAL,,,,,,,,,,,,,,,,,,,,,,,,,,,,,,,,,,,,,,,,,,,,,,,,,,,,,
The News,"Rail freight revival crucial to easing Karachi’s road congestion, say stakeholders",NEUTRAL,NEUTRAL,,,,,,,,,,,,,,,,,,,,,,,,,,,,,,,,,,,,,,,,,,,,,,,,,,,,,
The News,"Ogra launches e-licensing platform to streamline oil, gas approvals",NEUTRAL,POSITIVE,,,,,,,,,,,,,,,,,,,,,,,,,,,,,,,,,,,,,,,,,,,,,,,,,,,,,
The News,Govt raises Rs772bn through T-bills’ auction; yields fall by 9-15 bps,NEUTRAL,NEUTRAL,,,,,,,,,,,,,,,,,,,,,,,,,,,,,,,,,,,,,,,,,,,,,,,,,,,,,
The News,"China’s premier tells ASEAN, Gulf nations to remove trade barriers",NEUTRAL,NEUTRAL,,,,,,,,,,,,,,,,,,,,,,,,,,,,,,,,,,,,,,,,,,,,,,,,,,,,,
The News,World Bank warns Pakistan’s rising tariffs are stifling exports,NEGATIVE,NEUTRAL,,,,,,,,,,,,,,,,,,,,,,,,,,,,,,,,,,,,,,,,,,,,,,,,,,,,,
The News,KSE-100 index up 112 points amid pre-budget speculations,NEUTRAL,NEUTRAL,,,,,,,,,,,,,,,,,,,,,,,,,,,,,,,,,,,,,,,,,,,,,,,,,,,,,
The News,Rupee falls for second straight day,NEGATIVE,NEUTRAL,,,,,,,,,,,,,,,,,,,,,,,,,,,,,,,,,,,,,,,,,,,,,,,,,,,,,
The News,"SAI calls for tax policy reforms, lower sales tax to spur growth",NEUTRAL,NEUTRAL,,,,,,,,,,,,,,,,,,,,,,,,,,,,,,,,,,,,,,,,,,,,,,,,,,,,,
The News,Pakistan’s pink salt pavilion draws global attention at Osaka Expo 2025,POSITIVE,POSITIVE,,,,,,,,,,,,,,,,,,,,,,,,,,,,,,,,,,,,,,,,,,,,,,,,,,,,,
The News,World Bank pledges continued support for Pakistan’s reform agenda,POSITIVE,POSITIVE,,,,,,,,,,,,,,,,,,,,,,,,,,,,,,,,,,,,,,,,,,,,,,,,,,,,,
The News,"CM Murad inaugurates Sindh Startup Expo, urges greater industry-academia collaboration",POSITIVE,POSITIVE,,,,,,,,,,,,,,,,,,,,,,,,,,,,,,,,,,,,,,,,,,,,,,,,,,,,,
The News,SNGPL chief assures textile sector of priority gas supply,NEUTRAL,NEUTRAL,,,,,,,,,,,,,,,,,,,,,,,,,,,,,,,,,,,,,,,,,,,,,,,,,,,,,
The News,"Gold prices drop Rs3,600 per tola",NEUTRAL,NEUTRAL,,,,,,,,,,,,,,,,,,,,,,,,,,,,,,,,,,,,,,,,,,,,,,,,,,,,,
The News,PTCL group partners with NETS International to modernise IT core routing,NEUTRAL,POSITIVE,,,,,,,,,,,,,,,,,,,,,,,,,,,,,,,,,,,,,,,,,,,,,,,,,,,,,
The News,Shajar makes it to 400m semis in Asian Athletics,NEUTRAL,POSITIVE,,,,,,,,,,,,,,,,,,,,,,,,,,,,,,,,,,,,,,,,,,,,,,,,,,,,,
The News,Australia face selection dilemma ahead of WTC final,NEUTRAL,NEUTRAL,,,,,,,,,,,,,,,,,,,,,,,,,,,,,,,,,,,,,,,,,,,,,,,,,,,,,
The News,Court suspends PSF’s recognition of parallel BSA,NEUTRAL,NEUTRAL,,,,,,,,,,,,,,,,,,,,,,,,,,,,,,,,,,,,,,,,,,,,,,,,,,,,,
The News,Match officials for Pak-BD series named,NEUTRAL,NEUTRAL,,,,,,,,,,,,,,,,,,,,,,,,,,,,,,,,,,,,,,,,,,,,,,,,,,,,,
The News,Suryakumar Yadav breaks Sachin Tendulkar’s IPL record,NEUTRAL,NEUTRAL,,,,,,,,,,,,,,,,,,,,,,,,,,,,,,,,,,,,,,,,,,,,,,,,,,,,,
The News,Abbas Afridi inducted after Wasim Jr gets injured,NEUTRAL,NEUTRAL,,,,,,,,,,,,,,,,,,,,,,,,,,,,,,,,,,,,,,,,,,,,,,,,,,,,,
The News,Shadab sets sight on breaking Paolo Drocchi’s record,NEUTRAL,NEUTRAL,,,,,,,,,,,,,,,,,,,,,,,,,,,,,,,,,,,,,,,,,,,,,,,,,,,,,
The News,Balochistan grand serve for Pakistan tennis,NEUTRAL,POSITIVE,,,,,,,,,,,,,,,,,,,,,,,,,,,,,,,,,,,,,,,,,,,,,,,,,,,,,
The News,Haj pilgrimage to begin on June 4: Saudi Arabia,NEUTRAL,NEUTRAL,,,,,,,,,,,,,,,,,,,,,,,,,,,,,,,,,,,,,,,,,,,,,,,,,,,,,
The News,India approves development of prototype advanced fighter jet,POSITIVE,NEUTRAL,,,,,,,,,,,,,,,,,,,,,,,,,,,,,,,,,,,,,,,,,,,,,,,,,,,,,
The News,Trump administration halts scheduling of new student visa appointments,NEUTRAL,NEUTRAL,,,,,,,,,,,,,,,,,,,,,,,,,,,,,,,,,,,,,,,,,,,,,,,,,,,,,
The News,EU approves 150-billion-euro loan scheme to rearm,NEUTRAL,NEUTRAL,,,,,,,,,,,,,,,,,,,,,,,,,,,,,,,,,,,,,,,,,,,,,,,,,,,,,
The News,Webb telescope captures deep view of ancient galaxies,NEUTRAL,NEUTRAL,,,,,,,,,,,,,,,,,,,,,,,,,,,,,,,,,,,,,,,,,,,,,,,,,,,,,
The News,US government seeks to cut remaining federal ties with Harvard,NEUTRAL,NEUTRAL,,,,,,,,,,,,,,,,,,,,,,,,,,,,,,,,,,,,,,,,,,,,,,,,,,,,,
The News,Iran president in Oman as nuclear talks progress,NEUTRAL,NEUTRAL,,,,,,,,,,,,,,,,,,,,,,,,,,,,,,,,,,,,,,,,,,,,,,,,,,,,,
The News,Trump says Putin ‘playing with fire’ as sanctions pressure grows,NEUTRAL,NEUTRAL,,,,,,,,,,,,,,,,,,,,,,,,,,,,,,,,,,,,,,,,,,,,,,,,,,,,,
The News,"US no longer recommends Covid shots for children, pregnant women",NEGATIVE,NEUTRAL,,,,,,,,,,,,,,,,,,,,,,,,,,,,,,,,,,,,,,,,,,,,,,,,,,,,,
The News,Huge explosion at China chemical plant kills five,NEGATIVE,NEGATIVE,,,,,,,,,,,,,,,,,,,,,,,,,,,,,,,,,,,,,,,,,,,,,,,,,,,,,
The News,King Charles expresses love for ‘strong and free’ Canada,POSITIVE,NEUTRAL,,,,,,,,,,,,,,,,,,,,,,,,,,,,,,,,,,,,,,,,,,,,,,,,,,,,,
The News,Crisis deepens in KP Public Service Commission,NEGATIVE,NEUTRAL,,,,,,,,,,,,,,,,,,,,,,,,,,,,,,,,,,,,,,,,,,,,,,,,,,,,,
The News,"Govt, sugar mills agree on cost audit, temporary price cut",NEUTRAL,NEUTRAL,,,,,,,,,,,,,,,,,,,,,,,,,,,,,,,,,,,,,,,,,,,,,,,,,,,,,
The News,Four militants killed in Musakhel,NEGATIVE,NEGATIVE,,,,,,,,,,,,,,,,,,,,,,,,,,,,,,,,,,,,,,,,,,,,,,,,,,,,,
The News,Punjab to earmark Rs60bn to develop 60 archaeological & heritage sites,NEUTRAL,NEUTRAL,,,,,,,,,,,,,,,,,,,,,,,,,,,,,,,,,,,,,,,,,,,,,,,,,,,,,
The News,Pakistan celebrates Youm-e-Takbeer with patriotic fervour,POSITIVE,POSITIVE,,,,,,,,,,,,,,,,,,,,,,,,,,,,,,,,,,,,,,,,,,,,,,,,,,,,,
The News,ECP postpones Senate by-poll in Punjab,NEUTRAL,NEUTRAL,,,,,,,,,,,,,,,,,,,,,,,,,,,,,,,,,,,,,,,,,,,,,,,,,,,,,
The News,Imran rejects dialogue path despite Gandapur’s ‘important message’,NEUTRAL,NEUTRAL,,,,,,,,,,,,,,,,,,,,,,,,,,,,,,,,,,,,,,,,,,,,,,,,,,,,,
The News,Trump aide claims tariffs helped broker India-Pakistan ceasefire,NEUTRAL,NEUTRAL,,,,,,,,,,,,,,,,,,,,,,,,,,,,,,,,,,,,,,,,,,,,,,,,,,,,,
The News,FBR briefs Aurangzeb on tax proposals,NEUTRAL,NEUTRAL,,,,,,,,,,,,,,,,,,,,,,,,,,,,,,,,,,,,,,,,,,,,,,,,,,,,,
The News,"BCCI to invite armed forces chiefs to IPL final, echoing Pakistan’s PSL",NEUTRAL,NEUTRAL,,,,,,,,,,,,,,,,,,,,,,,,,,,,,,,,,,,,,,,,,,,,,,,,,,,,,
The News,Awais not at ease with Nepra decisions about K-Electric,NEGATIVE,NEUTRAL,,,,,,,,,,,,,,,,,,,,,,,,,,,,,,,,,,,,,,,,,,,,,,,,,,,,,
The News,FO hits out at Modi over ‘inflammatory monologue’,NEGATIVE,NEGATIVE,,,,,,,,,,,,,,,,,,,,,,,,,,,,,,,,,,,,,,,,,,,,,,,,,,,,,
The News,PMLN files additional grounds in reserved seats case,NEUTRAL,NEUTRAL,,,,,,,,,,,,,,,,,,,,,,,,,,,,,,,,,,,,,,,,,,,,,,,,,,,,,
The News,UK records sunniest spring in over a century,POSITIVE,NEUTRAL,,,,,,,,,,,,,,,,,,,,,,,,,,,,,,,,,,,,,,,,,,,,,,,,,,,,,
The News,Eleven bodies found on boat washed up on Caribbean island,NEGATIVE,NEUTRAL,,,,,,,,,,,,,,,,,,,,,,,,,,,,,,,,,,,,,,,,,,,,,,,,,,,,,
The News,Polypharmacy turns treatment into exploitation in Pakistan,NEGATIVE,NEGATIVE,,,,,,,,,,,,,,,,,,,,,,,,,,,,,,,,,,,,,,,,,,,,,,,,,,,,,
The News,"Nawaz was unwilling for N-tests, claims Omar Ayub",NEUTRAL,NEUTRAL,,,,,,,,,,,,,,,,,,,,,,,,,,,,,,,,,,,,,,,,,,,,,,,,,,,,,
The News,French military reacts to Rafale downing by Pakistan,NEUTRAL,NEUTRAL,,,,,,,,,,,,,,,,,,,,,,,,,,,,,,,,,,,,,,,,,,,,,,,,,,,,,
The News,UK think tank notes Pakistan-India ceasefire remains fragile,NEUTRAL,NEUTRAL,,,,,,,,,,,,,,,,,,,,,,,,,,,,,,,,,,,,,,,,,,,,,,,,,,,,,
The News,Pak nuclear tests restored regional balance: AJK president,NEUTRAL,NEUTRAL,,,,,,,,,,,,,,,,,,,,,,,,,,,,,,,,,,,,,,,,,,,,,,,,,,,,,
The News,Junaid Safdar to tie the knot with granddaughter of Nawaz’s cousin,NEUTRAL,NEUTRAL,,,,,,,,,,,,,,,,,,,,,,,,,,,,,,,,,,,,,,,,,,,,,,,,,,,,,
The News,5 cops martyred as van falls into ravine,NEGATIVE,NEUTRAL,,,,,,,,,,,,,,,,,,,,,,,,,,,,,,,,,,,,,,,,,,,,,,,,,,,,,
The News,JI chief says nuclear capability an unforgettable gift,POSITIVE,NEUTRAL,,,,,,,,,,,,,,,,,,,,,,,,,,,,,,,,,,,,,,,,,,,,,,,,,,,,,
The News,62 Levies suspended in 18 Balochistan districts,NEUTRAL,NEUTRAL,,,,,,,,,,,,,,,,,,,,,,,,,,,,,,,,,,,,,,,,,,,,,,,,,,,,,
The News,No single party made Pak defence invincible: PTI,NEUTRAL,NEUTRAL,,,,,,,,,,,,,,,,,,,,,,,,,,,,,,,,,,,,,,,,,,,,,,,,,,,,,
The News,Chinese technology overtaking West in key area: Mushahid,NEUTRAL,NEUTRAL,,,,,,,,,,,,,,,,,,,,,,,,,,,,,,,,,,,,,,,,,,,,,,,,,,,,,
The News,Covid-19 cases surge again in Pakistan amid global spike,NEUTRAL,NEUTRAL,,,,,,,,,,,,,,,,,,,,,,,,,,,,,,,,,,,,,,,,,,,,,,,,,,,,,
The News,YAUM-E-TAKBEER: Echoes of 1998’s nuclear tests were heard again on May 10: Tessori,NEUTRAL,NEUTRAL,,,,,,,,,,,,,,,,,,,,,,,,,,,,,,,,,,,,,,,,,,,,,,,,,,,,,
The News,JI commemorates Dr AQ Khan on May 28,NEUTRAL,NEUTRAL,,,,,,,,,,,,,,,,,,,,,,,,,,,,,,,,,,,,,,,,,,,,,,,,,,,,,
The News,Case of traffic constable killing registered under ATA,NEGATIVE,NEUTRAL,,,,,,,,,,,,,,,,,,,,,,,,,,,,,,,,,,,,,,,,,,,,,,,,,,,,,
The News,"Sindh’s 1,812 uplift schemes likely to be completed this year, CM told",NEUTRAL,NEUTRAL,,,,,,,,,,,,,,,,,,,,,,,,,,,,,,,,,,,,,,,,,,,,,,,,,,,,,
The News,"PPP leaders, legal fraternity pay last respects to Kamal Azfar",NEUTRAL,NEUTRAL,,,,,,,,,,,,,,,,,,,,,,,,,,,,,,,,,,,,,,,,,,,,,,,,,,,,,
The News,"Wall collapse kills boy as windstorm, rain hit Kotri",NEGATIVE,NEUTRAL,,,,,,,,,,,,,,,,,,,,,,,,,,,,,,,,,,,,,,,,,,,,,,,,,,,,,
The News,CITY PULSE: The Summer Show,NEUTRAL,NEUTRAL,,,,,,,,,,,,,,,,,,,,,,,,,,,,,,,,,,,,,,,,,,,,,,,,,,,,,
The News,SHC directs KMC to restore Khajji Ground,NEUTRAL,NEUTRAL,,,,,,,,,,,,,,,,,,,,,,,,,,,,,,,,,,,,,,,,,,,,,,,,,,,,,
The News,Disappearance turns out voluntary as missing son of govt officer found,NEUTRAL,NEUTRAL,,,,,,,,,,,,,,,,,,,,,,,,,,,,,,,,,,,,,,,,,,,,,,,,,,,,,
The News,Nasir apprises British delegation of policies to promote investment,NEUTRAL,NEUTRAL,,,,,,,,,,,,,,,,,,,,,,,,,,,,,,,,,,,,,,,,,,,,,,,,,,,,,
The News,SHC tells govt to make interim arrangements if Sepa DG not appointed under eligibility criteria,NEUTRAL,NEUTRAL,,,,,,,,,,,,,,,,,,,,,,,,,,,,,,,,,,,,,,,,,,,,,,,,,,,,,
The News,Man handed down life imprisonment for stabbing brother to death,NEGATIVE,NEGATIVE,,,,,,,,,,,,,,,,,,,,,,,,,,,,,,,,,,,,,,,,,,,,,,,,,,,,,
The News,Arts Council holds condolence reference for filmmaker Furqan T Siddiqui,NEUTRAL,NEUTRAL,,,,,,,,,,,,,,,,,,,,,,,,,,,,,,,,,,,,,,,,,,,,,,,,,,,,,
The News,"2,723 scholarships for university students approved",NEUTRAL,NEUTRAL,,,,,,,,,,,,,,,,,,,,,,,,,,,,,,,,,,,,,,,,,,,,,,,,,,,,,
The News,Robbery suspects held; loot returned to owner,NEUTRAL,NEUTRAL,,,,,,,,,,,,,,,,,,,,,,,,,,,,,,,,,,,,,,,,,,,,,,,,,,,,,
The News,"Man arrested for killing sister, staging suicide",NEGATIVE,NEUTRAL,,,,,,,,,,,,,,,,,,,,,,,,,,,,,,,,,,,,,,,,,,,,,,,,,,,,,
The News,913 tax evasion cases revealed,NEUTRAL,NEGATIVE,,,,,,,,,,,,,,,,,,,,,,,,,,,,,,,,,,,,,,,,,,,,,,,,,,,,,
The News,Police attacked during raid on horse cart race; one held,NEGATIVE,NEUTRAL,,,,,,,,,,,,,,,,,,,,,,,,,,,,,,,,,,,,,,,,,,,,,,,,,,,,,
The News,Lahorites brave very hot weather at 42°C,POSITIVE,NEUTRAL,,,,,,,,,,,,,,,,,,,,,,,,,,,,,,,,,,,,,,,,,,,,,,,,,,,,,
The News,"Over 3,000 cops perform security duties",NEUTRAL,NEUTRAL,,,,,,,,,,,,,,,,,,,,,,,,,,,,,,,,,,,,,,,,,,,,,,,,,,,,,
The News,Country’s sovereignty invincible: PA speaker,NEUTRAL,NEUTRAL,,,,,,,,,,,,,,,,,,,,,,,,,,,,,,,,,,,,,,,,,,,,,,,,,,,,,
The News,"No enemy can cast an evil eye on Pakistan, says Salman",NEUTRAL,POSITIVE,,,,,,,,,,,,,,,,,,,,,,,,,,,,,,,,,,,,,,,,,,,,,,,,,,,,,
The News,Trade ties with Azerbaijan growing: Shafay,NEUTRAL,POSITIVE,,,,,,,,,,,,,,,,,,,,,,,,,,,,,,,,,,,,,,,,,,,,,,,,,,,,,
The News,Operation Bunyanum Marsus enhances significance of Youm-e-Takbeer,NEUTRAL,NEUTRAL,,,,,,,,,,,,,,,,,,,,,,,,,,,,,,,,,,,,,,,,,,,,,,,,,,,,,
The News,Youm-e-Takbeer event,NEUTRAL,NEUTRAL,,,,,,,,,,,,,,,,,,,,,,,,,,,,,,,,,,,,,,,,,,,,,,,,,,,,,
The News,IGP orders crackdown on underage drivers,NEUTRAL,NEUTRAL,,,,,,,,,,,,,,,,,,,,,,,,,,,,,,,,,,,,,,,,,,,,,,,,,,,,,
The News,Dr Abdul Qadeer paid tribute,NEUTRAL,POSITIVE,,,,,,,,,,,,,,,,,,,,,,,,,,,,,,,,,,,,,,,,,,,,,,,,,,,,,
The News,Youm-e-Takbeer event at LGH: ‘Nuclear tests a clear  message to world’,NEUTRAL,NEUTRAL,,,,,,,,,,,,,,,,,,,,,,,,,,,,,,,,,,,,,,,,,,,,,,,,,,,,,
The News,"Army martyrs, veterans honoured",NEUTRAL,NEUTRAL,,,,,,,,,,,,,,,,,,,,,,,,,,,,,,,,,,,,,,,,,,,,,,,,,,,,,
The News,NCHR recommends 60-day timeline to complete challan of UTPs,NEUTRAL,NEUTRAL,,,,,,,,,,,,,,,,,,,,,,,,,,,,,,,,,,,,,,,,,,,,,,,,,,,,,
The News,Vigilance needed to avoid incidences of CCHF while handling cattle,NEUTRAL,NEGATIVE,,,,,,,,,,,,,,,,,,,,,,,,,,,,,,,,,,,,,,,,,,,,,,,,,,,,,
The News,PHA working to improve recreational facilities,POSITIVE,NEUTRAL,,,,,,,,,,,,,,,,,,,,,,,,,,,,,,,,,,,,,,,,,,,,,,,,,,,,,
The News,"CDA chairman visits nursery, announces transformation into ‘gardenia hub’",NEUTRAL,POSITIVE,,,,,,,,,,,,,,,,,,,,,,,,,,,,,,,,,,,,,,,,,,,,,,,,,,,,,
The News,German delegate meets Senator Shahzad Waseem,NEUTRAL,NEUTRAL,,,,,,,,,,,,,,,,,,,,,,,,,,,,,,,,,,,,,,,,,,,,,,,,,,,,,
The News,Celebrating bilateral ties through soulful strings,POSITIVE,NEUTRAL,,,,,,,,,,,,,,,,,,,,,,,,,,,,,,,,,,,,,,,,,,,,,,,,,,,,,
The News,Pak-EPA cracks down on brick kilns damaging environment,NEUTRAL,NEUTRAL,,,,,,,,,,,,,,,,,,,,,,,,,,,,,,,,,,,,,,,,,,,,,,,,,,,,,
The News,Youm-e-Takbeer marked,NEUTRAL,NEUTRAL,,,,,,,,,,,,,,,,,,,,,,,,,,,,,,,,,,,,,,,,,,,,,,,,,,,,,
The News,Modi’s war drums echo dangerously across South Asia,NEGATIVE,NEGATIVE,,,,,,,,,,,,,,,,,,,,,,,,,,,,,,,,,,,,,,,,,,,,,,,,,,,,,
The News,‘Korangi fish harbour revamp to give $100m boost to maritime economy’,NEUTRAL,NEUTRAL,,,,,,,,,,,,,,,,,,,,,,,,,,,,,,,,,,,,,,,,,,,,,,,,,,,,,
The News,‘May 28 a memorable day in history of Pakistan’,POSITIVE,NEUTRAL,,,,,,,,,,,,,,,,,,,,,,,,,,,,,,,,,,,,,,,,,,,,,,,,,,,,,
The News,"MoU signed to strengthen Pakistan, China educational ties",NEUTRAL,NEUTRAL,,,,,,,,,,,,,,,,,,,,,,,,,,,,,,,,,,,,,,,,,,,,,,,,,,,,,
The News,PAF-IAST convocation on Saturday,NEUTRAL,NEUTRAL,,,,,,,,,,,,,,,,,,,,,,,,,,,,,,,,,,,,,,,,,,,,,,,,,,,,,
The News,Youm-e-Takbeer marked across KP,NEUTRAL,NEUTRAL,,,,,,,,,,,,,,,,,,,,,,,,,,,,,,,,,,,,,,,,,,,,,,,,,,,,,
The News,"Restoring lasting peace in southern districts top priority, says Saif",NEUTRAL,NEUTRAL,,,,,,,,,,,,,,,,,,,,,,,,,,,,,,,,,,,,,,,,,,,,,,,,,,,,,
The News,Alleged anomalies in solarisation scheme: Anti-graft body restrained from action against company,NEGATIVE,NEUTRAL,,,,,,,,,,,,,,,,,,,,,,,,,,,,,,,,,,,,,,,,,,,,,,,,,,,,,
The News,Seven cops dismissed in Khyber,NEGATIVE,NEUTRAL,,,,,,,,,,,,,,,,,,,,,,,,,,,,,,,,,,,,,,,,,,,,,,,,,,,,,
The News,HU organises job fair,NEUTRAL,NEUTRAL,,,,,,,,,,,,,,,,,,,,,,,,,,,,,,,,,,,,,,,,,,,,,,,,,,,,,
The News,Prolonged loadshedding: Angry protesters block KKH in Mansehra,NEGATIVE,NEUTRAL,,,,,,,,,,,,,,,,,,,,,,,,,,,,,,,,,,,,,,,,,,,,,,,,,,,,,
The News,Symposium: New treatments for leishmaniasis discussed,NEUTRAL,NEUTRAL,,,,,,,,,,,,,,,,,,,,,,,,,,,,,,,,,,,,,,,,,,,,,,,,,,,,,
The News,"Petition about reward mechanism: Court puts FBR, others on notice",NEUTRAL,NEUTRAL,,,,,,,,,,,,,,,,,,,,,,,,,,,,,,,,,,,,,,,,,,,,,,,,,,,,,
The News,Elders in Kurram strike peace agreement,NEUTRAL,NEUTRAL,,,,,,,,,,,,,,,,,,,,,,,,,,,,,,,,,,,,,,,,,,,,,,,,,,,,,
The News,Draft amendments to KVDA framework approved,NEUTRAL,NEUTRAL,,,,,,,,,,,,,,,,,,,,,,,,,,,,,,,,,,,,,,,,,,,,,,,,,,,,,
The News,Trader injured during robbery,NEGATIVE,NEUTRAL,,,,,,,,,,,,,,,,,,,,,,,,,,,,,,,,,,,,,,,,,,,,,,,,,,,,,
The News,Jirga threatens to besiege gridstation if power cuts not reduced in Takhtbhai,NEGATIVE,NEGATIVE,,,,,,,,,,,,,,,,,,,,,,,,,,,,,,,,,,,,,,,,,,,,,,,,,,,,,
The News,Tax office destroys over one million counterfeit cigarettes in crackdown on illicit trade,NEGATIVE,NEUTRAL,,,,,,,,,,,,,,,,,,,,,,,,,,,,,,,,,,,,,,,,,,,,,,,,,,,,,
The News,CCP fines housing developer Rs150m over misleading claims,NEGATIVE,NEUTRAL,,,,,,,,,,,,,,,,,,,,,,,,,,,,,,,,,,,,,,,,,,,,,,,,,,,,,
The News,More than 200 jobs cut at ILO as US slashes funding,NEGATIVE,NEUTRAL,,,,,,,,,,,,,,,,,,,,,,,,,,,,,,,,,,,,,,,,,,,,,,,,,,,,,
The News,"Stocks wobble as relief rally fades, Japan debt sale disappoints",NEGATIVE,NEUTRAL,,,,,,,,,,,,,,,,,,,,,,,,,,,,,,,,,,,,,,,,,,,,,,,,,,,,,
The News,Govt borrowing from banks falls to Rs2.8tr amid fiscal discipline,NEUTRAL,NEUTRAL,,,,,,,,,,,,,,,,,,,,,,,,,,,,,,,,,,,,,,,,,,,,,,,,,,,,,
The News,NBP launches ATM services at cattle market to promote cashless transactions,NEUTRAL,NEUTRAL,,,,,,,,,,,,,,,,,,,,,,,,,,,,,,,,,,,,,,,,,,,,,,,,,,,,,
The News,"PBF calls for cotton tax relief, SME lending in pre-budget talks",NEUTRAL,NEUTRAL,,,,,,,,,,,,,,,,,,,,,,,,,,,,,,,,,,,,,,,,,,,,,,,,,,,,,
The News,Retailers pummelled by Trump’s trade war entertain more ‘take-private’ offers,NEUTRAL,NEUTRAL,,,,,,,,,,,,,,,,,,,,,,,,,,,,,,,,,,,,,,,,,,,,,,,,,,,,,
The News,"Sterling steady against the dollar as economic data, trade deals offer support",POSITIVE,NEUTRAL,,,,,,,,,,,,,,,,,,,,,,,,,,,,,,,,,,,,,,,,,,,,,,,,,,,,,
The News,"Mango deal sweetens ties between Bangladesh, China",NEUTRAL,NEUTRAL,,,,,,,,,,,,,,,,,,,,,,,,,,,,,,,,,,,,,,,,,,,,,,,,,,,,,
The News,How elite capture is undermining Pakistan’s growth,NEGATIVE,NEUTRAL,,,,,,,,,,,,,,,,,,,,,,,,,,,,,,,,,,,,,,,,,,,,,,,,,,,,,
The News,"Extreme heatwave threatens environmental, water security, warns expert",NEGATIVE,NEUTRAL,,,,,,,,,,,,,,,,,,,,,,,,,,,,,,,,,,,,,,,,,,,,,,,,,,,,,
The News,CEO Mobilink Microfinance Bank says digital loans are powerful tool for inclusion,POSITIVE,NEUTRAL,,,,,,,,,,,,,,,,,,,,,,,,,,,,,,,,,,,,,,,,,,,,,,,,,,,,,
The News,PTCL confirms no extension to bid deadline for prime Karachi property,NEUTRAL,NEUTRAL,,,,,,,,,,,,,,,,,,,,,,,,,,,,,,,,,,,,,,,,,,,,,,,,,,,,,
The News,"PAFLA, Innovista forge partnership to empower over 50,000 freelancers",POSITIVE,POSITIVE,,,,,,,,,,,,,,,,,,,,,,,,,,,,,,,,,,,,,,,,,,,,,,,,,,,,,
The News,Zheng feeling the love in Paris but wary of ‘hungry’ Mboko,NEUTRAL,NEUTRAL,,,,,,,,,,,,,,,,,,,,,,,,,,,,,,,,,,,,,,,,,,,,,,,,,,,,,
The News,Pakistan face Kyrgyzstan in CAVA League tomorrow,NEUTRAL,NEUTRAL,,,,,,,,,,,,,,,,,,,,,,,,,,,,,,,,,,,,,,,,,,,,,,,,,,,,,
The News,Kohli primed to banish years of heartache in IPL playoffs,NEUTRAL,NEUTRAL,,,,,,,,,,,,,,,,,,,,,,,,,,,,,,,,,,,,,,,,,,,,,,,,,,,,,
The News,Toothless Man Utd beaten in Malaysia friendly,NEGATIVE,NEUTRAL,,,,,,,,,,,,,,,,,,,,,,,,,,,,,,,,,,,,,,,,,,,,,,,,,,,,,
The News,"Djokovic powers through as Gauff, Andreeva win",NEUTRAL,NEUTRAL,,,,,,,,,,,,,,,,,,,,,,,,,,,,,,,,,,,,,,,,,,,,,,,,,,,,,
The News,Zidane ‘can’t wait to take ‘dream France job,POSITIVE,NEUTRAL,,,,,,,,,,,,,,,,,,,,,,,,,,,,,,,,,,,,,,,,,,,,,,,,,,,,,
The News,Rugged Acerbi the symbol of Inter’s bid to make history,NEUTRAL,NEUTRAL,,,,,,,,,,,,,,,,,,,,,,,,,,,,,,,,,,,,,,,,,,,,,,,,,,,,,
The News,World’s top golfers expect tough test at US Women’s Open,NEUTRAL,POSITIVE,,,,,,,,,,,,,,,,,,,,,,,,,,,,,,,,,,,,,,,,,,,,,,,,,,,,,
The News,Pacers beat Knicks to move one win shy of reaching NBA Finals,NEUTRAL,NEUTRAL,,,,,,,,,,,,,,,,,,,,,,,,,,,,,,,,,,,,,,,,,,,,,,,,,,,,,
The News,"More to life than football, says Klopp after Liverpool parade crash",NEUTRAL,POSITIVE,,,,,,,,,,,,,,,,,,,,,,,,,,,,,,,,,,,,,,,,,,,,,,,,,,,,,
The News,Inzaghi eyeing Champions League glory and legend status at Inter Milan,NEUTRAL,NEUTRAL,,,,,,,,,,,,,,,,,,,,,,,,,,,,,,,,,,,,,,,,,,,,,,,,,,,,,
The News,RISJA office-bearers elected unopposed,NEUTRAL,NEUTRAL,,,,,,,,,,,,,,,,,,,,,,,,,,,,,,,,,,,,,,,,,,,,,,,,,,,,,
The News,PGA Tour eliminates starting strokes from Tour Championship,NEUTRAL,NEUTRAL,,,,,,,,,,,,,,,,,,,,,,,,,,,,,,,,,,,,,,,,,,,,,,,,,,,,,
The News,UN rights office ‘concerned’ as Kuwaitis lose citizenship,NEUTRAL,NEUTRAL,,,,,,,,,,,,,,,,,,,,,,,,,,,,,,,,,,,,,,,,,,,,,,,,,,,,,
The News,French surgeon sentenced to 20 years for abusing children,NEGATIVE,NEUTRAL,,,,,,,,,,,,,,,,,,,,,,,,,,,,,,,,,,,,,,,,,,,,,,,,,,,,,
The News,"Merz says Germany, Ukraine to jointly produce long-range weapons",NEUTRAL,NEUTRAL,,,,,,,,,,,,,,,,,,,,,,,,,,,,,,,,,,,,,,,,,,,,,,,,,,,,,
The News,China flexes military muscle with East Asian naval activity,NEUTRAL,NEUTRAL,,,,,,,,,,,,,,,,,,,,,,,,,,,,,,,,,,,,,,,,,,,,,,,,,,,,,
The News,Italy’s bishops cite more abuse victims in past two years,NEGATIVE,NEUTRAL,,,,,,,,,,,,,,,,,,,,,,,,,,,,,,,,,,,,,,,,,,,,,,,,,,,,,
The News,"In world first, Mexican voters to elect all judges",NEUTRAL,NEUTRAL,,,,,,,,,,,,,,,,,,,,,,,,,,,,,,,,,,,,,,,,,,,,,,,,,,,,,
The News,"Global temperatures may top 1.5C in next five years, says UN",NEUTRAL,NEUTRAL,,,,,,,,,,,,,,,,,,,,,,,,,,,,,,,,,,,,,,,,,,,,,,,,,,,,,
The News,China launches space probe seeking asteroid samples,NEUTRAL,NEUTRAL,,,,,,,,,,,,,,,,,,,,,,,,,,,,,,,,,,,,,,,,,,,,,,,,,,,,,
The News,"France-Indonesia pact could lead to new Rafale jet orders, says Macron",NEUTRAL,NEUTRAL,,,,,,,,,,,,,,,,,,,,,,,,,,,,,,,,,,,,,,,,,,,,,,,,,,,,,
The News,EU says ‘well on track’ to reach 2030 climate targets,NEUTRAL,NEUTRAL,,,,,,,,,,,,,,,,,,,,,,,,,,,,,,,,,,,,,,,,,,,,,,,,,,,,,
The News,Foreign students wary of US as Trump presses ‘dehumanising’ campaign,NEGATIVE,NEUTRAL,,,,,,,,,,,,,,,,,,,,,,,,,,,,,,,,,,,,,,,,,,,,,,,,,,,,,
The News,"Germany to restrict family reunions, toughen citizenship rules",NEUTRAL,NEUTRAL,,,,,,,,,,,,,,,,,,,,,,,,,,,,,,,,,,,,,,,,,,,,,,,,,,,,,
The News,US to ban foreign officials over ‘flagrant censorship’ on social media,NEGATIVE,NEUTRAL,,,,,,,,,,,,,,,,,,,,,,,,,,,,,,,,,,,,,,,,,,,,,,,,,,,,,
The News,US suggests student visa suspension to be brief,NEUTRAL,NEUTRAL,,,,,,,,,,,,,,,,,,,,,,,,,,,,,,,,,,,,,,,,,,,,,,,,,,,,,
The News,Imran ready for ‘give and take’ for sake of Pakistan: Zafar,NEUTRAL,NEUTRAL,,,,,,,,,,,,,,,,,,,,,,,,,,,,,,,,,,,,,,,,,,,,,,,,,,,,,
The News,Nepra defends KE tariff ruling after minister’s criticism,NEUTRAL,NEUTRAL,,,,,,,,,,,,,,,,,,,,,,,,,,,,,,,,,,,,,,,,,,,,,,,,,,,,,
The News,"Modi links Operation Sindoor to cultural symbolism, faces backlash",NEGATIVE,NEGATIVE,,,,,,,,,,,,,,,,,,,,,,,,,,,,,,,,,,,,,,,,,,,,,,,,,,,,,
The News,7 terrorists killed in two KP operations,NEGATIVE,NEUTRAL,,,,,,,,,,,,,,,,,,,,,,,,,,,,,,,,,,,,,,,,,,,,,,,,,,,,,
The News,"Fuel smuggling causing over Rs500bn loss to state kitty, NA panel told",NEGATIVE,NEUTRAL,,,,,,,,,,,,,,,,,,,,,,,,,,,,,,,,,,,,,,,,,,,,,,,,,,,,,
The News,"Reserved seats case: Can judges rewrite Constitution for democracy, asks Justice Mazhar",NEUTRAL,NEUTRAL,,,,,,,,,,,,,,,,,,,,,,,,,,,,,,,,,,,,,,,,,,,,,,,,,,,,,
The News,"Judges transfer case: Info kept secret, only revealed during process, SC told",NEUTRAL,NEUTRAL,,,,,,,,,,,,,,,,,,,,,,,,,,,,,,,,,,,,,,,,,,,,,,,,,,,,,
The News,KE asks NA speaker to probe ‘threats’ during NA committee meeting,NEUTRAL,NEUTRAL,,,,,,,,,,,,,,,,,,,,,,,,,,,,,,,,,,,,,,,,,,,,,,,,,,,,,
The News,Federal appeals court temporarily reinstates most of Trump’s sweeping tariffs,NEUTRAL,NEUTRAL,,,,,,,,,,,,,,,,,,,,,,,,,,,,,,,,,,,,,,,,,,,,,,,,,,,,,
The News,Five India-sponsored terrorists killed in two Balochistan operations: ISPR,NEGATIVE,NEUTRAL,,,,,,,,,,,,,,,,,,,,,,,,,,,,,,,,,,,,,,,,,,,,,,,,,,,,,
The News,"No change, or nominal cut in POL prices likely from June 1",NEUTRAL,NEUTRAL,,,,,,,,,,,,,,,,,,,,,,,,,,,,,,,,,,,,,,,,,,,,,,,,,,,,,
The News,Yale hosts first Pakistan conference,NEUTRAL,NEUTRAL,,,,,,,,,,,,,,,,,,,,,,,,,,,,,,,,,,,,,,,,,,,,,,,,,,,,,
The News,China lauds Pakistan’s ‘responsible conduct’ during standoff with India,NEUTRAL,POSITIVE,,,,,,,,,,,,,,,,,,,,,,,,,,,,,,,,,,,,,,,,,,,,,,,,,,,,,
The News,CJP calls for effective use of funds to facilitate courts,NEUTRAL,NEUTRAL,,,,,,,,,,,,,,,,,,,,,,,,,,,,,,,,,,,,,,,,,,,,,,,,,,,,,
The News,‘Maharaja of Kashmir’ claims immunity in Pakistan High Commission attack case,NEUTRAL,NEUTRAL,,,,,,,,,,,,,,,,,,,,,,,,,,,,,,,,,,,,,,,,,,,,,,,,,,,,,
The News,NEOC warns of severe weather as five systems hit country,NEGATIVE,NEUTRAL,,,,,,,,,,,,,,,,,,,,,,,,,,,,,,,,,,,,,,,,,,,,,,,,,,,,,
The News,"Mutual harmony, dialogue need of hour: Zardari",NEUTRAL,NEUTRAL,,,,,,,,,,,,,,,,,,,,,,,,,,,,,,,,,,,,,,,,,,,,,,,,,,,,,
The News,Eligibility question clouds PRA IT director’s job,NEUTRAL,NEUTRAL,,,,,,,,,,,,,,,,,,,,,,,,,,,,,,,,,,,,,,,,,,,,,,,,,,,,,
The News,Phase-I of K-IV project to complete in June 2026: Wapda chairman,NEUTRAL,NEUTRAL,,,,,,,,,,,,,,,,,,,,,,,,,,,,,,,,,,,,,,,,,,,,,,,,,,,,,
The News,Geo’s film ‘Deemak’ set to create new trend in Pakistani cinema,NEUTRAL,POSITIVE,,,,,,,,,,,,,,,,,,,,,,,,,,,,,,,,,,,,,,,,,,,,,,,,,,,,,
The News,"21 cases registered against PTI’s Shoaib Shaheen in Islamabad, IHC told",NEUTRAL,NEUTRAL,,,,,,,,,,,,,,,,,,,,,,,,,,,,,,,,,,,,,,,,,,,,,,,,,,,,,
The News,"Sentence in £190m reference: IHC to hear Imran, Bushra appeals on June 5",NEUTRAL,NEUTRAL,,,,,,,,,,,,,,,,,,,,,,,,,,,,,,,,,,,,,,,,,,,,,,,,,,,,,
The News,Opposition walks out of Balochistan PA over Centre’s decision to abolish Levies force in province,NEUTRAL,NEUTRAL,,,,,,,,,,,,,,,,,,,,,,,,,,,,,,,,,,,,,,,,,,,,,,,,,,,,,
The News,Child dies as thunderstorm wreaks havoc,NEGATIVE,NEUTRAL,,,,,,,,,,,,,,,,,,,,,,,,,,,,,,,,,,,,,,,,,,,,,,,,,,,,,
The News,"Senate panel reviews Internet voting, electoral reforms",NEUTRAL,NEUTRAL,,,,,,,,,,,,,,,,,,,,,,,,,,,,,,,,,,,,,,,,,,,,,,,,,,,,,
The News,"AJK PM announces financial aid for martyrs, injured",NEUTRAL,NEUTRAL,,,,,,,,,,,,,,,,,,,,,,,,,,,,,,,,,,,,,,,,,,,,,,,,,,,,,
The News,Faizabad protest: Court adjourns hearing till June 16,NEUTRAL,NEUTRAL,,,,,,,,,,,,,,,,,,,,,,,,,,,,,,,,,,,,,,,,,,,,,,,,,,,,,
The News,GHQ attack case: 3 more witnesses’ testimonies recorded,NEUTRAL,NEUTRAL,,,,,,,,,,,,,,,,,,,,,,,,,,,,,,,,,,,,,,,,,,,,,,,,,,,,,
The News,27th anniversary of Pakistan’s sixth nuclear test in Kharan today,NEUTRAL,NEUTRAL,,,,,,,,,,,,,,,,,,,,,,,,,,,,,,,,,,,,,,,,,,,,,,,,,,,,,
The News,Man acquitted in blasphemy case due to ‘doubtful’ testimony,NEUTRAL,NEUTRAL,,,,,,,,,,,,,,,,,,,,,,,,,,,,,,,,,,,,,,,,,,,,,,,,,,,,,
The News,"Three cops suspended over alleged harassment, extortion attempt",NEGATIVE,NEUTRAL,,,,,,,,,,,,,,,,,,,,,,,,,,,,,,,,,,,,,,,,,,,,,,,,,,,,,
The News,90-day ban imposed on display of weapons in Sindh,NEUTRAL,NEUTRAL,,,,,,,,,,,,,,,,,,,,,,,,,,,,,,,,,,,,,,,,,,,,,,,,,,,,,
The News,"Driver, cleaner injured as speeding dumper crashes into bungalow",NEGATIVE,NEUTRAL,,,,,,,,,,,,,,,,,,,,,,,,,,,,,,,,,,,,,,,,,,,,,,,,,,,,,
The News,"Four kidnappers arrested, victim rescued in North Nazimabad",NEUTRAL,NEUTRAL,,,,,,,,,,,,,,,,,,,,,,,,,,,,,,,,,,,,,,,,,,,,,,,,,,,,,
The News,"Sindh, federal govts to jointly tackle Karachi’s maritime challenges",NEUTRAL,NEUTRAL,,,,,,,,,,,,,,,,,,,,,,,,,,,,,,,,,,,,,,,,,,,,,,,,,,,,,
The News,"CCTV cameras, walkthrough gates not functioning in district courts, police inform SHC",NEGATIVE,NEUTRAL,,,,,,,,,,,,,,,,,,,,,,,,,,,,,,,,,,,,,,,,,,,,,,,,,,,,,
The News,"Tobacco use killing 164,000 Pakistanis annually: PIMA",NEGATIVE,NEUTRAL,,,,,,,,,,,,,,,,,,,,,,,,,,,,,,,,,,,,,,,,,,,,,,,,,,,,,
The News,"Drama, fashion industries dominate films",NEUTRAL,POSITIVE,,,,,,,,,,,,,,,,,,,,,,,,,,,,,,,,,,,,,,,,,,,,,,,,,,,,,
The News,Fuuast sign MoU to empower students,NEUTRAL,POSITIVE,,,,,,,,,,,,,,,,,,,,,,,,,,,,,,,,,,,,,,,,,,,,,,,,,,,,,
The News,ANF holds poster competition on hazards of narcotics,NEUTRAL,POSITIVE,,,,,,,,,,,,,,,,,,,,,,,,,,,,,,,,,,,,,,,,,,,,,,,,,,,,,
The News,"Sindh’s educational boards to have two secretaries, as many exam controllers each",NEUTRAL,NEUTRAL,,,,,,,,,,,,,,,,,,,,,,,,,,,,,,,,,,,,,,,,,,,,,,,,,,,,,
The News,Katcha area operation to continue till last dacoit is eliminated: IGP,NEUTRAL,NEUTRAL,,,,,,,,,,,,,,,,,,,,,,,,,,,,,,,,,,,,,,,,,,,,,,,,,,,,,
The News,CITY PULSE,NEUTRAL,NEUTRAL,,,,,,,,,,,,,,,,,,,,,,,,,,,,,,,,,,,,,,,,,,,,,,,,,,,,,
The News,City sizzles at 43°C; heat wave to prevail,NEUTRAL,NEUTRAL,,,,,,,,,,,,,,,,,,,,,,,,,,,,,,,,,,,,,,,,,,,,,,,,,,,,,
The News,Three dacoits killed in ‘encounter’,NEGATIVE,NEUTRAL,,,,,,,,,,,,,,,,,,,,,,,,,,,,,,,,,,,,,,,,,,,,,,,,,,,,,
The News,Officers transferred,NEUTRAL,NEUTRAL,,,,,,,,,,,,,,,,,,,,,,,,,,,,,,,,,,,,,,,,,,,,,,,,,,,,,
The News,Strict security measures on Eid ordered,NEUTRAL,NEUTRAL,,,,,,,,,,,,,,,,,,,,,,,,,,,,,,,,,,,,,,,,,,,,,,,,,,,,,
The News,Najmi’s poetry included in Indian varsity’s curriculum,NEUTRAL,NEUTRAL,,,,,,,,,,,,,,,,,,,,,,,,,,,,,,,,,,,,,,,,,,,,,,,,,,,,,
The News,Governor condemns ‘violence’ against PPP workers in KP,NEGATIVE,NEUTRAL,,,,,,,,,,,,,,,,,,,,,,,,,,,,,,,,,,,,,,,,,,,,,,,,,,,,,
The News,Country’s future linked to family planning,NEUTRAL,NEUTRAL,,,,,,,,,,,,,,,,,,,,,,,,,,,,,,,,,,,,,,,,,,,,,,,,,,,,,
The News,Kazakhstan eager to improve academic ties with Pakistan,NEUTRAL,NEUTRAL,,,,,,,,,,,,,,,,,,,,,,,,,,,,,,,,,,,,,,,,,,,,,,,,,,,,,
The News,Anti-polio drive enters final phase in Punjab,NEUTRAL,NEUTRAL,,,,,,,,,,,,,,,,,,,,,,,,,,,,,,,,,,,,,,,,,,,,,,,,,,,,,
The News,Academia’s role in resolving climate issues stressed,NEUTRAL,NEUTRAL,,,,,,,,,,,,,,,,,,,,,,,,,,,,,,,,,,,,,,,,,,,,,,,,,,,,,
The News,Night traffic patrolling launched,NEUTRAL,NEUTRAL,,,,,,,,,,,,,,,,,,,,,,,,,,,,,,,,,,,,,,,,,,,,,,,,,,,,,
The News,Speaker praises Pak media for showing responsibility during war days,NEUTRAL,NEUTRAL,,,,,,,,,,,,,,,,,,,,,,,,,,,,,,,,,,,,,,,,,,,,,,,,,,,,,
The News,"UK, Punjab to jointly work on climate change, farmers’ support",NEUTRAL,NEUTRAL,,,,,,,,,,,,,,,,,,,,,,,,,,,,,,,,,,,,,,,,,,,,,,,,,,,,,
The News,Merit in CM Internship Programme Phase-II directed,NEUTRAL,NEUTRAL,,,,,,,,,,,,,,,,,,,,,,,,,,,,,,,,,,,,,,,,,,,,,,,,,,,,,
The News,PU hostels to be vacated during summer vacation,NEUTRAL,NEUTRAL,,,,,,,,,,,,,,,,,,,,,,,,,,,,,,,,,,,,,,,,,,,,,,,,,,,,,
The News,FAPUASA condemns abolition of allowances in Balochistan Varsity,NEGATIVE,NEUTRAL,,,,,,,,,,,,,,,,,,,,,,,,,,,,,,,,,,,,,,,,,,,,,,,,,,,,,
The News,NUML hosts open house and job fair,NEUTRAL,NEUTRAL,,,,,,,,,,,,,,,,,,,,,,,,,,,,,,,,,,,,,,,,,,,,,,,,,,,,,
The News,Ashfaq Ahmad Khalil promoted,NEUTRAL,NEUTRAL,,,,,,,,,,,,,,,,,,,,,,,,,,,,,,,,,,,,,,,,,,,,,,,,,,,,,
The News,"Pakistan, ADB eye carbon markets as next frontier for green growth",NEUTRAL,NEUTRAL,,,,,,,,,,,,,,,,,,,,,,,,,,,,,,,,,,,,,,,,,,,,,,,,,,,,,
The News,Board officials visit examination centres,NEUTRAL,NEUTRAL,,,,,,,,,,,,,,,,,,,,,,,,,,,,,,,,,,,,,,,,,,,,,,,,,,,,,
The News,NCSW affirms support for ICT Child Marriage Restraint (Amendment) Act,POSITIVE,NEUTRAL,,,,,,,,,,,,,,,,,,,,,,,,,,,,,,,,,,,,,,,,,,,,,,,,,,,,,
The News,Education ministers unite to launch national coordination platform,NEUTRAL,POSITIVE,,,,,,,,,,,,,,,,,,,,,,,,,,,,,,,,,,,,,,,,,,,,,,,,,,,,,
The News,PMDC begins nationwide licensing services,NEUTRAL,NEUTRAL,,,,,,,,,,,,,,,,,,,,,,,,,,,,,,,,,,,,,,,,,,,,,,,,,,,,,
The News,Meeting shapes plan for Pakistan’s food security,NEUTRAL,NEUTRAL,,,,,,,,,,,,,,,,,,,,,,,,,,,,,,,,,,,,,,,,,,,,,,,,,,,,,
The News,Experts call for increase in tobacco taxation,NEUTRAL,NEUTRAL,,,,,,,,,,,,,,,,,,,,,,,,,,,,,,,,,,,,,,,,,,,,,,,,,,,,,
The News,"‘Climate change is not tomorrow’s threat, it is today’s crisis’",NEUTRAL,NEUTRAL,,,,,,,,,,,,,,,,,,,,,,,,,,,,,,,,,,,,,,,,,,,,,,,,,,,,,
The News,French envoy promises continued support for Pakistan’s development,POSITIVE,POSITIVE,,,,,,,,,,,,,,,,,,,,,,,,,,,,,,,,,,,,,,,,,,,,,,,,,,,,,
The News,Chinese envoy urges stronger academic ties during visit to NUST,NEUTRAL,POSITIVE,,,,,,,,,,,,,,,,,,,,,,,,,,,,,,,,,,,,,,,,,,,,,,,,,,,,,
The News,Skills varsity sets up endowment fund,NEUTRAL,NEUTRAL,,,,,,,,,,,,,,,,,,,,,,,,,,,,,,,,,,,,,,,,,,,,,,,,,,,,,
The News,Adiala Road residents facing power outages,NEGATIVE,NEUTRAL,,,,,,,,,,,,,,,,,,,,,,,,,,,,,,,,,,,,,,,,,,,,,,,,,,,,,
The News,ANP leader slams bid to politicise land dispute,NEGATIVE,NEUTRAL,,,,,,,,,,,,,,,,,,,,,,,,,,,,,,,,,,,,,,,,,,,,,,,,,,,,,
The News,2 killed as lightning hits marble mine,NEGATIVE,NEUTRAL,,,,,,,,,,,,,,,,,,,,,,,,,,,,,,,,,,,,,,,,,,,,,,,,,,,,,
The News,Glacier ice cutting banned in Upper Dir as per PHC orders,NEUTRAL,NEUTRAL,,,,,,,,,,,,,,,,,,,,,,,,,,,,,,,,,,,,,,,,,,,,,,,,,,,,,
The News,PPP leader blasts KP govt for alleged corruption,NEGATIVE,NEGATIVE,,,,,,,,,,,,,,,,,,,,,,,,,,,,,,,,,,,,,,,,,,,,,,,,,,,,,
The News,"Saif links national development with reproductive health, population quality",NEUTRAL,NEUTRAL,,,,,,,,,,,,,,,,,,,,,,,,,,,,,,,,,,,,,,,,,,,,,,,,,,,,,
The News,"Platinum Jubilee of Tirich Mir: CM aide assures funding, training to mountaineers in KP",NEUTRAL,NEUTRAL,,,,,,,,,,,,,,,,,,,,,,,,,,,,,,,,,,,,,,,,,,,,,,,,,,,,,
The News,"Teargas shelling and baton-charge: PPP files application for case registration against CM, others",NEUTRAL,NEUTRAL,,,,,,,,,,,,,,,,,,,,,,,,,,,,,,,,,,,,,,,,,,,,,,,,,,,,,
The News,Experts moot on orthopedic trauma care,NEUTRAL,NEUTRAL,,,,,,,,,,,,,,,,,,,,,,,,,,,,,,,,,,,,,,,,,,,,,,,,,,,,,
The News,Free eye screening camp held,NEUTRAL,NEUTRAL,,,,,,,,,,,,,,,,,,,,,,,,,,,,,,,,,,,,,,,,,,,,,,,,,,,,,
The News,Students’ APC rejects KP Mines & Minerals Bill,NEGATIVE,NEUTRAL,,,,,,,,,,,,,,,,,,,,,,,,,,,,,,,,,,,,,,,,,,,,,,,,,,,,,
The News,Three shot dead in Peshawar,NEGATIVE,NEUTRAL,,,,,,,,,,,,,,,,,,,,,,,,,,,,,,,,,,,,,,,,,,,,,,,,,,,,,
The News,Leader says PTI founder has given nod for nationwide protest,NEUTRAL,NEUTRAL,,,,,,,,,,,,,,,,,,,,,,,,,,,,,,,,,,,,,,,,,,,,,,,,,,,,,
The News,Power woes hit Cantt,NEGATIVE,NEGATIVE,,,,,,,,,,,,,,,,,,,,,,,,,,,,,,,,,,,,,,,,,,,,,,,,,,,,,
The News,Govt urged to grant industry status to tourism sector,NEUTRAL,NEUTRAL,,,,,,,,,,,,,,,,,,,,,,,,,,,,,,,,,,,,,,,,,,,,,,,,,,,,,
The News,Night travel to GB via Kaghan valley banned,NEUTRAL,NEUTRAL,,,,,,,,,,,,,,,,,,,,,,,,,,,,,,,,,,,,,,,,,,,,,,,,,,,,,
The News,SBP forex reserves rise by $70m to $11.52bn,NEUTRAL,NEUTRAL,,,,,,,,,,,,,,,,,,,,,,,,,,,,,,,,,,,,,,,,,,,,,,,,,,,,,
The News,Govt mulls sales tax exemption on refinery equipment imports,NEUTRAL,NEUTRAL,,,,,,,,,,,,,,,,,,,,,,,,,,,,,,,,,,,,,,,,,,,,,,,,,,,,,
The News,"OCAC rejects OMAP’s allegations as misleading, baseless",NEGATIVE,NEUTRAL,,,,,,,,,,,,,,,,,,,,,,,,,,,,,,,,,,,,,,,,,,,,,,,,,,,,,
The News,SCAP demands relief in FY26 budget,NEUTRAL,NEUTRAL,,,,,,,,,,,,,,,,,,,,,,,,,,,,,,,,,,,,,,,,,,,,,,,,,,,,,
The News,KSE-100 index surges 639 points amid macroeconomic clarity,NEUTRAL,POSITIVE,,,,,,,,,,,,,,,,,,,,,,,,,,,,,,,,,,,,,,,,,,,,,,,,,,,,,
The News,Rupee ends higher against dollar,NEUTRAL,NEUTRAL,,,,,,,,,,,,,,,,,,,,,,,,,,,,,,,,,,,,,,,,,,,,,,,,,,,,,
The News,Chinese savers decry falling deposit rates but still won’t spend more,NEGATIVE,NEUTRAL,,,,,,,,,,,,,,,,,,,,,,,,,,,,,,,,,,,,,,,,,,,,,,,,,,,,,
The News,Pakistan targets Gulf market with fodder export push to Qatar,NEUTRAL,NEUTRAL,,,,,,,,,,,,,,,,,,,,,,,,,,,,,,,,,,,,,,,,,,,,,,,,,,,,,
The News,"APTMA, Uzbek textile bodies agree to boost bilateral trade",NEUTRAL,NEUTRAL,,,,,,,,,,,,,,,,,,,,,,,,,,,,,,,,,,,,,,,,,,,,,,,,,,,,,
The News,Officials back plan for Karachi Port-Shahrah-e-Bhutto connector,NEUTRAL,NEUTRAL,,,,,,,,,,,,,,,,,,,,,,,,,,,,,,,,,,,,,,,,,,,,,,,,,,,,,
The News,Stocks climb after US court blocks Trump tariffs,NEUTRAL,NEUTRAL,,,,,,,,,,,,,,,,,,,,,,,,,,,,,,,,,,,,,,,,,,,,,,,,,,,,,
The News,Minister visits PSO to push sector reform,NEUTRAL,NEUTRAL,,,,,,,,,,,,,,,,,,,,,,,,,,,,,,,,,,,,,,,,,,,,,,,,,,,,,
The News,Gold prices remain unchanged,NEUTRAL,NEUTRAL,,,,,,,,,,,,,,,,,,,,,,,,,,,,,,,,,,,,,,,,,,,,,,,,,,,,,
The News,Bank Alfalah board approves sale of Bangladesh operations,NEUTRAL,NEUTRAL,,,,,,,,,,,,,,,,,,,,,,,,,,,,,,,,,,,,,,,,,,,,,,,,,,,,,
The News,Yadea Pakistan commences deliveries of locally assembled GT30 electric scooter,NEUTRAL,POSITIVE,,,,,,,,,,,,,,,,,,,,,,,,,,,,,,,,,,,,,,,,,,,,,,,,,,,,,
The News,Kvaratskhelia eyes double success at Inter’s expense in CL final,NEUTRAL,NEUTRAL,,,,,,,,,,,,,,,,,,,,,,,,,,,,,,,,,,,,,,,,,,,,,,,,,,,,,
The News,Amorim tells Man Utd players they cannot ‘hide’,NEUTRAL,NEUTRAL,,,,,,,,,,,,,,,,,,,,,,,,,,,,,,,,,,,,,,,,,,,,,,,,,,,,,
The News,Messi and Suarez each score twice as Miami rips Montreal,NEUTRAL,NEUTRAL,,,,,,,,,,,,,,,,,,,,,,,,,,,,,,,,,,,,,,,,,,,,,,,,,,,,,
The News,Pakistan hockey captain for relocation of Asia Cup from India,NEUTRAL,NEUTRAL,,,,,,,,,,,,,,,,,,,,,,,,,,,,,,,,,,,,,,,,,,,,,,,,,,,,,
The News,"In Luis Enrique’s new-look PSG, the coach is the superstar",POSITIVE,NEUTRAL,,,,,,,,,,,,,,,,,,,,,,,,,,,,,,,,,,,,,,,,,,,,,,,,,,,,,
The News,Zone VI win Karachi Region U19 title,NEUTRAL,NEUTRAL,,,,,,,,,,,,,,,,,,,,,,,,,,,,,,,,,,,,,,,,,,,,,,,,,,,,,
The News,Tiger’s son Charlie Woods captures first junior crown,NEUTRAL,NEUTRAL,,,,,,,,,,,,,,,,,,,,,,,,,,,,,,,,,,,,,,,,,,,,,,,,,,,,,
The News,Pakistan eye T20I series win against Bangladesh,NEUTRAL,POSITIVE,,,,,,,,,,,,,,,,,,,,,,,,,,,,,,,,,,,,,,,,,,,,,,,,,,,,,
The News,"Sinner thrashes retiring Gasquet at French Open, Zverev, Andreeva through",NEUTRAL,NEUTRAL,,,,,,,,,,,,,,,,,,,,,,,,,,,,,,,,,,,,,,,,,,,,,,,,,,,,,
The News,‘Enough time before National Games to build new swimming pool’,NEUTRAL,NEUTRAL,,,,,,,,,,,,,,,,,,,,,,,,,,,,,,,,,,,,,,,,,,,,,,,,,,,,,
The News,De Minaur blames ‘too much tennis’ after French Open letdown,NEGATIVE,NEUTRAL,,,,,,,,,,,,,,,,,,,,,,,,,,,,,,,,,,,,,,,,,,,,,,,,,,,,,
The News,Kundi wants hockey team to bring Nations Cup gold home,NEUTRAL,NEUTRAL,,,,,,,,,,,,,,,,,,,,,,,,,,,,,,,,,,,,,,,,,,,,,,,,,,,,,
The News,Pak juniors prove too good for India,POSITIVE,NEUTRAL,,,,,,,,,,,,,,,,,,,,,,,,,,,,,,,,,,,,,,,,,,,,,,,,,,,,,
The News,Over 200 entries received for Emerging Pakistan Cup,NEUTRAL,NEUTRAL,,,,,,,,,,,,,,,,,,,,,,,,,,,,,,,,,,,,,,,,,,,,,,,,,,,,,
The News,"Hameed slams PTF for imposing fine, ban on Shoaib",NEUTRAL,NEGATIVE,,,,,,,,,,,,,,,,,,,,,,,,,,,,,,,,,,,,,,,,,,,,,,,,,,,,,
The News,"UN may cut staff by 20%, internal memo",NEUTRAL,NEUTRAL,,,,,,,,,,,,,,,,,,,,,,,,,,,,,,,,,,,,,,,,,,,,,,,,,,,,,
The News,Russia says no response from Ukraine on Istanbul talks,NEUTRAL,NEUTRAL,,,,,,,,,,,,,,,,,,,,,,,,,,,,,,,,,,,,,,,,,,,,,,,,,,,,,
The News,"PM, COAS will undertake visit to China and Saudi Arabia in second week of June",NEUTRAL,NEUTRAL,,,,,,,,,,,,,,,,,,,,,,,,,,,,,,,,,,,,,,,,,,,,,,,,,,,,,
The News,Pakistan moves towards crypto regulation as SBP clarifies stance on virtual assets,NEUTRAL,NEUTRAL,,,,,,,,,,,,,,,,,,,,,,,,,,,,,,,,,,,,,,,,,,,,,,,,,,,,,
The News,"ATC jails PTI MNA, ex-MPA, 9 others in May 9 case",NEGATIVE,NEUTRAL,,,,,,,,,,,,,,,,,,,,,,,,,,,,,,,,,,,,,,,,,,,,,,,,,,,,,
The News,Pakistan to sell First Women Bank to UAE next month,NEUTRAL,NEUTRAL,,,,,,,,,,,,,,,,,,,,,,,,,,,,,,,,,,,,,,,,,,,,,,,,,,,,,
The News,"ADC killed, govt offices, bank burnt in Surab militant attack",NEGATIVE,NEGATIVE,,,,,,,,,,,,,,,,,,,,,,,,,,,,,,,,,,,,,,,,,,,,,,,,,,,,,
The News,SC judges release dissenting notes against military courts verdict,NEUTRAL,NEUTRAL,,,,,,,,,,,,,,,,,,,,,,,,,,,,,,,,,,,,,,,,,,,,,,,,,,,,,
The News,PPPP also files written arguments in reserved seats case,NEUTRAL,NEUTRAL,,,,,,,,,,,,,,,,,,,,,,,,,,,,,,,,,,,,,,,,,,,,,,,,,,,,,
The News,Pak-US talks on reciprocal tariffs begin,NEUTRAL,NEUTRAL,,,,,,,,,,,,,,,,,,,,,,,,,,,,,,,,,,,,,,,,,,,,,,,,,,,,,
The News,US-based group fails to secure meeting with Imran or top officials,NEGATIVE,NEUTRAL,,,,,,,,,,,,,,,,,,,,,,,,,,,,,,,,,,,,,,,,,,,,,,,,,,,,,
The News,Govt plans to end tax holiday in ex-Fata,NEUTRAL,NEUTRAL,,,,,,,,,,,,,,,,,,,,,,,,,,,,,,,,,,,,,,,,,,,,,,,,,,,,,
The News,"SC verdict causes unrest in FIA, other institutions",NEGATIVE,NEUTRAL,,,,,,,,,,,,,,,,,,,,,,,,,,,,,,,,,,,,,,,,,,,,,,,,,,,,,
The News,Indian army chief under fire over visit to ashram in uniform,NEGATIVE,NEUTRAL,,,,,,,,,,,,,,,,,,,,,,,,,,,,,,,,,,,,,,,,,,,,,,,,,,,,,
The News,Child marriages in Islamabad a criminal act now,NEGATIVE,NEUTRAL,,,,,,,,,,,,,,,,,,,,,,,,,,,,,,,,,,,,,,,,,,,,,,,,,,,,,
The News,"Exporters enlighten NA panel on issues, policy chaos",NEUTRAL,NEUTRAL,,,,,,,,,,,,,,,,,,,,,,,,,,,,,,,,,,,,,,,,,,,,,,,,,,,,,
The News,Nukes sole guarantor of regional peace: NCA Adviser,NEUTRAL,NEUTRAL,,,,,,,,,,,,,,,,,,,,,,,,,,,,,,,,,,,,,,,,,,,,,,,,,,,,,
The News,"No Tobacco Day: WHO calls for global ban on flavoured tobacco, nicotine products",NEUTRAL,NEUTRAL,,,,,,,,,,,,,,,,,,,,,,,,,,,,,,,,,,,,,,,,,,,,,,,,,,,,,
The News,"Rain, storms in Pakistan kill 32 in a week",NEGATIVE,NEGATIVE,,,,,,,,,,,,,,,,,,,,,,,,,,,,,,,,,,,,,,,,,,,,,,,,,,,,,
The News,"Pakistan, Turkmenistan set to bolster ties, explore new avenues: Gilani",NEUTRAL,POSITIVE,,,,,,,,,,,,,,,,,,,,,,,,,,,,,,,,,,,,,,,,,,,,,,,,,,,,,
The News,"Senate panel rebukes Nespak, NTDC over tendering process",NEUTRAL,NEUTRAL,,,,,,,,,,,,,,,,,,,,,,,,,,,,,,,,,,,,,,,,,,,,,,,,,,,,,
The News,"Retired professor continues as medical varsity’s Pro-VC in  violation of law, SC ruling",NEGATIVE,NEUTRAL,,,,,,,,,,,,,,,,,,,,,,,,,,,,,,,,,,,,,,,,,,,,,,,,,,,,,
The News,Fresh protest drive for Imran’s release being launched: Saif,NEUTRAL,NEUTRAL,,,,,,,,,,,,,,,,,,,,,,,,,,,,,,,,,,,,,,,,,,,,,,,,,,,,,
The News,NA panel forms subcommittee to look into Cambridge exam paper leaks,NEUTRAL,NEUTRAL,,,,,,,,,,,,,,,,,,,,,,,,,,,,,,,,,,,,,,,,,,,,,,,,,,,,,
The News,Livestock trader robbed at gunpoint,NEGATIVE,NEGATIVE,,,,,,,,,,,,,,,,,,,,,,,,,,,,,,,,,,,,,,,,,,,,,,,,,,,,,
The News,Two suspects arrested for setting police vehicle on fire,NEGATIVE,NEUTRAL,,,,,,,,,,,,,,,,,,,,,,,,,,,,,,,,,,,,,,,,,,,,,,,,,,,,,
The News,Leave of transport officials cancelled to prevent overcharging by inter-city buses on Eid,NEUTRAL,NEUTRAL,,,,,,,,,,,,,,,,,,,,,,,,,,,,,,,,,,,,,,,,,,,,,,,,,,,,,
The News,Police recover infant abducted from Ibrahim Hyderi,NEUTRAL,NEUTRAL,,,,,,,,,,,,,,,,,,,,,,,,,,,,,,,,,,,,,,,,,,,,,,,,,,,,,
The News,SHC vacates suspension order against appointment of KWSC CEO and COO,NEUTRAL,NEUTRAL,,,,,,,,,,,,,,,,,,,,,,,,,,,,,,,,,,,,,,,,,,,,,,,,,,,,,
The News,"CM lauds ICAP for safeguarding profession’s independence, maintaining highest standards",POSITIVE,POSITIVE,,,,,,,,,,,,,,,,,,,,,,,,,,,,,,,,,,,,,,,,,,,,,,,,,,,,,
The News,Malir SSP ordered to take action to halt desecration of graves at Gadap graveyard,NEGATIVE,NEUTRAL,,,,,,,,,,,,,,,,,,,,,,,,,,,,,,,,,,,,,,,,,,,,,,,,,,,,,
The News,Suspect held for attempted rape of minor girl,NEGATIVE,NEUTRAL,,,,,,,,,,,,,,,,,,,,,,,,,,,,,,,,,,,,,,,,,,,,,,,,,,,,,
The News,Scholarship for university students from minorities raised,NEUTRAL,NEUTRAL,,,,,,,,,,,,,,,,,,,,,,,,,,,,,,,,,,,,,,,,,,,,,,,,,,,,,
The News,Code of conduct issued for collection of hides in Sindh,NEUTRAL,NEUTRAL,,,,,,,,,,,,,,,,,,,,,,,,,,,,,,,,,,,,,,,,,,,,,,,,,,,,,
The News,CITY PULSE,NEUTRAL,NEUTRAL,,,,,,,,,,,,,,,,,,,,,,,,,,,,,,,,,,,,,,,,,,,,,,,,,,,,,
The News,IPP expresses solidarity with Pakistan armed forces,NEUTRAL,NEUTRAL,,,,,,,,,,,,,,,,,,,,,,,,,,,,,,,,,,,,,,,,,,,,,,,,,,,,,
The News,10 die on road in 24 hours,NEGATIVE,NEUTRAL,,,,,,,,,,,,,,,,,,,,,,,,,,,,,,,,,,,,,,,,,,,,,,,,,,,,,
The News,"BD diplomat, governor mull over cementing trade, education ties",NEUTRAL,NEUTRAL,,,,,,,,,,,,,,,,,,,,,,,,,,,,,,,,,,,,,,,,,,,,,,,,,,,,,
The News,CM receives no audit report on Ramazan Package: Azma,NEUTRAL,NEUTRAL,,,,,,,,,,,,,,,,,,,,,,,,,,,,,,,,,,,,,,,,,,,,,,,,,,,,,
The News,Armed man who attempted to enter SC registry arrested,NEGATIVE,NEUTRAL,,,,,,,,,,,,,,,,,,,,,,,,,,,,,,,,,,,,,,,,,,,,,,,,,,,,,
The News,Three of a family shot dead over water dispute,NEGATIVE,NEUTRAL,,,,,,,,,,,,,,,,,,,,,,,,,,,,,,,,,,,,,,,,,,,,,,,,,,,,,
The News,HR abuses worsen in IIOJ&K after Operation Bunyan-um-Marsoos,NEGATIVE,NEUTRAL,,,,,,,,,,,,,,,,,,,,,,,,,,,,,,,,,,,,,,,,,,,,,,,,,,,,,
The News,"Moot highlights significance of safer, regulated milk",NEUTRAL,NEUTRAL,,,,,,,,,,,,,,,,,,,,,,,,,,,,,,,,,,,,,,,,,,,,,,,,,,,,,
The News,UET’s upgraded infrastructure inaugurated,POSITIVE,NEUTRAL,,,,,,,,,,,,,,,,,,,,,,,,,,,,,,,,,,,,,,,,,,,,,,,,,,,,,
The News,‘Summer games being organised as per CM’s vision’,NEUTRAL,NEUTRAL,,,,,,,,,,,,,,,,,,,,,,,,,,,,,,,,,,,,,,,,,,,,,,,,,,,,,
The News,Beggar stabbed to death,NEGATIVE,NEUTRAL,,,,,,,,,,,,,,,,,,,,,,,,,,,,,,,,,,,,,,,,,,,,,,,,,,,,,
The News,"4,000 cops on 230 cattle markets security",NEUTRAL,NEUTRAL,,,,,,,,,,,,,,,,,,,,,,,,,,,,,,,,,,,,,,,,,,,,,,,,,,,,,
The News,Man held for harassing girl,NEGATIVE,NEGATIVE,,,,,,,,,,,,,,,,,,,,,,,,,,,,,,,,,,,,,,,,,,,,,,,,,,,,,
The News,8th edition of ‘Design moot’ held,NEUTRAL,POSITIVE,,,,,,,,,,,,,,,,,,,,,,,,,,,,,,,,,,,,,,,,,,,,,,,,,,,,,
The News,ADB delegation inspects PDMA working,NEUTRAL,NEUTRAL,,,,,,,,,,,,,,,,,,,,,,,,,,,,,,,,,,,,,,,,,,,,,,,,,,,,,
The News,"PNCA, Romanian embassy launch opera singing course",NEUTRAL,POSITIVE,,,,,,,,,,,,,,,,,,,,,,,,,,,,,,,,,,,,,,,,,,,,,,,,,,,,,
The News,MoU signed linking academia with policy,NEUTRAL,NEUTRAL,,,,,,,,,,,,,,,,,,,,,,,,,,,,,,,,,,,,,,,,,,,,,,,,,,,,,
The News,Workshop on food systems education held,NEUTRAL,NEUTRAL,,,,,,,,,,,,,,,,,,,,,,,,,,,,,,,,,,,,,,,,,,,,,,,,,,,,,
The News,Three days training course held,NEUTRAL,NEUTRAL,,,,,,,,,,,,,,,,,,,,,,,,,,,,,,,,,,,,,,,,,,,,,,,,,,,,,
The News,Drama festival at PCA,NEUTRAL,POSITIVE,,,,,,,,,,,,,,,,,,,,,,,,,,,,,,,,,,,,,,,,,,,,,,,,,,,,,
The News,Technicians training programme launched,NEUTRAL,NEUTRAL,,,,,,,,,,,,,,,,,,,,,,,,,,,,,,,,,,,,,,,,,,,,,,,,,,,,,
The News,MoU signed to strengthen academic policy collaboration,POSITIVE,NEUTRAL,,,,,,,,,,,,,,,,,,,,,,,,,,,,,,,,,,,,,,,,,,,,,,,,,,,,,
The News,Prof Mehr elected member BoG of Federal Board,NEUTRAL,POSITIVE,,,,,,,,,,,,,,,,,,,,,,,,,,,,,,,,,,,,,,,,,,,,,,,,,,,,,
The News,Alleged killers of 6 family members held,NEGATIVE,NEUTRAL,,,,,,,,,,,,,,,,,,,,,,,,,,,,,,,,,,,,,,,,,,,,,,,,,,,,,
The News,Govt asked to curb child marriage practice,NEUTRAL,NEUTRAL,,,,,,,,,,,,,,,,,,,,,,,,,,,,,,,,,,,,,,,,,,,,,,,,,,,,,
The News,226 suspects arrested in Kohat search operation,NEUTRAL,NEUTRAL,,,,,,,,,,,,,,,,,,,,,,,,,,,,,,,,,,,,,,,,,,,,,,,,,,,,,
The News,PTI camp burning case: Pre-arrest interim bail granted to PPP leader,NEUTRAL,NEUTRAL,,,,,,,,,,,,,,,,,,,,,,,,,,,,,,,,,,,,,,,,,,,,,,,,,,,,,
The News,Facilitation centres for tourists to be established in Kaghan valley,NEUTRAL,NEUTRAL,,,,,,,,,,,,,,,,,,,,,,,,,,,,,,,,,,,,,,,,,,,,,,,,,,,,,
The News,TUJ seeks action against Public Health dept official,NEUTRAL,NEUTRAL,,,,,,,,,,,,,,,,,,,,,,,,,,,,,,,,,,,,,,,,,,,,,,,,,,,,,
The News,Transgender arrested,NEGATIVE,NEUTRAL,,,,,,,,,,,,,,,,,,,,,,,,,,,,,,,,,,,,,,,,,,,,,,,,,,,,,
The News,Martyred cop laid to rest,NEUTRAL,NEUTRAL,,,,,,,,,,,,,,,,,,,,,,,,,,,,,,,,,,,,,,,,,,,,,,,,,,,,,
The News,Massive irregularities in Punjab’s first Ramazan package exposed: Saif,NEGATIVE,NEGATIVE,,,,,,,,,,,,,,,,,,,,,,,,,,,,,,,,,,,,,,,,,,,,,,,,,,,,,
The News,Boosting innovation and entrepreneurship: Pakistan Startup Fund and BridgeStart launched in Peshawar,POSITIVE,POSITIVE,,,,,,,,,,,,,,,,,,,,,,,,,,,,,,,,,,,,,,,,,,,,,,,,,,,,,
The News,"Case of 67,000 Haj aspirants: JI leader blasts govt over payment delay",NEGATIVE,NEGATIVE,,,,,,,,,,,,,,,,,,,,,,,,,,,,,,,,,,,,,,,,,,,,,,,,,,,,,
The News,GDA officials directed to solve water shortage issue,NEUTRAL,NEUTRAL,,,,,,,,,,,,,,,,,,,,,,,,,,,,,,,,,,,,,,,,,,,,,,,,,,,,,
The News,Envoy for free trade deal to boost Pak-South Korea ties,NEUTRAL,POSITIVE,,,,,,,,,,,,,,,,,,,,,,,,,,,,,,,,,,,,,,,,,,,,,,,,,,,,,
The News,Residents in Nowshera protest hours-long power outages,NEGATIVE,NEUTRAL,,,,,,,,,,,,,,,,,,,,,,,,,,,,,,,,,,,,,,,,,,,,,,,,,,,,,
The News,Youth convention: PTI leaders demand early release of Imran Khan,NEUTRAL,NEUTRAL,,,,,,,,,,,,,,,,,,,,,,,,,,,,,,,,,,,,,,,,,,,,,,,,,,,,,
The News,EU ‘fully invested’ in Trump trade talks after US court ruling,NEUTRAL,NEUTRAL,,,,,,,,,,,,,,,,,,,,,,,,,,,,,,,,,,,,,,,,,,,,,,,,,,,,,
The News,"Attock Cement Pakistan is said to draw Cherat, Bestway Interest",NEUTRAL,NEUTRAL,,,,,,,,,,,,,,,,,,,,,,,,,,,,,,,,,,,,,,,,,,,,,,,,,,,,,
The News,Uzbek delegation seeks stronger trade ties with Pakistan,NEUTRAL,POSITIVE,,,,,,,,,,,,,,,,,,,,,,,,,,,,,,,,,,,,,,,,,,,,,,,,,,,,,
The News,"Pakistan’s booming IT sector offers unique synergy with US, says envoy",POSITIVE,POSITIVE,,,,,,,,,,,,,,,,,,,,,,,,,,,,,,,,,,,,,,,,,,,,,,,,,,,,,
The News,"Petroleum minister calls for holistic energy policy, vows action on circular debt",NEUTRAL,NEUTRAL,,,,,,,,,,,,,,,,,,,,,,,,,,,,,,,,,,,,,,,,,,,,,,,,,,,,,
The News,KSE-100 index up 720 points on hopes for positive budget announcements,POSITIVE,NEUTRAL,,,,,,,,,,,,,,,,,,,,,,,,,,,,,,,,,,,,,,,,,,,,,,,,,,,,,
The News,Rupee gains for second day,POSITIVE,NEUTRAL,,,,,,,,,,,,,,,,,,,,,,,,,,,,,,,,,,,,,,,,,,,,,,,,,,,,,
The News,"Maritime minister, PBC address sectoral reforms, PPPs",NEUTRAL,NEUTRAL,,,,,,,,,,,,,,,,,,,,,,,,,,,,,,,,,,,,,,,,,,,,,,,,,,,,,
The News,"OICCI, petroleum minister discuss energy reforms, investment opportunities",NEUTRAL,NEUTRAL,,,,,,,,,,,,,,,,,,,,,,,,,,,,,,,,,,,,,,,,,,,,,,,,,,,,,
The News,"UK, Sindh officials discuss climate action, coastal challenges",NEUTRAL,NEUTRAL,,,,,,,,,,,,,,,,,,,,,,,,,,,,,,,,,,,,,,,,,,,,,,,,,,,,,
The News,"PCDMA chief warns of EFS misuse, urges swift government action",NEUTRAL,NEGATIVE,,,,,,,,,,,,,,,,,,,,,,,,,,,,,,,,,,,,,,,,,,,,,,,,,,,,,
The News,Microcredit alone cannot end poverty,NEGATIVE,NEGATIVE,,,,,,,,,,,,,,,,,,,,,,,,,,,,,,,,,,,,,,,,,,,,,,,,,,,,,
The News,Gold prices drop Rs700 per tola,NEUTRAL,NEUTRAL,,,,,,,,,,,,,,,,,,,,,,,,,,,,,,,,,,,,,,,,,,,,,,,,,,,,,
The News,"Petroleum minister visits Parco, praises role in energy security",POSITIVE,NEUTRAL,,,,,,,,,,,,,,,,,,,,,,,,,,,,,,,,,,,,,,,,,,,,,,,,,,,,,
The News,Fair taxation urged for ride-hailing sector in Budget FY26,NEUTRAL,NEUTRAL,,,,,,,,,,,,,,,,,,,,,,,,,,,,,,,,,,,,,,,,,,,,,,,,,,,,,
The News,Over 40 players feature in Summer Games hockey trials,NEUTRAL,NEUTRAL,,,,,,,,,,,,,,,,,,,,,,,,,,,,,,,,,,,,,,,,,,,,,,,,,,,,,
The News,"Rooted in the earth, India’s traditional mud wrestling thrives",NEUTRAL,NEUTRAL,,,,,,,,,,,,,,,,,,,,,,,,,,,,,,,,,,,,,,,,,,,,,,,,,,,,,
The News,Milan turn to old boy Allegri as managerial musical chairs begins,NEUTRAL,NEUTRAL,,,,,,,,,,,,,,,,,,,,,,,,,,,,,,,,,,,,,,,,,,,,,,,,,,,,,
The News,Returning Hazlewood ‘in good place’ ahead of critical fortnight,POSITIVE,POSITIVE,,,,,,,,,,,,,,,,,,,,,,,,,,,,,,,,,,,,,,,,,,,,,,,,,,,,,
The News,Tahir tasked with selecting squad for FIH Nations Cup,NEUTRAL,NEUTRAL,,,,,,,,,,,,,,,,,,,,,,,,,,,,,,,,,,,,,,,,,,,,,,,,,,,,,
The News,"Visiting Sabrina all praise for Pak citizens, hospitality",POSITIVE,POSITIVE,,,,,,,,,,,,,,,,,,,,,,,,,,,,,,,,,,,,,,,,,,,,,,,,,,,,,
The News,‘Hasan Ali’s situation is very frustrating’: Warwickshire CEO Stuart Cain,NEGATIVE,NEUTRAL,,,,,,,,,,,,,,,,,,,,,,,,,,,,,,,,,,,,,,,,,,,,,,,,,,,,,
The News,Imad Wasim opens up on Mike Hesson’s appointment as Pakistan head coach,NEUTRAL,POSITIVE,,,,,,,,,,,,,,,,,,,,,,,,,,,,,,,,,,,,,,,,,,,,,,,,,,,,,
The News,Aminul Islam replaces Faruque Ahmed as BCB president,NEUTRAL,NEUTRAL,,,,,,,,,,,,,,,,,,,,,,,,,,,,,,,,,,,,,,,,,,,,,,,,,,,,,
The News,PSL 10 leading run-scorer Farhan replaces Fakhar in Pakistan lineup,NEUTRAL,NEUTRAL,,,,,,,,,,,,,,,,,,,,,,,,,,,,,,,,,,,,,,,,,,,,,,,,,,,,,
The News,"Arshad, Yasir qualify for final round",NEUTRAL,NEUTRAL,,,,,,,,,,,,,,,,,,,,,,,,,,,,,,,,,,,,,,,,,,,,,,,,,,,,,
The News,Pakistan make strong start at Nation’s Volleyball League,POSITIVE,NEUTRAL,,,,,,,,,,,,,,,,,,,,,,,,,,,,,,,,,,,,,,,,,,,,,,,,,,,,,
The News,Shahid’s four-wicket haul puts Sahir Associates in command,NEUTRAL,NEUTRAL,,,,,,,,,,,,,,,,,,,,,,,,,,,,,,,,,,,,,,,,,,,,,,,,,,,,,
The News,Al Nassr want Cristiano Ronaldo to stay,NEUTRAL,NEUTRAL,,,,,,,,,,,,,,,,,,,,,,,,,,,,,,,,,,,,,,,,,,,,,,,,,,,,,
The News,Litton Das achieves major milestone in T20I cricket,POSITIVE,POSITIVE,,,,,,,,,,,,,,,,,,,,,,,,,,,,,,,,,,,,,,,,,,,,,,,,,,,,,
The News,"UK’s muddy saltmarshes vital carbon ‘sink’, say researchers",NEUTRAL,NEUTRAL,,,,,,,,,,,,,,,,,,,,,,,,,,,,,,,,,,,,,,,,,,,,,,,,,,,,,
The News,Musk says to remain ‘friend and adviser’ to Trump,NEUTRAL,NEUTRAL,,,,,,,,,,,,,,,,,,,,,,,,,,,,,,,,,,,,,,,,,,,,,,,,,,,,,
The News,"SC allows Trump to revoke legal status for 500,000 migrants",NEUTRAL,NEUTRAL,,,,,,,,,,,,,,,,,,,,,,,,,,,,,,,,,,,,,,,,,,,,,,,,,,,,,
The News,"Riyadh urged rapid progress on US-Iran nuclear talks, sources say",NEUTRAL,NEUTRAL,,,,,,,,,,,,,,,,,,,,,,,,,,,,,,,,,,,,,,,,,,,,,,,,,,,,,
The News,Russia tells UN West must stop arming Ukraine during any ceasefire,NEUTRAL,NEUTRAL,,,,,,,,,,,,,,,,,,,,,,,,,,,,,,,,,,,,,,,,,,,,,,,,,,,,,
The News,Half world faced an extra month of extreme heat due to climate change,NEGATIVE,NEUTRAL,,,,,,,,,,,,,,,,,,,,,,,,,,,,,,,,,,,,,,,,,,,,,,,,,,,,,
The News,"No permit, no Haj: S Arabia intensifies crackdown after heat deaths",NEGATIVE,NEGATIVE,,,,,,,,,,,,,,,,,,,,,,,,,,,,,,,,,,,,,,,,,,,,,,,,,,,,,
The News,"Macron urges Asia, Europe to unite to resist ‘spheres of coercion’",NEUTRAL,NEUTRAL,,,,,,,,,,,,,,,,,,,,,,,,,,,,,,,,,,,,,,,,,,,,,,,,,,,,,
The News,"Russell Brand pleads not guilty to rape, sexual assault charges",NEUTRAL,NEUTRAL,,,,,,,,,,,,,,,,,,,,,,,,,,,,,,,,,,,,,,,,,,,,,,,,,,,,,
The News,Belgium says 52 babies born from sperm donor with cancer-linked gene,NEGATIVE,NEUTRAL,,,,,,,,,,,,,,,,,,,,,,,,,,,,,,,,,,,,,,,,,,,,,,,,,,,,,
The News,Sri Lanka seizes largest cocaine haul at main airport,NEUTRAL,NEUTRAL,,,,,,,,,,,,,,,,,,,,,,,,,,,,,,,,,,,,,,,,,,,,,,,,,,,,,
The News,Turkiye frees 14 youths held over Erdogan insult,NEUTRAL,NEUTRAL,,,,,,,,,,,,,,,,,,,,,,,,,,,,,,,,,,,,,,,,,,,,,,,,,,,,,
The News,No possibility of Imran’s release before Eid,NEUTRAL,NEUTRAL,,,,,,,,,,,,,,,,,,,,,,,,,,,,,,,,,,,,,,,,,,,,,,,,,,,,,
The News,Gen Sahir urges inclusive stability mechanisms,NEUTRAL,NEUTRAL,,,,,,,,,,,,,,,,,,,,,,,,,,,,,,,,,,,,,,,,,,,,,,,,,,,,,
The News,Imran vows to lead anti-govt movement from jail,NEUTRAL,NEUTRAL,,,,,,,,,,,,,,,,,,,,,,,,,,,,,,,,,,,,,,,,,,,,,,,,,,,,,
The News,Pakistan expresses concern over rise in Islamophobic incidents across India,NEGATIVE,NEGATIVE,,,,,,,,,,,,,,,,,,,,,,,,,,,,,,,,,,,,,,,,,,,,,,,,,,,,,
The News,"Two brothers killed, nine others injured in Quetta blast",NEGATIVE,NEGATIVE,,,,,,,,,,,,,,,,,,,,,,,,,,,,,,,,,,,,,,,,,,,,,,,,,,,,,
The News,Afghanistan elevates Islamabad diplomatic mission to ambassadorial status,NEUTRAL,NEUTRAL,,,,,,,,,,,,,,,,,,,,,,,,,,,,,,,,,,,,,,,,,,,,,,,,,,,,,
The News,"IMF, Pakistan near consensus on cut in tax rates for salaried class",NEUTRAL,NEUTRAL,,,,,,,,,,,,,,,,,,,,,,,,,,,,,,,,,,,,,,,,,,,,,,,,,,,,,
The News,Chenab water flow fluctuations very serious: IRSA,NEUTRAL,NEUTRAL,,,,,,,,,,,,,,,,,,,,,,,,,,,,,,,,,,,,,,,,,,,,,,,,,,,,,
The News,Arshad wins gold at Asian Athletics,POSITIVE,NEUTRAL,,,,,,,,,,,,,,,,,,,,,,,,,,,,,,,,,,,,,,,,,,,,,,,,,,,,,
The News,Pakistani officials coming to US next week for trade talks: Trump,NEUTRAL,NEUTRAL,,,,,,,,,,,,,,,,,,,,,,,,,,,,,,,,,,,,,,,,,,,,,,,,,,,,,
The News,"Joblessness crisis in KP: 866,000 applicants compete for 16,454 teaching posts",NEGATIVE,NEGATIVE,,,,,,,,,,,,,,,,,,,,,,,,,,,,,,,,,,,,,,,,,,,,,,,,,,,,,
The News,"AQ Khan was betrayed after confession, says widow",NEGATIVE,NEUTRAL,,,,,,,,,,,,,,,,,,,,,,,,,,,,,,,,,,,,,,,,,,,,,,,,,,,,,
The News,Iran committed to strengthening ties with Pakistan: Araghchi,NEUTRAL,NEUTRAL,,,,,,,,,,,,,,,,,,,,,,,,,,,,,,,,,,,,,,,,,,,,,,,,,,,,,
The News,Rescue operations underway after Nigeria flooding kills at least 150,NEGATIVE,NEGATIVE,,,,,,,,,,,,,,,,,,,,,,,,,,,,,,,,,,,,,,,,,,,,,,,,,,,,,
The News,No visa restriction for India’s Sikhs: Foreign Office,NEUTRAL,NEUTRAL,,,,,,,,,,,,,,,,,,,,,,,,,,,,,,,,,,,,,,,,,,,,,,,,,,,,,
The News,"Crackdown on illegal foreigners, power theft, begging mafia intensifies",NEGATIVE,NEUTRAL,,,,,,,,,,,,,,,,,,,,,,,,,,,,,,,,,,,,,,,,,,,,,,,,,,,,,
The News,JUIF to launch drive against corruption in KP,NEUTRAL,NEUTRAL,,,,,,,,,,,,,,,,,,,,,,,,,,,,,,,,,,,,,,,,,,,,,,,,,,,,,
The News,ADC laid to rest with full honours,NEUTRAL,NEUTRAL,,,,,,,,,,,,,,,,,,,,,,,,,,,,,,,,,,,,,,,,,,,,,,,,,,,,,
The News,"Bystander killed, two others injured in firing over personal dispute",NEGATIVE,NEUTRAL,,,,,,,,,,,,,,,,,,,,,,,,,,,,,,,,,,,,,,,,,,,,,,,,,,,,,
The News,SHC recalls its stay order against transfer of NCCIA official,NEUTRAL,NEUTRAL,,,,,,,,,,,,,,,,,,,,,,,,,,,,,,,,,,,,,,,,,,,,,,,,,,,,,
The News,"Projects for flood victims, repairs of schools, hospitals to be included in budget: CM",NEUTRAL,NEUTRAL,,,,,,,,,,,,,,,,,,,,,,,,,,,,,,,,,,,,,,,,,,,,,,,,,,,,,
The News,IO granted time to submit charge sheet against Armaghan in illegal call centre case,NEUTRAL,NEGATIVE,,,,,,,,,,,,,,,,,,,,,,,,,,,,,,,,,,,,,,,,,,,,,,,,,,,,,
The News,Police solve case of food delivery rider’s murder in Hussainabad,NEGATIVE,NEUTRAL,,,,,,,,,,,,,,,,,,,,,,,,,,,,,,,,,,,,,,,,,,,,,,,,,,,,,
The News,"Strengthening economy is real challenge now, says governor",NEUTRAL,POSITIVE,,,,,,,,,,,,,,,,,,,,,,,,,,,,,,,,,,,,,,,,,,,,,,,,,,,,,
The News,Elahi Bux Bhutto appointed staff officer to KWSC CEO,NEUTRAL,NEUTRAL,,,,,,,,,,,,,,,,,,,,,,,,,,,,,,,,,,,,,,,,,,,,,,,,,,,,,
The News,CITY PULSE,NEUTRAL,NEUTRAL,,,,,,,,,,,,,,,,,,,,,,,,,,,,,,,,,,,,,,,,,,,,,,,,,,,,,
The News,Society urged to foster understanding of individuals dealing with mental health issues,NEUTRAL,NEUTRAL,,,,,,,,,,,,,,,,,,,,,,,,,,,,,,,,,,,,,,,,,,,,,,,,,,,,,
The News,Mayor Shoro inaugurates renovated railway station road project,NEUTRAL,NEUTRAL,,,,,,,,,,,,,,,,,,,,,,,,,,,,,,,,,,,,,,,,,,,,,,,,,,,,,
The News,Two killed in road accidents,NEGATIVE,NEGATIVE,,,,,,,,,,,,,,,,,,,,,,,,,,,,,,,,,,,,,,,,,,,,,,,,,,,,,
The News,"Experts warn of growing use of e-cigarettes, other smokeless tobacco forms in schools, colleges",NEGATIVE,NEGATIVE,,,,,,,,,,,,,,,,,,,,,,,,,,,,,,,,,,,,,,,,,,,,,,,,,,,,,
The News,‘97% of Pakistan’s pharmacies fail to store medicines properly’,NEGATIVE,NEUTRAL,,,,,,,,,,,,,,,,,,,,,,,,,,,,,,,,,,,,,,,,,,,,,,,,,,,,,
The News,Customs seizes 2.5 tonnes of smuggled hazardous waste,NEGATIVE,NEUTRAL,,,,,,,,,,,,,,,,,,,,,,,,,,,,,,,,,,,,,,,,,,,,,,,,,,,,,
The News,Alhamra hosts Canadian film festival,NEUTRAL,POSITIVE,,,,,,,,,,,,,,,,,,,,,,,,,,,,,,,,,,,,,,,,,,,,,,,,,,,,,
The News,"WCLA holds event to celebrate Pak, Korea cultural tapestries",POSITIVE,POSITIVE,,,,,,,,,,,,,,,,,,,,,,,,,,,,,,,,,,,,,,,,,,,,,,,,,,,,,
The News,PU holds training session to improve teaching skills,NEUTRAL,NEUTRAL,,,,,,,,,,,,,,,,,,,,,,,,,,,,,,,,,,,,,,,,,,,,,,,,,,,,,
The News,Punjab to solarise all Rescue 1122 stations: Salman,NEUTRAL,NEUTRAL,,,,,,,,,,,,,,,,,,,,,,,,,,,,,,,,,,,,,,,,,,,,,,,,,,,,,
The News,Ajoka’s play shines at festival finale in China,POSITIVE,POSITIVE,,,,,,,,,,,,,,,,,,,,,,,,,,,,,,,,,,,,,,,,,,,,,,,,,,,,,
The News,Passage of underage marriage bill condemned,NEUTRAL,NEUTRAL,,,,,,,,,,,,,,,,,,,,,,,,,,,,,,,,,,,,,,,,,,,,,,,,,,,,,
The News,Dr Zeeshan appointed Bait-ul-Maal DG,NEUTRAL,POSITIVE,,,,,,,,,,,,,,,,,,,,,,,,,,,,,,,,,,,,,,,,,,,,,,,,,,,,,
The News,Directive to increase strength of traffic wardens,NEUTRAL,NEUTRAL,,,,,,,,,,,,,,,,,,,,,,,,,,,,,,,,,,,,,,,,,,,,,,,,,,,,,
The News,"ACCA, London Varsity launch BSC (Hons) programme",NEUTRAL,NEUTRAL,,,,,,,,,,,,,,,,,,,,,,,,,,,,,,,,,,,,,,,,,,,,,,,,,,,,,
The News,Timely completion of city projects ordered,NEUTRAL,NEUTRAL,,,,,,,,,,,,,,,,,,,,,,,,,,,,,,,,,,,,,,,,,,,,,,,,,,,,,
The News,‘Over 8m die annually from smoking-related diseases’,NEGATIVE,NEUTRAL,,,,,,,,,,,,,,,,,,,,,,,,,,,,,,,,,,,,,,,,,,,,,,,,,,,,,
The News,Govt giving top priority to nurturing young talent: minister,POSITIVE,POSITIVE,,,,,,,,,,,,,,,,,,,,,,,,,,,,,,,,,,,,,,,,,,,,,,,,,,,,,
The News,Cops ordered to remain on high alert during Eid days,NEUTRAL,NEUTRAL,,,,,,,,,,,,,,,,,,,,,,,,,,,,,,,,,,,,,,,,,,,,,,,,,,,,,
The News,PU conference stresses for promoting research culture,NEUTRAL,NEUTRAL,,,,,,,,,,,,,,,,,,,,,,,,,,,,,,,,,,,,,,,,,,,,,,,,,,,,,
The News,Bhachar predicts PTI to form next govt,NEUTRAL,NEUTRAL,,,,,,,,,,,,,,,,,,,,,,,,,,,,,,,,,,,,,,,,,,,,,,,,,,,,,
The News,Murree Road choking points demand urgent attention from Punjab CM,NEGATIVE,NEUTRAL,,,,,,,,,,,,,,,,,,,,,,,,,,,,,,,,,,,,,,,,,,,,,,,,,,,,,
The News,‘Islamabad Gender Parity Report’ launched,NEUTRAL,NEUTRAL,,,,,,,,,,,,,,,,,,,,,,,,,,,,,,,,,,,,,,,,,,,,,,,,,,,,,
The News,Pakistan’s rights efforts win world praise,POSITIVE,POSITIVE,,,,,,,,,,,,,,,,,,,,,,,,,,,,,,,,,,,,,,,,,,,,,,,,,,,,,
The News,"Ministry discusses development of varsities, compulsory learning",NEUTRAL,NEUTRAL,,,,,,,,,,,,,,,,,,,,,,,,,,,,,,,,,,,,,,,,,,,,,,,,,,,,,
The News,ATC issues show-cause notices over alleged fake encounter,NEUTRAL,NEGATIVE,,,,,,,,,,,,,,,,,,,,,,,,,,,,,,,,,,,,,,,,,,,,,,,,,,,,,
The News,"EU, BC launch analysis to power Pakistani women’s digital skills revolution",NEUTRAL,NEUTRAL,,,,,,,,,,,,,,,,,,,,,,,,,,,,,,,,,,,,,,,,,,,,,,,,,,,,,
The News,"Time to take extra care of infants, children",NEUTRAL,NEUTRAL,,,,,,,,,,,,,,,,,,,,,,,,,,,,,,,,,,,,,,,,,,,,,,,,,,,,,
The News,WHO calls for immediate ban on flavoured tobacco,NEUTRAL,NEUTRAL,,,,,,,,,,,,,,,,,,,,,,,,,,,,,,,,,,,,,,,,,,,,,,,,,,,,,
The News,Tax issues in Malakand to be resolved: Muqam,NEUTRAL,NEUTRAL,,,,,,,,,,,,,,,,,,,,,,,,,,,,,,,,,,,,,,,,,,,,,,,,,,,,,
The News,"DPO vows to bring killers of woman, daughter to justice",NEGATIVE,NEGATIVE,,,,,,,,,,,,,,,,,,,,,,,,,,,,,,,,,,,,,,,,,,,,,,,,,,,,,
The News,PHC Bar polls: Body completes probe into ILF candidate’s defeat,NEUTRAL,NEUTRAL,,,,,,,,,,,,,,,,,,,,,,,,,,,,,,,,,,,,,,,,,,,,,,,,,,,,,
The News,Police post destroyed in Bajaur blast,NEGATIVE,NEUTRAL,,,,,,,,,,,,,,,,,,,,,,,,,,,,,,,,,,,,,,,,,,,,,,,,,,,,,
The News,CM aide says KP budget to land in PA on 13th,NEUTRAL,NEUTRAL,,,,,,,,,,,,,,,,,,,,,,,,,,,,,,,,,,,,,,,,,,,,,,,,,,,,,
The News,PIC performs cardiac procedure using intravascular lithotripsy,NEUTRAL,POSITIVE,,,,,,,,,,,,,,,,,,,,,,,,,,,,,,,,,,,,,,,,,,,,,,,,,,,,,
The News,Corporal punishment: CM orders probe into death of student,NEGATIVE,NEGATIVE,,,,,,,,,,,,,,,,,,,,,,,,,,,,,,,,,,,,,,,,,,,,,,,,,,,,,
The News,"Maritime minister announces chamber to boost blue economy, sustainability",POSITIVE,POSITIVE,,,,,,,,,,,,,,,,,,,,,,,,,,,,,,,,,,,,,,,,,,,,,,,,,,,,,
The News,Chinese automakers get stern ‘price war’ warning after discount spree,NEUTRAL,NEUTRAL,,,,,,,,,,,,,,,,,,,,,,,,,,,,,,,,,,,,,,,,,,,,,,,,,,,,,
The News,"KSE-100 edges higher as investors await budget clarity, IMF progress",NEUTRAL,NEUTRAL,,,,,,,,,,,,,,,,,,,,,,,,,,,,,,,,,,,,,,,,,,,,,,,,,,,,,
The News,OPEC announces sharp increase in July oil production,NEUTRAL,NEUTRAL,,,,,,,,,,,,,,,,,,,,,,,,,,,,,,,,,,,,,,,,,,,,,,,,,,,,,
The News,KE CEO says multi-year tariff will not burden consumers,NEUTRAL,NEUTRAL,,,,,,,,,,,,,,,,,,,,,,,,,,,,,,,,,,,,,,,,,,,,,,,,,,,,,
The News,PTBA urges FBR to extend e-invoicing deadline for corporate taxpayers,NEUTRAL,NEUTRAL,,,,,,,,,,,,,,,,,,,,,,,,,,,,,,,,,,,,,,,,,,,,,,,,,,,,,
The News,Sindh demands IMF refrain from imposing additional taxes on agriculture sector,NEUTRAL,NEGATIVE,,,,,,,,,,,,,,,,,,,,,,,,,,,,,,,,,,,,,,,,,,,,,,,,,,,,,
The News,Amazon pledges to continue aggressive data centre expansion,POSITIVE,POSITIVE,,,,,,,,,,,,,,,,,,,,,,,,,,,,,,,,,,,,,,,,,,,,,,,,,,,,,
The News,PAAPAM raises red flags over tariff policy after talks with government bodies,NEGATIVE,NEUTRAL,,,,,,,,,,,,,,,,,,,,,,,,,,,,,,,,,,,,,,,,,,,,,,,,,,,,,
The News,Towards shared responsibility in reviving Pakistan’s economy,NEUTRAL,NEUTRAL,,,,,,,,,,,,,,,,,,,,,,,,,,,,,,,,,,,,,,,,,,,,,,,,,,,,,
The News,Cashless card payments for public transport: Lagos commuters don’t trust the technology,NEGATIVE,NEUTRAL,,,,,,,,,,,,,,,,,,,,,,,,,,,,,,,,,,,,,,,,,,,,,,,,,,,,,
The News,"Gold prices drop Rs1,400 per tola",NEUTRAL,NEUTRAL,,,,,,,,,,,,,,,,,,,,,,,,,,,,,,,,,,,,,,,,,,,,,,,,,,,,,
The News,China manufacturing shrinks in May despite trade war truce,NEUTRAL,NEUTRAL,,,,,,,,,,,,,,,,,,,,,,,,,,,,,,,,,,,,,,,,,,,,,,,,,,,,,
The News,Draper downs Fonseca to reach French Open last 16,NEUTRAL,NEUTRAL,,,,,,,,,,,,,,,,,,,,,,,,,,,,,,,,,,,,,,,,,,,,,,,,,,,,,
The News,England’s Overton ruled out of West Indies series,NEUTRAL,NEUTRAL,,,,,,,,,,,,,,,,,,,,,,,,,,,,,,,,,,,,,,,,,,,,,,,,,,,,,
The News,Mike Hesson applauds Pakistan’s T20I series win,POSITIVE,NEUTRAL,,,,,,,,,,,,,,,,,,,,,,,,,,,,,,,,,,,,,,,,,,,,,,,,,,,,,
The News,Zverev tips Alcaraz to ‘be in final’ of French Open but is ready for battle,NEUTRAL,NEUTRAL,,,,,,,,,,,,,,,,,,,,,,,,,,,,,,,,,,,,,,,,,,,,,,,,,,,,,
The News,Pakistan eye T20 series whitewash against Bangladesh,NEUTRAL,POSITIVE,,,,,,,,,,,,,,,,,,,,,,,,,,,,,,,,,,,,,,,,,,,,,,,,,,,,,
The News,Pakistan qualify for semis despite narrow loss to Kazakhstan,NEUTRAL,POSITIVE,,,,,,,,,,,,,,,,,,,,,,,,,,,,,,,,,,,,,,,,,,,,,,,,,,,,,
The News,Bangladesh ex-captain Aminul new cricket board chief,NEUTRAL,NEUTRAL,,,,,,,,,,,,,,,,,,,,,,,,,,,,,,,,,,,,,,,,,,,,,,,,,,,,,
The News,India’s in-form Sudharsan to draw on county stints for England Tests,NEUTRAL,NEUTRAL,,,,,,,,,,,,,,,,,,,,,,,,,,,,,,,,,,,,,,,,,,,,,,,,,,,,,
The News,Simon Yates on verge of Giro triumph after epic stage 20 effort,POSITIVE,NEUTRAL,,,,,,,,,,,,,,,,,,,,,,,,,,,,,,,,,,,,,,,,,,,,,,,,,,,,,
The News,Lahore has a card of six races today,NEUTRAL,NEUTRAL,,,,,,,,,,,,,,,,,,,,,,,,,,,,,,,,,,,,,,,,,,,,,,,,,,,,,
The News,"Germany qualify, England hit six in Women’s Nations League",NEUTRAL,NEUTRAL,,,,,,,,,,,,,,,,,,,,,,,,,,,,,,,,,,,,,,,,,,,,,,,,,,,,,
The News,"World Boxing introducing gender tests for all boxers, targets Khelif",NEUTRAL,NEUTRAL,,,,,,,,,,,,,,,,,,,,,,,,,,,,,,,,,,,,,,,,,,,,,,,,,,,,,
The News,Piastri outpaces Norris to grab Spanish GP pole,NEUTRAL,NEUTRAL,,,,,,,,,,,,,,,,,,,,,,,,,,,,,,,,,,,,,,,,,,,,,,,,,,,,,
The News,Hamilton determined to make Ferrari adventure work,POSITIVE,NEUTRAL,,,,,,,,,,,,,,,,,,,,,,,,,,,,,,,,,,,,,,,,,,,,,,,,,,,,,
The News,Melbourne City edge crosstown rivals to win A-League title,NEUTRAL,NEUTRAL,,,,,,,,,,,,,,,,,,,,,,,,,,,,,,,,,,,,,,,,,,,,,,,,,,,,,
The News,Ukraine expands evacuations in Sumy region amid offensive fears,NEGATIVE,NEUTRAL,,,,,,,,,,,,,,,,,,,,,,,,,,,,,,,,,,,,,,,,,,,,,,,,,,,,,
The News,German Chancellor Merz to meet Trump amid transatlantic tensions,NEUTRAL,NEUTRAL,,,,,,,,,,,,,,,,,,,,,,,,,,,,,,,,,,,,,,,,,,,,,,,,,,,,,
The News,"Four die as over 3,000 cases rock India in Covid resurgence",NEGATIVE,NEUTRAL,,,,,,,,,,,,,,,,,,,,,,,,,,,,,,,,,,,,,,,,,,,,,,,,,,,,,
The News,Bulgaria faces protests over adopting euro,NEGATIVE,NEUTRAL,,,,,,,,,,,,,,,,,,,,,,,,,,,,,,,,,,,,,,,,,,,,,,,,,,,,,
The News,France charges 25 suspects in crypto abduction cases,NEGATIVE,NEGATIVE,,,,,,,,,,,,,,,,,,,,,,,,,,,,,,,,,,,,,,,,,,,,,,,,,,,,,
The News,"Bushra Bibi: ‘red line’ for Imran, ‘fault line’ for establishment",NEUTRAL,NEUTRAL,,,,,,,,,,,,,,,,,,,,,,,,,,,,,,,,,,,,,,,,,,,,,,,,,,,,,
The News,PMLN wins PP-52 Sambrial by-poll,NEUTRAL,NEUTRAL,,,,,,,,,,,,,,,,,,,,,,,,,,,,,,,,,,,,,,,,,,,,,,,,,,,,,
The News,Bilawal-led delegation to begin meetings at UN today,NEUTRAL,NEUTRAL,,,,,,,,,,,,,,,,,,,,,,,,,,,,,,,,,,,,,,,,,,,,,,,,,,,,,
The News,Haris hits maiden hundred as Pakistan whitewash Bangladesh,NEUTRAL,POSITIVE,,,,,,,,,,,,,,,,,,,,,,,,,,,,,,,,,,,,,,,,,,,,,,,,,,,,,
The News,Govt utilised 54% of development funds in 11 months of current fiscal,NEUTRAL,NEUTRAL,,,,,,,,,,,,,,,,,,,,,,,,,,,,,,,,,,,,,,,,,,,,,,,,,,,,,
The News,France-India lock horns over ‘Rafale misadventure’,NEUTRAL,NEGATIVE,,,,,,,,,,,,,,,,,,,,,,,,,,,,,,,,,,,,,,,,,,,,,,,,,,,,,
The News,Nawaz in London for checkup,NEUTRAL,NEUTRAL,,,,,,,,,,,,,,,,,,,,,,,,,,,,,,,,,,,,,,,,,,,,,,,,,,,,,
The News,Bangladesh top court restores largest Islamist party,NEUTRAL,NEUTRAL,,,,,,,,,,,,,,,,,,,,,,,,,,,,,,,,,,,,,,,,,,,,,,,,,,,,,
The News,Revealed: Pakistani-American tycoon met Imran seven times in Adiala jail,NEUTRAL,NEUTRAL,,,,,,,,,,,,,,,,,,,,,,,,,,,,,,,,,,,,,,,,,,,,,,,,,,,,,
The News,"Govt working on crypto framework aligned with FATF policies, says PM’s aide",NEUTRAL,NEUTRAL,,,,,,,,,,,,,,,,,,,,,,,,,,,,,,,,,,,,,,,,,,,,,,,,,,,,,
The News,"One killed, two injured in Quetta blast",NEGATIVE,NEUTRAL,,,,,,,,,,,,,,,,,,,,,,,,,,,,,,,,,,,,,,,,,,,,,,,,,,,,,
The News,Maryam discusses progress on uplift projects with MPAs,NEUTRAL,NEUTRAL,,,,,,,,,,,,,,,,,,,,,,,,,,,,,,,,,,,,,,,,,,,,,,,,,,,,,
The News,China tops Asian Athletics Championships,NEUTRAL,NEUTRAL,,,,,,,,,,,,,,,,,,,,,,,,,,,,,,,,,,,,,,,,,,,,,,,,,,,,,
The News,Iran warns of retaliation if Europeans ‘exploit’ UN nuclear report,NEGATIVE,NEUTRAL,,,,,,,,,,,,,,,,,,,,,,,,,,,,,,,,,,,,,,,,,,,,,,,,,,,,,
The News,"‘I am not taking drugs’, Musk denies damning report",NEUTRAL,NEUTRAL,,,,,,,,,,,,,,,,,,,,,,,,,,,,,,,,,,,,,,,,,,,,,,,,,,,,,
The News,Thousands of GB students affected as teachers protest continues,NEGATIVE,NEUTRAL,,,,,,,,,,,,,,,,,,,,,,,,,,,,,,,,,,,,,,,,,,,,,,,,,,,,,
The News,‘Deemak’ premiere at Karachi cinema,NEUTRAL,POSITIVE,,,,,,,,,,,,,,,,,,,,,,,,,,,,,,,,,,,,,,,,,,,,,,,,,,,,,
The News,"Polio case ‘detected’ in GB’s Diamer, virus genetically linked to Karachi",NEUTRAL,NEUTRAL,,,,,,,,,,,,,,,,,,,,,,,,,,,,,,,,,,,,,,,,,,,,,,,,,,,,,
The News,Consumer confidence affirms improving economic outlook: Aurangzeb,POSITIVE,POSITIVE,,,,,,,,,,,,,,,,,,,,,,,,,,,,,,,,,,,,,,,,,,,,,,,,,,,,,
The News,India-Pakistan hostility on display at Shangri-La meeting,NEGATIVE,NEUTRAL,,,,,,,,,,,,,,,,,,,,,,,,,,,,,,,,,,,,,,,,,,,,,,,,,,,,,
The News,"Fazl rejects child marriage bill, announces protest across country",NEGATIVE,NEGATIVE,,,,,,,,,,,,,,,,,,,,,,,,,,,,,,,,,,,,,,,,,,,,,,,,,,,,,
The News,Silence fuels sleaze — let’s speak out!,NEGATIVE,NEGATIVE,,,,,,,,,,,,,,,,,,,,,,,,,,,,,,,,,,,,,,,,,,,,,,,,,,,,,
The News,World Bicycle Day observed in Islamabad,NEUTRAL,POSITIVE,,,,,,,,,,,,,,,,,,,,,,,,,,,,,,,,,,,,,,,,,,,,,,,,,,,,,
The News,Apparel sector calls for PM’s urgent intervention on tariff barriers,NEUTRAL,NEUTRAL,,,,,,,,,,,,,,,,,,,,,,,,,,,,,,,,,,,,,,,,,,,,,,,,,,,,,
The News,"Gilani, Turkmenistan president discuss collaboration in diverse sectors",NEUTRAL,POSITIVE,,,,,,,,,,,,,,,,,,,,,,,,,,,,,,,,,,,,,,,,,,,,,,,,,,,,,
The News,Apolitical AIIB a partnership for inclusive development,NEUTRAL,NEUTRAL,,,,,,,,,,,,,,,,,,,,,,,,,,,,,,,,,,,,,,,,,,,,,,,,,,,,,
The News,Punjab govt sheds light on civil service pension reforms,NEUTRAL,NEUTRAL,,,,,,,,,,,,,,,,,,,,,,,,,,,,,,,,,,,,,,,,,,,,,,,,,,,,,
The News,Attempt to sabotage gas pipeline in Dera Murad Jamali foiled,NEGATIVE,NEUTRAL,,,,,,,,,,,,,,,,,,,,,,,,,,,,,,,,,,,,,,,,,,,,,,,,,,,,,
The News,"Karachi faces water, power crises due to conspiracy: Haleem Adil",NEGATIVE,NEGATIVE,,,,,,,,,,,,,,,,,,,,,,,,,,,,,,,,,,,,,,,,,,,,,,,,,,,,,
The News,Prime suspect in Hussainabad food rider killing case surrenders to police,NEGATIVE,NEUTRAL,,,,,,,,,,,,,,,,,,,,,,,,,,,,,,,,,,,,,,,,,,,,,,,,,,,,,
The News,Three sacrificial animals stolen from house at gunpoint,NEGATIVE,NEUTRAL,,,,,,,,,,,,,,,,,,,,,,,,,,,,,,,,,,,,,,,,,,,,,,,,,,,,,
The News,Earthquake of 3.6 magnitude jolts parts of Karachi,NEUTRAL,NEUTRAL,,,,,,,,,,,,,,,,,,,,,,,,,,,,,,,,,,,,,,,,,,,,,,,,,,,,,
The News,SHC sets aside CAA’s vacancy advertisement for four joint directors,NEUTRAL,NEUTRAL,,,,,,,,,,,,,,,,,,,,,,,,,,,,,,,,,,,,,,,,,,,,,,,,,,,,,
The News,Nasir Abbas Nayyar explains how Urdu novels have global presence,NEUTRAL,NEUTRAL,,,,,,,,,,,,,,,,,,,,,,,,,,,,,,,,,,,,,,,,,,,,,,,,,,,,,
The News,Tessori urges proper appreciation of parents’ sacrifices,NEUTRAL,NEUTRAL,,,,,,,,,,,,,,,,,,,,,,,,,,,,,,,,,,,,,,,,,,,,,,,,,,,,,
The News,Seven suspected robbers arrested in various operations,NEUTRAL,NEUTRAL,,,,,,,,,,,,,,,,,,,,,,,,,,,,,,,,,,,,,,,,,,,,,,,,,,,,,
The News,PDP chairman calls for making Karachi liveable city,NEUTRAL,NEUTRAL,,,,,,,,,,,,,,,,,,,,,,,,,,,,,,,,,,,,,,,,,,,,,,,,,,,,,
The News,KWSC chairman wants uninterrupted water supply during Eid,NEUTRAL,NEUTRAL,,,,,,,,,,,,,,,,,,,,,,,,,,,,,,,,,,,,,,,,,,,,,,,,,,,,,
The News,"HBL issued Rs10m to farmers in Balochistan, Sindh",NEUTRAL,NEUTRAL,,,,,,,,,,,,,,,,,,,,,,,,,,,,,,,,,,,,,,,,,,,,,,,,,,,,,
The News,CITY PULSE,NEUTRAL,NEUTRAL,,,,,,,,,,,,,,,,,,,,,,,,,,,,,,,,,,,,,,,,,,,,,,,,,,,,,
The News,WCLA to place electricity wires underground on Mall Road,NEUTRAL,POSITIVE,,,,,,,,,,,,,,,,,,,,,,,,,,,,,,,,,,,,,,,,,,,,,,,,,,,,,
The News,Career counselling: questions and answers,NEUTRAL,NEUTRAL,,,,,,,,,,,,,,,,,,,,,,,,,,,,,,,,,,,,,,,,,,,,,,,,,,,,,
The News,"Eid security plan 43,000 cops to safeguard prayer venues in Punjab",NEUTRAL,NEUTRAL,,,,,,,,,,,,,,,,,,,,,,,,,,,,,,,,,,,,,,,,,,,,,,,,,,,,,
The News,Hot weather forecast,POSITIVE,NEUTRAL,,,,,,,,,,,,,,,,,,,,,,,,,,,,,,,,,,,,,,,,,,,,,,,,,,,,,
The News,Call to boost furniture industry’s growth,POSITIVE,POSITIVE,,,,,,,,,,,,,,,,,,,,,,,,,,,,,,,,,,,,,,,,,,,,,,,,,,,,,
The News,LWMC finalises Eid cleaning operation,NEUTRAL,NEUTRAL,,,,,,,,,,,,,,,,,,,,,,,,,,,,,,,,,,,,,,,,,,,,,,,,,,,,,
The News,18 arrested in action against outlaws,NEUTRAL,NEUTRAL,,,,,,,,,,,,,,,,,,,,,,,,,,,,,,,,,,,,,,,,,,,,,,,,,,,,,
The News,Bid to smuggle kite string foiled; two arrested,NEUTRAL,NEUTRAL,,,,,,,,,,,,,,,,,,,,,,,,,,,,,,,,,,,,,,,,,,,,,,,,,,,,,
The News,"Hospitals asked to keep ACs, HVACs, fans functional for patients",NEUTRAL,NEUTRAL,,,,,,,,,,,,,,,,,,,,,,,,,,,,,,,,,,,,,,,,,,,,,,,,,,,,,
The News,PU MFA students exhibit final theses,NEUTRAL,NEUTRAL,,,,,,,,,,,,,,,,,,,,,,,,,,,,,,,,,,,,,,,,,,,,,,,,,,,,,
The News,Arora lauds minorities’ role in nation building,POSITIVE,NEUTRAL,,,,,,,,,,,,,,,,,,,,,,,,,,,,,,,,,,,,,,,,,,,,,,,,,,,,,
The News,Minister praises PIFD students’ theses display,POSITIVE,POSITIVE,,,,,,,,,,,,,,,,,,,,,,,,,,,,,,,,,,,,,,,,,,,,,,,,,,,,,
The News,12 die in road accidents in 24 hours,NEGATIVE,NEUTRAL,,,,,,,,,,,,,,,,,,,,,,,,,,,,,,,,,,,,,,,,,,,,,,,,,,,,,
The News,Security around churches ensured,NEUTRAL,NEUTRAL,,,,,,,,,,,,,,,,,,,,,,,,,,,,,,,,,,,,,,,,,,,,,,,,,,,,,
The News,"AI-based career development platform launched for students, professionals",POSITIVE,POSITIVE,,,,,,,,,,,,,,,,,,,,,,,,,,,,,,,,,,,,,,,,,,,,,,,,,,,,,
The News,Regional drama festival continues at PCA,NEUTRAL,NEUTRAL,,,,,,,,,,,,,,,,,,,,,,,,,,,,,,,,,,,,,,,,,,,,,,,,,,,,,
The News,Modest rise in militant attacks in May 2025: PICSS report,NEUTRAL,NEGATIVE,,,,,,,,,,,,,,,,,,,,,,,,,,,,,,,,,,,,,,,,,,,,,,,,,,,,,
The News,"Shifa, Pakistan Army bring specialist healthcare to AJK’s doorstep",NEUTRAL,NEUTRAL,,,,,,,,,,,,,,,,,,,,,,,,,,,,,,,,,,,,,,,,,,,,,,,,,,,,,
The News,Kashmir resolution demanded amid renewed int’l focus,NEUTRAL,NEUTRAL,,,,,,,,,,,,,,,,,,,,,,,,,,,,,,,,,,,,,,,,,,,,,,,,,,,,,
The News,Cracks in the facade,NEUTRAL,NEUTRAL,,,,,,,,,,,,,,,,,,,,,,,,,,,,,,,,,,,,,,,,,,,,,,,,,,,,,
The News,Mujeeb Alam appointed as focal person for PMYPIslamabad,NEUTRAL,POSITIVE,,,,,,,,,,,,,,,,,,,,,,,,,,,,,,,,,,,,,,,,,,,,,,,,,,,,,
The News,Educating against the odds,NEUTRAL,POSITIVE,,,,,,,,,,,,,,,,,,,,,,,,,,,,,,,,,,,,,,,,,,,,,,,,,,,,,
The News,Beautification work at Chandni Chowk reviewed,NEUTRAL,NEUTRAL,,,,,,,,,,,,,,,,,,,,,,,,,,,,,,,,,,,,,,,,,,,,,,,,,,,,,
The News,Lawyers in Mansehra not to plead cases of blasphemy accused,NEUTRAL,NEUTRAL,,,,,,,,,,,,,,,,,,,,,,,,,,,,,,,,,,,,,,,,,,,,,,,,,,,,,
The News,Kurram arms surrender deadline extended,NEUTRAL,NEUTRAL,,,,,,,,,,,,,,,,,,,,,,,,,,,,,,,,,,,,,,,,,,,,,,,,,,,,,
The News,Two killed in Darra Adamkhel blast,NEGATIVE,NEUTRAL,,,,,,,,,,,,,,,,,,,,,,,,,,,,,,,,,,,,,,,,,,,,,,,,,,,,,
The News,APC in Bannu rejects Mines and Minerals Bill 2025,NEGATIVE,NEGATIVE,,,,,,,,,,,,,,,,,,,,,,,,,,,,,,,,,,,,,,,,,,,,,,,,,,,,,
The News,Islamic State man arrested,NEGATIVE,NEUTRAL,,,,,,,,,,,,,,,,,,,,,,,,,,,,,,,,,,,,,,,,,,,,,,,,,,,,,
The News,Alleged militant held in Swat,NEUTRAL,NEUTRAL,,,,,,,,,,,,,,,,,,,,,,,,,,,,,,,,,,,,,,,,,,,,,,,,,,,,,
The News,Official says drugs recovered in Kohat region,NEUTRAL,NEUTRAL,,,,,,,,,,,,,,,,,,,,,,,,,,,,,,,,,,,,,,,,,,,,,,,,,,,,,
The News,Kidnapped Customs officials recovered,NEUTRAL,NEUTRAL,,,,,,,,,,,,,,,,,,,,,,,,,,,,,,,,,,,,,,,,,,,,,,,,,,,,,
The News,Minor dies of food poisoning,NEGATIVE,NEUTRAL,,,,,,,,,,,,,,,,,,,,,,,,,,,,,,,,,,,,,,,,,,,,,,,,,,,,,
The News,Obituary,NEUTRAL,NEUTRAL,,,,,,,,,,,,,,,,,,,,,,,,,,,,,,,,,,,,,,,,,,,,,,,,,,,,,
The News,Talent Hunt Programme: Saif says govt striving to empower minority youth,NEUTRAL,NEUTRAL,,,,,,,,,,,,,,,,,,,,,,,,,,,,,,,,,,,,,,,,,,,,,,,,,,,,,
The News,Three-day Shandur Polo Festival from June 20,NEUTRAL,NEUTRAL,,,,,,,,,,,,,,,,,,,,,,,,,,,,,,,,,,,,,,,,,,,,,,,,,,,,,
The News,"Pakhtuns faced worst form of terrorism, says Achakzai",NEGATIVE,NEUTRAL,,,,,,,,,,,,,,,,,,,,,,,,,,,,,,,,,,,,,,,,,,,,,,,,,,,,,
The News,Kohat police recover over 400kg drugs in 5 months,NEUTRAL,NEUTRAL,,,,,,,,,,,,,,,,,,,,,,,,,,,,,,,,,,,,,,,,,,,,,,,,,,,,,
The News,Under-construction building damaged in blast,NEGATIVE,NEUTRAL,,,,,,,,,,,,,,,,,,,,,,,,,,,,,,,,,,,,,,,,,,,,,,,,,,,,,
The News,Sahir Associates emerge as President’s Trophy Grade-II champs,NEUTRAL,NEUTRAL,,,,,,,,,,,,,,,,,,,,,,,,,,,,,,,,,,,,,,,,,,,,,,,,,,,,,
The News,Arshad pays gratitude to the nation for unwavering support,POSITIVE,POSITIVE,,,,,,,,,,,,,,,,,,,,,,,,,,,,,,,,,,,,,,,,,,,,,,,,,,,,,
The News,New world no. 1 Kunlavut seals Singapore crown in style,NEUTRAL,NEUTRAL,,,,,,,,,,,,,,,,,,,,,,,,,,,,,,,,,,,,,,,,,,,,,,,,,,,,,
The News,LAFC qualify for Club World Cup with win over Club America,NEUTRAL,NEUTRAL,,,,,,,,,,,,,,,,,,,,,,,,,,,,,,,,,,,,,,,,,,,,,,,,,,,,,
The News,Messi double as Miami hit five past Columbus,NEUTRAL,NEUTRAL,,,,,,,,,,,,,,,,,,,,,,,,,,,,,,,,,,,,,,,,,,,,,,,,,,,,,
The News,Brilliant PSG demolish Inter Milan to win first CL title,POSITIVE,POSITIVE,,,,,,,,,,,,,,,,,,,,,,,,,,,,,,,,,,,,,,,,,,,,,,,,,,,,,
The News,Doue caps dream season by starring in PSG’s Champions League triumph,POSITIVE,POSITIVE,,,,,,,,,,,,,,,,,,,,,,,,,,,,,,,,,,,,,,,,,,,,,,,,,,,,,
The News,"PSG have achieved ‘our ultimate goal’, says Luis Enrique",POSITIVE,NEUTRAL,,,,,,,,,,,,,,,,,,,,,,,,,,,,,,,,,,,,,,,,,,,,,,,,,,,,,
The News,Scheffler grabs lead at PGA Tour’s Memorial Tournament,NEUTRAL,NEUTRAL,,,,,,,,,,,,,,,,,,,,,,,,,,,,,,,,,,,,,,,,,,,,,,,,,,,,,
The News,Noor Zaman qualifies for British Open main round,NEUTRAL,NEUTRAL,,,,,,,,,,,,,,,,,,,,,,,,,,,,,,,,,,,,,,,,,,,,,,,,,,,,,
The News,"Transgender teen wins gold, shares medals at California school athletics championships",POSITIVE,NEUTRAL,,,,,,,,,,,,,,,,,,,,,,,,,,,,,,,,,,,,,,,,,,,,,,,,,,,,,
The News,Pak cricket team to tour Bangladesh in July,NEUTRAL,NEUTRAL,,,,,,,,,,,,,,,,,,,,,,,,,,,,,,,,,,,,,,,,,,,,,,,,,,,,,
The News,Hamza storms into Golden Open final,NEUTRAL,NEUTRAL,,,,,,,,,,,,,,,,,,,,,,,,,,,,,,,,,,,,,,,,,,,,,,,,,,,,,
The News,Piastri extends championship lead with Spanish Grand Prix victory,NEUTRAL,NEUTRAL,,,,,,,,,,,,,,,,,,,,,,,,,,,,,,,,,,,,,,,,,,,,,,,,,,,,,
The News,Pacers beat Knicks to set up NBA Finals clash with Thunder,NEUTRAL,NEUTRAL,,,,,,,,,,,,,,,,,,,,,,,,,,,,,,,,,,,,,,,,,,,,,,,,,,,,,
The News,Mexicans elect their judges under shadow of organised crime,NEGATIVE,NEUTRAL,,,,,,,,,,,,,,,,,,,,,,,,,,,,,,,,,,,,,,,,,,,,,,,,,,,,,
The News,Trump says withdrawing Musk ally as nominee to head Nasa,NEUTRAL,NEUTRAL,,,,,,,,,,,,,,,,,,,,,,,,,,,,,,,,,,,,,,,,,,,,,,,,,,,,,
The News,Russia accepts Taliban’s nominated ambassador to Moscow,NEUTRAL,NEUTRAL,,,,,,,,,,,,,,,,,,,,,,,,,,,,,,,,,,,,,,,,,,,,,,,,,,,,,
The News,BD ex-PM Hasina accused of ‘systematic attack’ in deadly protest crackdown,NEGATIVE,NEUTRAL,,,,,,,,,,,,,,,,,,,,,,,,,,,,,,,,,,,,,,,,,,,,,,,,,,,,,
The News,UK boosts weapons production capacity in new defence strategy,NEUTRAL,NEUTRAL,,,,,,,,,,,,,,,,,,,,,,,,,,,,,,,,,,,,,,,,,,,,,,,,,,,,,
The News,"More than 1,100 migrants crossed Channel on Saturday",NEUTRAL,NEUTRAL,,,,,,,,,,,,,,,,,,,,,,,,,,,,,,,,,,,,,,,,,,,,,,,,,,,,,
The News,Poland’s Trzaskowski on course for tight presidential election win,NEUTRAL,NEUTRAL,,,,,,,,,,,,,,,,,,,,,,,,,,,,,,,,,,,,,,,,,,,,,,,,,,,,,
The News,"Russia may attack Nato in next four years, German defence chief warns",NEGATIVE,NEUTRAL,,,,,,,,,,,,,,,,,,,,,,,,,,,,,,,,,,,,,,,,,,,,,,,,,,,,,
The News,India’s monsoon rains kill at least 30 in northeast,NEGATIVE,NEUTRAL,,,,,,,,,,,,,,,,,,,,,,,,,,,,,,,,,,,,,,,,,,,,,,,,,,,,,
The News,"Hungarians silently protest bill ‘muzzling’ NGOs, media",NEGATIVE,NEUTRAL,,,,,,,,,,,,,,,,,,,,,,,,,,,,,,,,,,,,,,,,,,,,,,,,,,,,,
The News,South Korea election hit by misinformation,NEGATIVE,NEGATIVE,,,,,,,,,,,,,,,,,,,,,,,,,,,,,,,,,,,,,,,,,,,,,,,,,,,,,
The News,Sudan’s prime minister dissolves government,NEUTRAL,NEUTRAL,,,,,,,,,,,,,,,,,,,,,,,,,,,,,,,,,,,,,,,,,,,,,,,,,,,,,
The News,China displaces old foe Japan in South Koreans’ minds ahead of vote,NEUTRAL,NEGATIVE,,,,,,,,,,,,,,,,,,,,,,,,,,,,,,,,,,,,,,,,,,,,,,,,,,,,,
The News,China accuses US’s Hegseth of ‘vilifying’ remarks at security forum,NEGATIVE,NEUTRAL,,,,,,,,,,,,,,,,,,,,,,,,,,,,,,,,,,,,,,,,,,,,,,,,,,,,,
The News,Thousands protest in Serbia to demand elections,NEUTRAL,NEUTRAL,,,,,,,,,,,,,,,,,,,,,,,,,,,,,,,,,,,,,,,,,,,,,,,,,,,,,
The News,Why this must be a transition budget,NEUTRAL,NEUTRAL,,,,,,,,,,,,,,,,,,,,,,,,,,,,,,,,,,,,,,,,,,,,,,,,,,,,,
The News,Shehbaz explains why India would be loath to initiate another attack,NEGATIVE,NEUTRAL,,,,,,,,,,,,,,,,,,,,,,,,,,,,,,,,,,,,,,,,,,,,,,,,,,,,,
The News,PTI counsel grills PM in hearing of defamation plea against Imran,NEUTRAL,NEUTRAL,,,,,,,,,,,,,,,,,,,,,,,,,,,,,,,,,,,,,,,,,,,,,,,,,,,,,
The News,Massive hunt launched as up to 50 inmates on the run after Malir jailbreak,NEUTRAL,NEUTRAL,,,,,,,,,,,,,,,,,,,,,,,,,,,,,,,,,,,,,,,,,,,,,,,,,,,,,
The News,Modi ‘unlikely’ to attend upcoming G7 summit in Canada,NEUTRAL,NEUTRAL,,,,,,,,,,,,,,,,,,,,,,,,,,,,,,,,,,,,,,,,,,,,,,,,,,,,,
The News,"PTI, PPP allege rigging in PP-52 by-poll",NEUTRAL,NEGATIVE,,,,,,,,,,,,,,,,,,,,,,,,,,,,,,,,,,,,,,,,,,,,,,,,,,,,,
The News,Pakistan drafts crypto regulation framework in push to formalise digital finance,NEUTRAL,NEUTRAL,,,,,,,,,,,,,,,,,,,,,,,,,,,,,,,,,,,,,,,,,,,,,,,,,,,,,
The News,"CEC hints at calling PM, CM over delay in LG polls",NEUTRAL,NEUTRAL,,,,,,,,,,,,,,,,,,,,,,,,,,,,,,,,,,,,,,,,,,,,,,,,,,,,,
The News,National fiscal pact: Provinces bound to get cabinets’ nod to collect GST on services,NEUTRAL,NEUTRAL,,,,,,,,,,,,,,,,,,,,,,,,,,,,,,,,,,,,,,,,,,,,,,,,,,,,,
The News,Rs288bn plan being rolled out for SOEs’ growth without federal funding,NEUTRAL,NEUTRAL,,,,,,,,,,,,,,,,,,,,,,,,,,,,,,,,,,,,,,,,,,,,,,,,,,,,,
The News,Senate panel questions legal standing of Pakistan Crypto Council,NEUTRAL,NEUTRAL,,,,,,,,,,,,,,,,,,,,,,,,,,,,,,,,,,,,,,,,,,,,,,,,,,,,,
The News,"Refineries, OMCs to face penalties for breaching PRM decisions",NEGATIVE,NEGATIVE,,,,,,,,,,,,,,,,,,,,,,,,,,,,,,,,,,,,,,,,,,,,,,,,,,,,,
The News,Adviser to be hired for ZTBL privatization push,NEUTRAL,NEUTRAL,,,,,,,,,,,,,,,,,,,,,,,,,,,,,,,,,,,,,,,,,,,,,,,,,,,,,
The News,Maryam directs resolving issues of overseas Pakistanis on priority,NEUTRAL,NEUTRAL,,,,,,,,,,,,,,,,,,,,,,,,,,,,,,,,,,,,,,,,,,,,,,,,,,,,,
The News,"Ukraine drone attacks on Russia spark fires, disrupt traffic, officials say",NEGATIVE,NEGATIVE,,,,,,,,,,,,,,,,,,,,,,,,,,,,,,,,,,,,,,,,,,,,,,,,,,,,,
The News,Polio team attacked in Diamer,NEGATIVE,NEUTRAL,,,,,,,,,,,,,,,,,,,,,,,,,,,,,,,,,,,,,,,,,,,,,,,,,,,,,
The News,IHC restrains MCI from increasing property tax,NEUTRAL,NEUTRAL,,,,,,,,,,,,,,,,,,,,,,,,,,,,,,,,,,,,,,,,,,,,,,,,,,,,,
The News,Withholding uplift funds to LGs: PHC puts KP govt on notice,NEUTRAL,NEUTRAL,,,,,,,,,,,,,,,,,,,,,,,,,,,,,,,,,,,,,,,,,,,,,,,,,,,,,
The News,£190m case: NAB constitutes special prosecution team,NEUTRAL,NEUTRAL,,,,,,,,,,,,,,,,,,,,,,,,,,,,,,,,,,,,,,,,,,,,,,,,,,,,,
The News,Omar Ayub sees pressure behind reference against him,NEUTRAL,NEUTRAL,,,,,,,,,,,,,,,,,,,,,,,,,,,,,,,,,,,,,,,,,,,,,,,,,,,,,
The News,JI slams KE for loadshedding in 11 demonstrations across Karachi,NEGATIVE,NEUTRAL,,,,,,,,,,,,,,,,,,,,,,,,,,,,,,,,,,,,,,,,,,,,,,,,,,,,,
The News,IBA roundtable discusses implications of India’s unilateral suspension of IWT,NEUTRAL,NEUTRAL,,,,,,,,,,,,,,,,,,,,,,,,,,,,,,,,,,,,,,,,,,,,,,,,,,,,,
The News,SC dismisses Sindh govt’s appeal against SHO’s reinstatement,NEUTRAL,NEUTRAL,,,,,,,,,,,,,,,,,,,,,,,,,,,,,,,,,,,,,,,,,,,,,,,,,,,,,
The News,Funeral prayers offered for martyred cop,NEUTRAL,NEUTRAL,,,,,,,,,,,,,,,,,,,,,,,,,,,,,,,,,,,,,,,,,,,,,,,,,,,,,
The News,SMTA signs MoU to train women in driving scooties,NEUTRAL,NEUTRAL,,,,,,,,,,,,,,,,,,,,,,,,,,,,,,,,,,,,,,,,,,,,,,,,,,,,,
The News,Intoxicated son kills father with hammer in Surjani Town,NEGATIVE,NEUTRAL,,,,,,,,,,,,,,,,,,,,,,,,,,,,,,,,,,,,,,,,,,,,,,,,,,,,,
The News,Armaghan’s father gets post-arrest bail in illegal weapon case,NEUTRAL,NEUTRAL,,,,,,,,,,,,,,,,,,,,,,,,,,,,,,,,,,,,,,,,,,,,,,,,,,,,,
The News,Karachi police chief reviews cattle market security arrangements,NEUTRAL,NEUTRAL,,,,,,,,,,,,,,,,,,,,,,,,,,,,,,,,,,,,,,,,,,,,,,,,,,,,,
The News,ACE restrained from taking coercive action against SBCA official in heritage building demolition case,NEUTRAL,NEUTRAL,,,,,,,,,,,,,,,,,,,,,,,,,,,,,,,,,,,,,,,,,,,,,,,,,,,,,
The News,Habib University celebrates Class of 2025 at its 8th convocation,POSITIVE,NEUTRAL,,,,,,,,,,,,,,,,,,,,,,,,,,,,,,,,,,,,,,,,,,,,,,,,,,,,,
The News,Three candidates selected for Szabul VC post,NEUTRAL,NEUTRAL,,,,,,,,,,,,,,,,,,,,,,,,,,,,,,,,,,,,,,,,,,,,,,,,,,,,,
The News,Two held as FIA cracks down on hawala dealers,NEUTRAL,NEUTRAL,,,,,,,,,,,,,,,,,,,,,,,,,,,,,,,,,,,,,,,,,,,,,,,,,,,,,
The News,Businessman held over thrashing of motorcyclist in DHA,NEUTRAL,NEUTRAL,,,,,,,,,,,,,,,,,,,,,,,,,,,,,,,,,,,,,,,,,,,,,,,,,,,,,
The News,CITY PULSE,NEUTRAL,NEUTRAL,,,,,,,,,,,,,,,,,,,,,,,,,,,,,,,,,,,,,,,,,,,,,,,,,,,,,
The News,Banned outfits barred from collecting hides,NEGATIVE,NEUTRAL,,,,,,,,,,,,,,,,,,,,,,,,,,,,,,,,,,,,,,,,,,,,,,,,,,,,,
The News,"PBIT, UK keen to boost bilateral trade, investment",POSITIVE,POSITIVE,,,,,,,,,,,,,,,,,,,,,,,,,,,,,,,,,,,,,,,,,,,,,,,,,,,,,
The News,LDA to introduce more IT reforms,NEUTRAL,NEUTRAL,,,,,,,,,,,,,,,,,,,,,,,,,,,,,,,,,,,,,,,,,,,,,,,,,,,,,
The News,EPA prohibits sale of substandard fuels,NEGATIVE,NEUTRAL,,,,,,,,,,,,,,,,,,,,,,,,,,,,,,,,,,,,,,,,,,,,,,,,,,,,,
The News,Pakistan Forum re-launched with hybrid event,NEUTRAL,NEUTRAL,,,,,,,,,,,,,,,,,,,,,,,,,,,,,,,,,,,,,,,,,,,,,,,,,,,,,
The News,3 grade-20 officers appointed,NEUTRAL,NEUTRAL,,,,,,,,,,,,,,,,,,,,,,,,,,,,,,,,,,,,,,,,,,,,,,,,,,,,,
The News,Eid cleanliness operation reviewed,NEUTRAL,NEUTRAL,,,,,,,,,,,,,,,,,,,,,,,,,,,,,,,,,,,,,,,,,,,,,,,,,,,,,
The News,Inter-district drug delivery attempt foiled,NEGATIVE,NEUTRAL,,,,,,,,,,,,,,,,,,,,,,,,,,,,,,,,,,,,,,,,,,,,,,,,,,,,,
The News,Eid holidays from 6th to 9th,NEUTRAL,NEUTRAL,,,,,,,,,,,,,,,,,,,,,,,,,,,,,,,,,,,,,,,,,,,,,,,,,,,,,
The News,"211,354 victims rescued across Punjab in May",NEUTRAL,NEUTRAL,,,,,,,,,,,,,,,,,,,,,,,,,,,,,,,,,,,,,,,,,,,,,,,,,,,,,
The News,CM Summer Games toppers to be rewarded with scholarships,POSITIVE,NEUTRAL,,,,,,,,,,,,,,,,,,,,,,,,,,,,,,,,,,,,,,,,,,,,,,,,,,,,,
The News,Eight suspects arrested in crackdown on criminals,NEUTRAL,NEUTRAL,,,,,,,,,,,,,,,,,,,,,,,,,,,,,,,,,,,,,,,,,,,,,,,,,,,,,
The News,LWMC intensifies efforts to ensure clean environment on Eid,POSITIVE,NEUTRAL,,,,,,,,,,,,,,,,,,,,,,,,,,,,,,,,,,,,,,,,,,,,,,,,,,,,,
The News,"Eid, Muharram security measures discussed",NEUTRAL,NEUTRAL,,,,,,,,,,,,,,,,,,,,,,,,,,,,,,,,,,,,,,,,,,,,,,,,,,,,,
The News,World Orthoptics Day observed,NEUTRAL,NEUTRAL,,,,,,,,,,,,,,,,,,,,,,,,,,,,,,,,,,,,,,,,,,,,,,,,,,,,,
The News,Indo-Pak situation discussed with member of EU Parliament,NEUTRAL,NEUTRAL,,,,,,,,,,,,,,,,,,,,,,,,,,,,,,,,,,,,,,,,,,,,,,,,,,,,,
The News,Business community expects relief in budget,NEUTRAL,NEUTRAL,,,,,,,,,,,,,,,,,,,,,,,,,,,,,,,,,,,,,,,,,,,,,,,,,,,,,
The News,FAPUASA condemns faculty victimisation at SMIU,NEGATIVE,NEUTRAL,,,,,,,,,,,,,,,,,,,,,,,,,,,,,,,,,,,,,,,,,,,,,,,,,,,,,
The News,Pak-EPA cleans up Margalla Hills,NEUTRAL,NEUTRAL,,,,,,,,,,,,,,,,,,,,,,,,,,,,,,,,,,,,,,,,,,,,,,,,,,,,,
The News,Teachers oppose replacing FDE colleges’ cultural hubs with IT parks,NEGATIVE,NEUTRAL,,,,,,,,,,,,,,,,,,,,,,,,,,,,,,,,,,,,,,,,,,,,,,,,,,,,,
The News,QAU evolving or devolving?,NEUTRAL,NEUTRAL,,,,,,,,,,,,,,,,,,,,,,,,,,,,,,,,,,,,,,,,,,,,,,,,,,,,,
The News,Ongoing early childhood education initiative reviewed,NEUTRAL,NEUTRAL,,,,,,,,,,,,,,,,,,,,,,,,,,,,,,,,,,,,,,,,,,,,,,,,,,,,,
The News,Workshop to foster resilient food systems held,POSITIVE,POSITIVE,,,,,,,,,,,,,,,,,,,,,,,,,,,,,,,,,,,,,,,,,,,,,,,,,,,,,
The News,PMDC holds registration exam,NEUTRAL,NEUTRAL,,,,,,,,,,,,,,,,,,,,,,,,,,,,,,,,,,,,,,,,,,,,,,,,,,,,,
The News,Annual teachers’ conference held,NEUTRAL,POSITIVE,,,,,,,,,,,,,,,,,,,,,,,,,,,,,,,,,,,,,,,,,,,,,,,,,,,,,
The News,PPP leader says ex-minister has rejoined party,NEUTRAL,NEUTRAL,,,,,,,,,,,,,,,,,,,,,,,,,,,,,,,,,,,,,,,,,,,,,,,,,,,,,
The News,Call to regulate AI in healthcare systems,NEUTRAL,NEUTRAL,,,,,,,,,,,,,,,,,,,,,,,,,,,,,,,,,,,,,,,,,,,,,,,,,,,,,
The News,Free medical camp arranged in Tirah,NEUTRAL,NEUTRAL,,,,,,,,,,,,,,,,,,,,,,,,,,,,,,,,,,,,,,,,,,,,,,,,,,,,,
The News,‘Teachers’ transfer affecting studies of girls’,NEUTRAL,NEUTRAL,,,,,,,,,,,,,,,,,,,,,,,,,,,,,,,,,,,,,,,,,,,,,,,,,,,,,
The News,City varsity arranges job fair,NEUTRAL,NEUTRAL,,,,,,,,,,,,,,,,,,,,,,,,,,,,,,,,,,,,,,,,,,,,,,,,,,,,,
The News,Security plans for Eidul Azha finalised,NEUTRAL,NEUTRAL,,,,,,,,,,,,,,,,,,,,,,,,,,,,,,,,,,,,,,,,,,,,,,,,,,,,,
The News,KP CM distributes cheques among artistes,NEUTRAL,NEUTRAL,,,,,,,,,,,,,,,,,,,,,,,,,,,,,,,,,,,,,,,,,,,,,,,,,,,,,
The News,Customs agents want faceless assessment system abolished,NEGATIVE,NEUTRAL,,,,,,,,,,,,,,,,,,,,,,,,,,,,,,,,,,,,,,,,,,,,,,,,,,,,,
The News,Completion of Booni-Buzund Road demanded,NEUTRAL,NEUTRAL,,,,,,,,,,,,,,,,,,,,,,,,,,,,,,,,,,,,,,,,,,,,,,,,,,,,,
The News,Power bills: SCCI flays FCA revival for industrial consumers,NEUTRAL,NEUTRAL,,,,,,,,,,,,,,,,,,,,,,,,,,,,,,,,,,,,,,,,,,,,,,,,,,,,,
The News,Court seeks police response over threats to ANP leader,NEUTRAL,NEUTRAL,,,,,,,,,,,,,,,,,,,,,,,,,,,,,,,,,,,,,,,,,,,,,,,,,,,,,
The News,"As Tesla stalls across Europe, sales rise in Norway",NEUTRAL,NEUTRAL,,,,,,,,,,,,,,,,,,,,,,,,,,,,,,,,,,,,,,,,,,,,,,,,,,,,,
The News,"Gold prices surge by Rs5,900 per tola amid global market gains",NEUTRAL,NEUTRAL,,,,,,,,,,,,,,,,,,,,,,,,,,,,,,,,,,,,,,,,,,,,,,,,,,,,,
The News,Apple challenges ‘unreasonable’ EU order to open up to rivals,NEUTRAL,NEUTRAL,,,,,,,,,,,,,,,,,,,,,,,,,,,,,,,,,,,,,,,,,,,,,,,,,,,,,
The News,Indian billionaire Adani under new scrutiny from US prosecutors: WSJ,NEUTRAL,NEUTRAL,,,,,,,,,,,,,,,,,,,,,,,,,,,,,,,,,,,,,,,,,,,,,,,,,,,,,
The News,US manufacturing contracts again despite some tariff easing,NEUTRAL,NEUTRAL,,,,,,,,,,,,,,,,,,,,,,,,,,,,,,,,,,,,,,,,,,,,,,,,,,,,,
The News,Stocks down 813 points on pre-budget pressure,NEGATIVE,NEUTRAL,,,,,,,,,,,,,,,,,,,,,,,,,,,,,,,,,,,,,,,,,,,,,,,,,,,,,
The News,Rupee extends gains,POSITIVE,NEUTRAL,,,,,,,,,,,,,,,,,,,,,,,,,,,,,,,,,,,,,,,,,,,,,,,,,,,,,
The News,Stocks fall over trade row; oil rises on geopolitical risks,NEGATIVE,NEGATIVE,,,,,,,,,,,,,,,,,,,,,,,,,,,,,,,,,,,,,,,,,,,,,,,,,,,,,
The News,Pakistan seeks Buddhist tourism boost from Japan,NEUTRAL,NEUTRAL,,,,,,,,,,,,,,,,,,,,,,,,,,,,,,,,,,,,,,,,,,,,,,,,,,,,,
The News,Can conglomerates drive Pakistan’s economic transformation?,NEUTRAL,NEUTRAL,,,,,,,,,,,,,,,,,,,,,,,,,,,,,,,,,,,,,,,,,,,,,,,,,,,,,
The News,"Trump tax bill poses limited benefits, higher costs for lower-income Americans",NEGATIVE,NEUTRAL,,,,,,,,,,,,,,,,,,,,,,,,,,,,,,,,,,,,,,,,,,,,,,,,,,,,,
The News,EU says it will make strong case for US tariff cuts this week,NEUTRAL,NEUTRAL,,,,,,,,,,,,,,,,,,,,,,,,,,,,,,,,,,,,,,,,,,,,,,,,,,,,,
The News,"Tobacco industry accused of misleading govt, IMF for tax relief",NEGATIVE,NEUTRAL,,,,,,,,,,,,,,,,,,,,,,,,,,,,,,,,,,,,,,,,,,,,,,,,,,,,,
The News,BankIslami named best Islamic bank in Pakistan,POSITIVE,POSITIVE,,,,,,,,,,,,,,,,,,,,,,,,,,,,,,,,,,,,,,,,,,,,,,,,,,,,,
The News,"FBL recognised for innovation, excellence at GIFA 2025",POSITIVE,POSITIVE,,,,,,,,,,,,,,,,,,,,,,,,,,,,,,,,,,,,,,,,,,,,,,,,,,,,,
The News,"Gauff returns to French Open quarters, vows to ‘keep fighting’",NEUTRAL,POSITIVE,,,,,,,,,,,,,,,,,,,,,,,,,,,,,,,,,,,,,,,,,,,,,,,,,,,,,
The News,Haris scoops Open Chess crown,NEUTRAL,POSITIVE,,,,,,,,,,,,,,,,,,,,,,,,,,,,,,,,,,,,,,,,,,,,,,,,,,,,,
The News,Mixed fortunes witnessed in Lahore races,NEUTRAL,NEUTRAL,,,,,,,,,,,,,,,,,,,,,,,,,,,,,,,,,,,,,,,,,,,,,,,,,,,,,
The News,Qatar table tennis says ‘prepared to escalate’ after chaotic vote,NEUTRAL,NEUTRAL,,,,,,,,,,,,,,,,,,,,,,,,,,,,,,,,,,,,,,,,,,,,,,,,,,,,,
The News,Women’s Emerging Asia Cup postponed due to adverse weather,NEGATIVE,NEUTRAL,,,,,,,,,,,,,,,,,,,,,,,,,,,,,,,,,,,,,,,,,,,,,,,,,,,,,
The News,Man City’s Kovacic out of Club World Cup after surgery,NEUTRAL,NEUTRAL,,,,,,,,,,,,,,,,,,,,,,,,,,,,,,,,,,,,,,,,,,,,,,,,,,,,,
The News,Three things we learned from the Spanish Grand Prix,NEUTRAL,NEUTRAL,,,,,,,,,,,,,,,,,,,,,,,,,,,,,,,,,,,,,,,,,,,,,,,,,,,,,
The News,PHF announces power-packed squad for Nations Cup,NEUTRAL,POSITIVE,,,,,,,,,,,,,,,,,,,,,,,,,,,,,,,,,,,,,,,,,,,,,,,,,,,,,
The News,Australia’s Glenn ‘Big Show’ Maxwell calls time on ODIs,NEUTRAL,NEUTRAL,,,,,,,,,,,,,,,,,,,,,,,,,,,,,,,,,,,,,,,,,,,,,,,,,,,,,
The News,South Africa’s Klaasen retires from international cricket,NEUTRAL,NEUTRAL,,,,,,,,,,,,,,,,,,,,,,,,,,,,,,,,,,,,,,,,,,,,,,,,,,,,,
The News,Pakistan win 10 gold medals at Asian Indoor Rowing,POSITIVE,POSITIVE,,,,,,,,,,,,,,,,,,,,,,,,,,,,,,,,,,,,,,,,,,,,,,,,,,,,,
The News,PCB meeting reviews Pakistan’s preparations ahead of major series,NEUTRAL,NEUTRAL,,,,,,,,,,,,,,,,,,,,,,,,,,,,,,,,,,,,,,,,,,,,,,,,,,,,,
The News,PCB chief lauds security measures during Bangladesh series,NEUTRAL,POSITIVE,,,,,,,,,,,,,,,,,,,,,,,,,,,,,,,,,,,,,,,,,,,,,,,,,,,,,
The News,Countdown begins for Over 40s World Cup,NEUTRAL,POSITIVE,,,,,,,,,,,,,,,,,,,,,,,,,,,,,,,,,,,,,,,,,,,,,,,,,,,,,
The News,Griezmann extends Atletico Madrid contract,NEUTRAL,NEUTRAL,,,,,,,,,,,,,,,,,,,,,,,,,,,,,,,,,,,,,,,,,,,,,,,,,,,,,
The News,Bangladesh launches fresh reform bid,NEUTRAL,NEUTRAL,,,,,,,,,,,,,,,,,,,,,,,,,,,,,,,,,,,,,,,,,,,,,,,,,,,,,
The News,Iran says no nuclear deal if deprived of ‘peaceful activities’,NEUTRAL,NEUTRAL,,,,,,,,,,,,,,,,,,,,,,,,,,,,,,,,,,,,,,,,,,,,,,,,,,,,,
The News,Gunmen kill 25 in restive central Nigeria state,NEGATIVE,NEUTRAL,,,,,,,,,,,,,,,,,,,,,,,,,,,,,,,,,,,,,,,,,,,,,,,,,,,,,
The News,"Trump, Xi will ‘likely’ talk this week: White House",NEUTRAL,NEUTRAL,,,,,,,,,,,,,,,,,,,,,,,,,,,,,,,,,,,,,,,,,,,,,,,,,,,,,
The News,Snakes on a plane: Indian smuggler caught with venomous vipers,NEGATIVE,NEUTRAL,,,,,,,,,,,,,,,,,,,,,,,,,,,,,,,,,,,,,,,,,,,,,,,,,,,,,
The News,Judge convicts man who burned Quran in London,NEGATIVE,NEGATIVE,,,,,,,,,,,,,,,,,,,,,,,,,,,,,,,,,,,,,,,,,,,,,,,,,,,,,
The News,India landslide kills three soldiers after heavy rains,NEGATIVE,NEUTRAL,,,,,,,,,,,,,,,,,,,,,,,,,,,,,,,,,,,,,,,,,,,,,,,,,,,,,
The News,EU chief holds talks with US Republican leading Russia sanctions push,NEUTRAL,NEUTRAL,,,,,,,,,,,,,,,,,,,,,,,,,,,,,,,,,,,,,,,,,,,,,,,,,,,,,
The News,UK to build attack subs as part of major defence review,NEUTRAL,NEUTRAL,,,,,,,,,,,,,,,,,,,,,,,,,,,,,,,,,,,,,,,,,,,,,,,,,,,,,
The News,Polish PM calls for trust vote after nationalist wins presidency,NEUTRAL,NEUTRAL,,,,,,,,,,,,,,,,,,,,,,,,,,,,,,,,,,,,,,,,,,,,,,,,,,,,,
The News,France probes terror motive after man shoots dead Tunisian neighbour,NEGATIVE,NEGATIVE,,,,,,,,,,,,,,,,,,,,,,,,,,,,,,,,,,,,,,,,,,,,,,,,,,,,,
The News,US pushes countries for best offers by Wednesday as tariff deadline looms,NEUTRAL,NEUTRAL,,,,,,,,,,,,,,,,,,,,,,,,,,,,,,,,,,,,,,,,,,,,,,,,,,,,,
The News,Arson Attack,NEGATIVE,NEUTRAL,,,,,,,,,,,,,,,,,,,,,,,,,,,,,,,,,,,,,,,,,,,,,,,,,,,,,
The News,Suspect who killed teen TikToker over ‘rejection’ held in Faisalabad,NEGATIVE,NEUTRAL,,,,,,,,,,,,,,,,,,,,,,,,,,,,,,,,,,,,,,,,,,,,,,,,,,,,,
The News,Imran to spearhead protest movement: Gohar,NEUTRAL,NEUTRAL,,,,,,,,,,,,,,,,,,,,,,,,,,,,,,,,,,,,,,,,,,,,,,,,,,,,,
The News,IMF being persuaded to drop demand for hike in duty on fertiliser,NEUTRAL,NEUTRAL,,,,,,,,,,,,,,,,,,,,,,,,,,,,,,,,,,,,,,,,,,,,,,,,,,,,,
The News,From Adiala to Times Square: PTI frustrates all peace efforts with establishment,NEGATIVE,NEGATIVE,,,,,,,,,,,,,,,,,,,,,,,,,,,,,,,,,,,,,,,,,,,,,,,,,,,,,
The News,PM office clarifies court proceedings report,NEUTRAL,NEUTRAL,,,,,,,,,,,,,,,,,,,,,,,,,,,,,,,,,,,,,,,,,,,,,,,,,,,,,
The News,Rahul slams ‘Narendra’s surrender’ as Amit Shah plays anti-Muslim politics,NEGATIVE,NEUTRAL,,,,,,,,,,,,,,,,,,,,,,,,,,,,,,,,,,,,,,,,,,,,,,,,,,,,,
The News,ADB okays $800m package for Pak fiscal reforms,NEUTRAL,POSITIVE,,,,,,,,,,,,,,,,,,,,,,,,,,,,,,,,,,,,,,,,,,,,,,,,,,,,,
The News,"Budget 2025-26: NA, Senate sessions on 10th",NEUTRAL,NEUTRAL,,,,,,,,,,,,,,,,,,,,,,,,,,,,,,,,,,,,,,,,,,,,,,,,,,,,,
The News,Sweeping policy changes planned in auto sector,NEUTRAL,NEUTRAL,,,,,,,,,,,,,,,,,,,,,,,,,,,,,,,,,,,,,,,,,,,,,,,,,,,,,
The News,"Country’s own, not foreign, capabilities used against India: CJCSC",NEUTRAL,NEUTRAL,,,,,,,,,,,,,,,,,,,,,,,,,,,,,,,,,,,,,,,,,,,,,,,,,,,,,
The News,India can talk to Pakistan if it takes significant action against terrorism: Tharoor,NEUTRAL,NEUTRAL,,,,,,,,,,,,,,,,,,,,,,,,,,,,,,,,,,,,,,,,,,,,,,,,,,,,,
The News,Russia says no quick breakthrough in ‘complex’ Ukraine talks,NEGATIVE,NEGATIVE,,,,,,,,,,,,,,,,,,,,,,,,,,,,,,,,,,,,,,,,,,,,,,,,,,,,,
The News,"Heatwaves are now a public health emergency, warn experts",NEGATIVE,NEUTRAL,,,,,,,,,,,,,,,,,,,,,,,,,,,,,,,,,,,,,,,,,,,,,,,,,,,,,
The News,Gang selling kids videos on dark web busted,NEGATIVE,NEGATIVE,,,,,,,,,,,,,,,,,,,,,,,,,,,,,,,,,,,,,,,,,,,,,,,,,,,,,
The News,3 FPSC members appointed,NEUTRAL,NEUTRAL,,,,,,,,,,,,,,,,,,,,,,,,,,,,,,,,,,,,,,,,,,,,,,,,,,,,,
The News,Woman gang-raped in front of husband,NEGATIVE,NEUTRAL,,,,,,,,,,,,,,,,,,,,,,,,,,,,,,,,,,,,,,,,,,,,,,,,,,,,,
The News,13-year-old maid tortured to death in Faisalabad,NEGATIVE,NEUTRAL,,,,,,,,,,,,,,,,,,,,,,,,,,,,,,,,,,,,,,,,,,,,,,,,,,,,,
The News,PHC grants bail to PTI leaders,NEUTRAL,NEUTRAL,,,,,,,,,,,,,,,,,,,,,,,,,,,,,,,,,,,,,,,,,,,,,,,,,,,,,
The News,Fafen report on PP-52 by-polls: Isolated procedural irregularities found,NEGATIVE,NEUTRAL,,,,,,,,,,,,,,,,,,,,,,,,,,,,,,,,,,,,,,,,,,,,,,,,,,,,,
The News,Naqvi opens helpline centre in NCCIA Headquarters,NEUTRAL,NEUTRAL,,,,,,,,,,,,,,,,,,,,,,,,,,,,,,,,,,,,,,,,,,,,,,,,,,,,,
The News,PTI’s Gill booked under Peca on cop’s complaint,NEUTRAL,NEGATIVE,,,,,,,,,,,,,,,,,,,,,,,,,,,,,,,,,,,,,,,,,,,,,,,,,,,,,
The News,Hearing in Toshakhana-II case adjourned,NEUTRAL,NEUTRAL,,,,,,,,,,,,,,,,,,,,,,,,,,,,,,,,,,,,,,,,,,,,,,,,,,,,,
The News,Meeting discusses Pak-Azeri railway ties,NEUTRAL,NEUTRAL,,,,,,,,,,,,,,,,,,,,,,,,,,,,,,,,,,,,,,,,,,,,,,,,,,,,,
The News,"Rabbani criticises crypto move without national debate, stakeholders input",NEGATIVE,NEUTRAL,,,,,,,,,,,,,,,,,,,,,,,,,,,,,,,,,,,,,,,,,,,,,,,,,,,,,
The News,"58,000 Pakistanis deported since 2023, MPs panel told: 5,600 deported for beggary from Saudi Arabia, Oman, Qatar",NEGATIVE,NEUTRAL,,,,,,,,,,,,,,,,,,,,,,,,,,,,,,,,,,,,,,,,,,,,,,,,,,,,,
The News,"Senate body calls for steps for safe, drug-free schools",NEUTRAL,NEUTRAL,,,,,,,,,,,,,,,,,,,,,,,,,,,,,,,,,,,,,,,,,,,,,,,,,,,,,
The News,"CPNE calls for unity, dialogue to fight censorship",NEUTRAL,NEUTRAL,,,,,,,,,,,,,,,,,,,,,,,,,,,,,,,,,,,,,,,,,,,,,,,,,,,,,
The News,Iran envoy proposes turning border into trade corridor,NEUTRAL,NEUTRAL,,,,,,,,,,,,,,,,,,,,,,,,,,,,,,,,,,,,,,,,,,,,,,,,,,,,,
The News,Shahrah-e-Bhutto’s Quaidabad section to open after Eid: CM,NEUTRAL,NEUTRAL,,,,,,,,,,,,,,,,,,,,,,,,,,,,,,,,,,,,,,,,,,,,,,,,,,,,,
The News,50 kids admitted as rehab centre for disabled children opened,NEUTRAL,NEUTRAL,,,,,,,,,,,,,,,,,,,,,,,,,,,,,,,,,,,,,,,,,,,,,,,,,,,,,
The News,"Sindh, NHMP join hands to curb overloading",NEUTRAL,NEUTRAL,,,,,,,,,,,,,,,,,,,,,,,,,,,,,,,,,,,,,,,,,,,,,,,,,,,,,
The News,Suspect killed in action against smuggling of hazardous waste,NEGATIVE,NEUTRAL,,,,,,,,,,,,,,,,,,,,,,,,,,,,,,,,,,,,,,,,,,,,,,,,,,,,,
The News,"Businessman, guard held for assaulting motorcyclist in DHA remanded in police custody",NEGATIVE,NEUTRAL,,,,,,,,,,,,,,,,,,,,,,,,,,,,,,,,,,,,,,,,,,,,,,,,,,,,,
The News,Chawla inaugurates Motor Registration Wing’s executive centre in Clifton,NEUTRAL,NEUTRAL,,,,,,,,,,,,,,,,,,,,,,,,,,,,,,,,,,,,,,,,,,,,,,,,,,,,,
The News,"LRN becomes first exam board in world to officially introduce AI subject in GCSE, A levels",NEUTRAL,NEUTRAL,,,,,,,,,,,,,,,,,,,,,,,,,,,,,,,,,,,,,,,,,,,,,,,,,,,,,
The News,Minister opens PHATA’s special monitoring unit,NEUTRAL,NEUTRAL,,,,,,,,,,,,,,,,,,,,,,,,,,,,,,,,,,,,,,,,,,,,,,,,,,,,,
The News,Qurbani awareness seminar,NEUTRAL,NEUTRAL,,,,,,,,,,,,,,,,,,,,,,,,,,,,,,,,,,,,,,,,,,,,,,,,,,,,,
The News,13 die on road in 24 hours,NEGATIVE,NEGATIVE,,,,,,,,,,,,,,,,,,,,,,,,,,,,,,,,,,,,,,,,,,,,,,,,,,,,,
The News,Governor links stability to political unity,NEUTRAL,NEUTRAL,,,,,,,,,,,,,,,,,,,,,,,,,,,,,,,,,,,,,,,,,,,,,,,,,,,,,
The News,GCU announces BS admissions for Fall,NEUTRAL,NEUTRAL,,,,,,,,,,,,,,,,,,,,,,,,,,,,,,,,,,,,,,,,,,,,,,,,,,,,,
The News,Approval of child protection policy lauded,NEUTRAL,POSITIVE,,,,,,,,,,,,,,,,,,,,,,,,,,,,,,,,,,,,,,,,,,,,,,,,,,,,,
The News,City receives scattered rain,NEUTRAL,NEUTRAL,,,,,,,,,,,,,,,,,,,,,,,,,,,,,,,,,,,,,,,,,,,,,,,,,,,,,
The News,Criminal killed in ‘encounter’,NEGATIVE,NEUTRAL,,,,,,,,,,,,,,,,,,,,,,,,,,,,,,,,,,,,,,,,,,,,,,,,,,,,,
The News,Biker hit to death by dumper,NEGATIVE,NEGATIVE,,,,,,,,,,,,,,,,,,,,,,,,,,,,,,,,,,,,,,,,,,,,,,,,,,,,,
The News,Measures to combat human trafficking highlighted,NEUTRAL,NEUTRAL,,,,,,,,,,,,,,,,,,,,,,,,,,,,,,,,,,,,,,,,,,,,,,,,,,,,,
The News,200 awarded degrees at AMC convocation,NEUTRAL,NEUTRAL,,,,,,,,,,,,,,,,,,,,,,,,,,,,,,,,,,,,,,,,,,,,,,,,,,,,,
The News,Pak students secure two of six OBR awards,NEUTRAL,POSITIVE,,,,,,,,,,,,,,,,,,,,,,,,,,,,,,,,,,,,,,,,,,,,,,,,,,,,,
The News,Veterinary camp,NEUTRAL,NEUTRAL,,,,,,,,,,,,,,,,,,,,,,,,,,,,,,,,,,,,,,,,,,,,,,,,,,,,,
The News,Jordanian envoy meets CDA chairman,NEUTRAL,NEUTRAL,,,,,,,,,,,,,,,,,,,,,,,,,,,,,,,,,,,,,,,,,,,,,,,,,,,,,
The News,NCSW condemns TikToker’s murder,NEGATIVE,NEGATIVE,,,,,,,,,,,,,,,,,,,,,,,,,,,,,,,,,,,,,,,,,,,,,,,,,,,,,
The News,FAPUASA condemns attack on ASA rights,NEGATIVE,NEUTRAL,,,,,,,,,,,,,,,,,,,,,,,,,,,,,,,,,,,,,,,,,,,,,,,,,,,,,
The News,Tracksuits given away to Islamabad’s students,NEUTRAL,NEUTRAL,,,,,,,,,,,,,,,,,,,,,,,,,,,,,,,,,,,,,,,,,,,,,,,,,,,,,
The News,"Water shortage in Quaid-e-Azam Colony, Ahmadabad",NEGATIVE,NEGATIVE,,,,,,,,,,,,,,,,,,,,,,,,,,,,,,,,,,,,,,,,,,,,,,,,,,,,,
The News,World Environment Day marked,NEUTRAL,NEUTRAL,,,,,,,,,,,,,,,,,,,,,,,,,,,,,,,,,,,,,,,,,,,,,,,,,,,,,
The News,Charity to slaughter animals for flood victims,NEGATIVE,NEUTRAL,,,,,,,,,,,,,,,,,,,,,,,,,,,,,,,,,,,,,,,,,,,,,,,,,,,,,
The News,PHC issues notices over poor sanitation,NEGATIVE,NEUTRAL,,,,,,,,,,,,,,,,,,,,,,,,,,,,,,,,,,,,,,,,,,,,,,,,,,,,,
The News,Hearing on petition against filming interviews of prisoners adjourned,NEUTRAL,NEUTRAL,,,,,,,,,,,,,,,,,,,,,,,,,,,,,,,,,,,,,,,,,,,,,,,,,,,,,
The News,Delay in road project flayed,NEGATIVE,NEUTRAL,,,,,,,,,,,,,,,,,,,,,,,,,,,,,,,,,,,,,,,,,,,,,,,,,,,,,
The News,MTI Tribunal suspends specialist registrar appointment at HMC,NEUTRAL,NEUTRAL,,,,,,,,,,,,,,,,,,,,,,,,,,,,,,,,,,,,,,,,,,,,,,,,,,,,,
The News,"QWP leader blasts PTI govt for misgovernance, corruption",NEGATIVE,NEGATIVE,,,,,,,,,,,,,,,,,,,,,,,,,,,,,,,,,,,,,,,,,,,,,,,,,,,,,
The News,Tribal elder shot dead,NEGATIVE,NEUTRAL,,,,,,,,,,,,,,,,,,,,,,,,,,,,,,,,,,,,,,,,,,,,,,,,,,,,,
The News,Blood donation camp arranged at PHCBA office,NEUTRAL,NEUTRAL,,,,,,,,,,,,,,,,,,,,,,,,,,,,,,,,,,,,,,,,,,,,,,,,,,,,,
The News,Four cops injured in Bajaur police station attack,NEGATIVE,NEUTRAL,,,,,,,,,,,,,,,,,,,,,,,,,,,,,,,,,,,,,,,,,,,,,,,,,,,,,
The News,Traders oppose plan to revive Food Street,NEGATIVE,NEUTRAL,,,,,,,,,,,,,,,,,,,,,,,,,,,,,,,,,,,,,,,,,,,,,,,,,,,,,
The News,Journalists union concerned at rising street crimes,NEGATIVE,NEGATIVE,,,,,,,,,,,,,,,,,,,,,,,,,,,,,,,,,,,,,,,,,,,,,,,,,,,,,
The News,Advanced clubfoot treatment training ends,NEUTRAL,NEUTRAL,,,,,,,,,,,,,,,,,,,,,,,,,,,,,,,,,,,,,,,,,,,,,,,,,,,,,
The News,Balambat Rehabilitation Centre serves as beacon of hope,POSITIVE,NEUTRAL,,,,,,,,,,,,,,,,,,,,,,,,,,,,,,,,,,,,,,,,,,,,,,,,,,,,,
The News,Man killed outside Jamrud hospital,NEGATIVE,NEGATIVE,,,,,,,,,,,,,,,,,,,,,,,,,,,,,,,,,,,,,,,,,,,,,,,,,,,,,
The News,Gang of extortionists busted in Mansehra,NEGATIVE,NEUTRAL,,,,,,,,,,,,,,,,,,,,,,,,,,,,,,,,,,,,,,,,,,,,,,,,,,,,,
The News,OCAC seeks Rs10 per litre OMC margin,NEUTRAL,NEUTRAL,,,,,,,,,,,,,,,,,,,,,,,,,,,,,,,,,,,,,,,,,,,,,,,,,,,,,
The News,CCP fines fertiliser sector Rs375m for price-fixing,NEGATIVE,NEGATIVE,,,,,,,,,,,,,,,,,,,,,,,,,,,,,,,,,,,,,,,,,,,,,,,,,,,,,
The News,"In Pakistan, corruption seen as enabler not deterrent for FDI: report",NEGATIVE,NEUTRAL,,,,,,,,,,,,,,,,,,,,,,,,,,,,,,,,,,,,,,,,,,,,,,,,,,,,,
The News,"KSE-100 gains 1,573 points, surges to all-time high",POSITIVE,NEUTRAL,,,,,,,,,,,,,,,,,,,,,,,,,,,,,,,,,,,,,,,,,,,,,,,,,,,,,
The News,Cement sales dip 1.94% in 11 months despite strong export growth,NEUTRAL,NEUTRAL,,,,,,,,,,,,,,,,,,,,,,,,,,,,,,,,,,,,,,,,,,,,,,,,,,,,,
The News,Rupee erases gains,NEUTRAL,NEUTRAL,,,,,,,,,,,,,,,,,,,,,,,,,,,,,,,,,,,,,,,,,,,,,,,,,,,,,
The News,"APTMA demands level playing field, removal of GST on local inputs",NEUTRAL,NEUTRAL,,,,,,,,,,,,,,,,,,,,,,,,,,,,,,,,,,,,,,,,,,,,,,,,,,,,,
The News,Eurozone inflation slows sharply in May,NEUTRAL,NEUTRAL,,,,,,,,,,,,,,,,,,,,,,,,,,,,,,,,,,,,,,,,,,,,,,,,,,,,,
The News,"Microsoft cuts hundreds more jobs after firing 6,000 last month",NEGATIVE,NEUTRAL,,,,,,,,,,,,,,,,,,,,,,,,,,,,,,,,,,,,,,,,,,,,,,,,,,,,,
The News,"Sindh minister promises SITE-CM meeting, announces connectivity for industrial zones",NEUTRAL,NEUTRAL,,,,,,,,,,,,,,,,,,,,,,,,,,,,,,,,,,,,,,,,,,,,,,,,,,,,,
The News,Pakistan aims to expand tobacco exports to Indonesia via trade webinar,NEUTRAL,NEUTRAL,,,,,,,,,,,,,,,,,,,,,,,,,,,,,,,,,,,,,,,,,,,,,,,,,,,,,
The News,"Gold rates rise Rs1,000 per tola",NEUTRAL,NEUTRAL,,,,,,,,,,,,,,,,,,,,,,,,,,,,,,,,,,,,,,,,,,,,,,,,,,,,,
The News,"Standard Chartered Pakistan, Emirates forge strategic partnership",NEUTRAL,POSITIVE,,,,,,,,,,,,,,,,,,,,,,,,,,,,,,,,,,,,,,,,,,,,,,,,,,,,,
The News,PTCL modernises data centre with Dell Technologies solutions,POSITIVE,NEUTRAL,,,,,,,,,,,,,,,,,,,,,,,,,,,,,,,,,,,,,,,,,,,,,,,,,,,,,
The News,MG Pakistan resumes vehicle deliveries after airlifting key components,NEUTRAL,NEUTRAL,,,,,,,,,,,,,,,,,,,,,,,,,,,,,,,,,,,,,,,,,,,,,,,,,,,,,
The News,"After Madrid penalty furore, football’s lawmakers rule for retakes",NEUTRAL,NEUTRAL,,,,,,,,,,,,,,,,,,,,,,,,,,,,,,,,,,,,,,,,,,,,,,,,,,,,,
The News,"PCB reschedules PSL-11, PSL-12 to adjust international series",NEUTRAL,NEUTRAL,,,,,,,,,,,,,,,,,,,,,,,,,,,,,,,,,,,,,,,,,,,,,,,,,,,,,
The News,"Van Rooyen, Leishman earn spots at Oakmont in final US Open qualifiying",NEUTRAL,NEUTRAL,,,,,,,,,,,,,,,,,,,,,,,,,,,,,,,,,,,,,,,,,,,,,,,,,,,,,
The News,PFF chief meets Chinese counterpart to strengthen football ties,NEUTRAL,POSITIVE,,,,,,,,,,,,,,,,,,,,,,,,,,,,,,,,,,,,,,,,,,,,,,,,,,,,,
The News,Brentford sign goalkeeper Kelleher from Liverpool,NEUTRAL,NEUTRAL,,,,,,,,,,,,,,,,,,,,,,,,,,,,,,,,,,,,,,,,,,,,,,,,,,,,,
The News,Lois Boisson: from unknown to great home hope at Roland Garros,POSITIVE,NEUTRAL,,,,,,,,,,,,,,,,,,,,,,,,,,,,,,,,,,,,,,,,,,,,,,,,,,,,,
The News,Ex-England boss Lancaster named Connacht head coach,NEUTRAL,NEUTRAL,,,,,,,,,,,,,,,,,,,,,,,,,,,,,,,,,,,,,,,,,,,,,,,,,,,,,
The News,Arif elected executive member of PFF,NEUTRAL,NEUTRAL,,,,,,,,,,,,,,,,,,,,,,,,,,,,,,,,,,,,,,,,,,,,,,,,,,,,,
The News,Swiatek and Sabalenka set up French Open clash,NEUTRAL,NEUTRAL,,,,,,,,,,,,,,,,,,,,,,,,,,,,,,,,,,,,,,,,,,,,,,,,,,,,,
The News,Contenders eye ‘big titles’ as Nations League final four kicks off,NEUTRAL,NEUTRAL,,,,,,,,,,,,,,,,,,,,,,,,,,,,,,,,,,,,,,,,,,,,,,,,,,,,,
The News,Ushna clinches ladies’ singles crown in Ranking Tennis,NEUTRAL,NEUTRAL,,,,,,,,,,,,,,,,,,,,,,,,,,,,,,,,,,,,,,,,,,,,,,,,,,,,,
The News,Govt launches sports initiative for FG schools’ students,NEUTRAL,POSITIVE,,,,,,,,,,,,,,,,,,,,,,,,,,,,,,,,,,,,,,,,,,,,,,,,,,,,,
The News,Former finalist Kyrgios out of Wimbledon with injury,NEUTRAL,NEUTRAL,,,,,,,,,,,,,,,,,,,,,,,,,,,,,,,,,,,,,,,,,,,,,,,,,,,,,
The News,PCB declares Islamabad Cricket Association defunct,NEUTRAL,NEUTRAL,,,,,,,,,,,,,,,,,,,,,,,,,,,,,,,,,,,,,,,,,,,,,,,,,,,,,
The News,FIFA’s inaugural Club World Cup set to kick off in the US amid challenges,NEUTRAL,NEUTRAL,,,,,,,,,,,,,,,,,,,,,,,,,,,,,,,,,,,,,,,,,,,,,,,,,,,,,
The News,Smoke from Canadian fires reaches Europe: EU climate monitor,NEUTRAL,NEUTRAL,,,,,,,,,,,,,,,,,,,,,,,,,,,,,,,,,,,,,,,,,,,,,,,,,,,,,
The News,Dutch museum rolls out 200-year-old condom,NEUTRAL,NEUTRAL,,,,,,,,,,,,,,,,,,,,,,,,,,,,,,,,,,,,,,,,,,,,,,,,,,,,,
The News,Saudi Arabia readies for ‘worst case scenario’ in sweltering Haj,NEGATIVE,NEUTRAL,,,,,,,,,,,,,,,,,,,,,,,,,,,,,,,,,,,,,,,,,,,,,,,,,,,,,
The News,Dutch government falls as far-right leader Wilders quits coalition,NEGATIVE,NEUTRAL,,,,,,,,,,,,,,,,,,,,,,,,,,,,,,,,,,,,,,,,,,,,,,,,,,,,,
The News,Trump seeks to reshape judiciary as first nominees face Senate,NEUTRAL,NEUTRAL,,,,,,,,,,,,,,,,,,,,,,,,,,,,,,,,,,,,,,,,,,,,,,,,,,,,,
The News,New Jersey mayor sues Trump officials over arrest at immigration centre,NEUTRAL,NEUTRAL,,,,,,,,,,,,,,,,,,,,,,,,,,,,,,,,,,,,,,,,,,,,,,,,,,,,,
The News,"DR Congo, Colombia, Latvia among new UNSC members",NEUTRAL,NEUTRAL,,,,,,,,,,,,,,,,,,,,,,,,,,,,,,,,,,,,,,,,,,,,,,,,,,,,,
The News,UN sees ‘alarming’ surge in Afghan families deported from Iran,NEGATIVE,NEUTRAL,,,,,,,,,,,,,,,,,,,,,,,,,,,,,,,,,,,,,,,,,,,,,,,,,,,,,
The News,Quran desecrated after theft from mosque in France: police,NEGATIVE,NEUTRAL,,,,,,,,,,,,,,,,,,,,,,,,,,,,,,,,,,,,,,,,,,,,,,,,,,,,,
The News,Over half of Europe and Mediterranean basin hit by drought in mid-May,NEGATIVE,NEUTRAL,,,,,,,,,,,,,,,,,,,,,,,,,,,,,,,,,,,,,,,,,,,,,,,,,,,,,
The News,Obama says Republicans are putting millions of Americans’ healthcare at risk,NEGATIVE,NEUTRAL,,,,,,,,,,,,,,,,,,,,,,,,,,,,,,,,,,,,,,,,,,,,,,,,,,,,,
The News,Pakistan to chair UN Taliban Sanctions Committee,NEUTRAL,NEUTRAL,,,,,,,,,,,,,,,,,,,,,,,,,,,,,,,,,,,,,,,,,,,,,,,,,,,,,
The News,BJP accuses Rahul of ‘treason’ over ‘surrender’ remark,NEGATIVE,NEUTRAL,,,,,,,,,,,,,,,,,,,,,,,,,,,,,,,,,,,,,,,,,,,,,,,,,,,,,
The News,Pak delegation earns praise for diplomacy at UN,POSITIVE,NEUTRAL,,,,,,,,,,,,,,,,,,,,,,,,,,,,,,,,,,,,,,,,,,,,,,,,,,,,,
The News,PM invites PTI’s Omar Ayub for consultation for appointing new ECP chief,NEUTRAL,NEUTRAL,,,,,,,,,,,,,,,,,,,,,,,,,,,,,,,,,,,,,,,,,,,,,,,,,,,,,
The News,"Govt eyes 7,000 MW power sale to industry, agri at 7 cents amid IMF talks",NEUTRAL,NEUTRAL,,,,,,,,,,,,,,,,,,,,,,,,,,,,,,,,,,,,,,,,,,,,,,,,,,,,,
The News,BUDGET FY26: Nothing escapes the taxman — except the privileged,NEUTRAL,NEUTRAL,,,,,,,,,,,,,,,,,,,,,,,,,,,,,,,,,,,,,,,,,,,,,,,,,,,,,
The News,Total national uplift outlay of Rs4.224tr approved,NEUTRAL,NEUTRAL,,,,,,,,,,,,,,,,,,,,,,,,,,,,,,,,,,,,,,,,,,,,,,,,,,,,,
The News,Bilawal hails US leadership’s efforts for peace building,NEUTRAL,NEUTRAL,,,,,,,,,,,,,,,,,,,,,,,,,,,,,,,,,,,,,,,,,,,,,,,,,,,,,
The News,14 India-backed terrorists killed in North Waziristan,NEGATIVE,NEUTRAL,,,,,,,,,,,,,,,,,,,,,,,,,,,,,,,,,,,,,,,,,,,,,,,,,,,,,
The News,Disqualification reference: ECP gives Omar Ayub time till July 1,NEUTRAL,NEUTRAL,,,,,,,,,,,,,,,,,,,,,,,,,,,,,,,,,,,,,,,,,,,,,,,,,,,,,
The News,"Pakistan, US discuss bitcoin integration into financial frameworks",NEUTRAL,NEUTRAL,,,,,,,,,,,,,,,,,,,,,,,,,,,,,,,,,,,,,,,,,,,,,,,,,,,,,
The News,More uplift funds will be doled out to lawmakers in budget,NEUTRAL,NEUTRAL,,,,,,,,,,,,,,,,,,,,,,,,,,,,,,,,,,,,,,,,,,,,,,,,,,,,,
The News,TI Pak report suggests key structural reforms,NEUTRAL,NEUTRAL,,,,,,,,,,,,,,,,,,,,,,,,,,,,,,,,,,,,,,,,,,,,,,,,,,,,,
The News,"Gas sector circular debt soars to Rs2,800bn, worries govt functionaries",NEGATIVE,NEUTRAL,,,,,,,,,,,,,,,,,,,,,,,,,,,,,,,,,,,,,,,,,,,,,,,,,,,,,
The News,"Pakistan sees exodus of 200,000 Afghans since crackdown began",NEGATIVE,NEUTRAL,,,,,,,,,,,,,,,,,,,,,,,,,,,,,,,,,,,,,,,,,,,,,,,,,,,,,
The News,Sindh utilises only 4.47% of federal development grant,NEUTRAL,NEUTRAL,,,,,,,,,,,,,,,,,,,,,,,,,,,,,,,,,,,,,,,,,,,,,,,,,,,,,
The News,"Tanweer Ahmed donor of NAMAL, SKMCH, NUST, but not linked to any party",NEUTRAL,NEUTRAL,,,,,,,,,,,,,,,,,,,,,,,,,,,,,,,,,,,,,,,,,,,,,,,,,,,,,
The News,Punjab Police tighten sexual crime probes with new procedure,NEUTRAL,NEUTRAL,,,,,,,,,,,,,,,,,,,,,,,,,,,,,,,,,,,,,,,,,,,,,,,,,,,,,
The News,India can’t disown Indus Waters Treaty: Mushahid,NEUTRAL,NEUTRAL,,,,,,,,,,,,,,,,,,,,,,,,,,,,,,,,,,,,,,,,,,,,,,,,,,,,,
The News,IHC gives deadline for comments in Peca case,NEUTRAL,NEUTRAL,,,,,,,,,,,,,,,,,,,,,,,,,,,,,,,,,,,,,,,,,,,,,,,,,,,,,
The News,"Naqvi meets Fazl, discusses overall political situation",NEUTRAL,NEUTRAL,,,,,,,,,,,,,,,,,,,,,,,,,,,,,,,,,,,,,,,,,,,,,,,,,,,,,
The News,Assistant commissioner abducted in Kech,NEUTRAL,NEUTRAL,,,,,,,,,,,,,,,,,,,,,,,,,,,,,,,,,,,,,,,,,,,,,,,,,,,,,
The News,"Aleema says Imran being pressured to accept govt, stay silent",NEUTRAL,NEGATIVE,,,,,,,,,,,,,,,,,,,,,,,,,,,,,,,,,,,,,,,,,,,,,,,,,,,,,
The News,Rabbani terms Musharraf’s indictment of Dr AQ Khan a shame,NEGATIVE,NEUTRAL,,,,,,,,,,,,,,,,,,,,,,,,,,,,,,,,,,,,,,,,,,,,,,,,,,,,,
The News,Balochistan Assembly passes ATA amended draft,NEUTRAL,NEUTRAL,,,,,,,,,,,,,,,,,,,,,,,,,,,,,,,,,,,,,,,,,,,,,,,,,,,,,
The News,Naegleria claims second life in Karachi in 2025,NEUTRAL,NEUTRAL,,,,,,,,,,,,,,,,,,,,,,,,,,,,,,,,,,,,,,,,,,,,,,,,,,,,,
The News,"Rs160bn proposed for 1,168 uplift schemes in Sindh budget",NEUTRAL,NEUTRAL,,,,,,,,,,,,,,,,,,,,,,,,,,,,,,,,,,,,,,,,,,,,,,,,,,,,,
The News,Three cops injured as they attempt to stop fleeing water tanker,NEGATIVE,NEUTRAL,,,,,,,,,,,,,,,,,,,,,,,,,,,,,,,,,,,,,,,,,,,,,,,,,,,,,
The News,Sindh govt advises VCs against travelling abroad with public funds,NEUTRAL,NEUTRAL,,,,,,,,,,,,,,,,,,,,,,,,,,,,,,,,,,,,,,,,,,,,,,,,,,,,,
The News,Home minister to personally supervise anti-narcotics task force,NEUTRAL,NEUTRAL,,,,,,,,,,,,,,,,,,,,,,,,,,,,,,,,,,,,,,,,,,,,,,,,,,,,,
The News,JI city chief challenges ‘unjust’ multi-year tariff for K-Electric,NEUTRAL,NEGATIVE,,,,,,,,,,,,,,,,,,,,,,,,,,,,,,,,,,,,,,,,,,,,,,,,,,,,,
The News,"Man attempts suicide after killing wife, son in Surjani",NEGATIVE,NEUTRAL,,,,,,,,,,,,,,,,,,,,,,,,,,,,,,,,,,,,,,,,,,,,,,,,,,,,,
The News,‘Shift in consumer attitudes essential for reducing plastic pollution in Pakistan’,NEUTRAL,NEUTRAL,,,,,,,,,,,,,,,,,,,,,,,,,,,,,,,,,,,,,,,,,,,,,,,,,,,,,
The News,Sindh growers demand solution to water distribution mismanagement,NEUTRAL,NEUTRAL,,,,,,,,,,,,,,,,,,,,,,,,,,,,,,,,,,,,,,,,,,,,,,,,,,,,,
The News,‘Sindh’s healthcare sector to undergo int’l standard-based grading’,NEUTRAL,POSITIVE,,,,,,,,,,,,,,,,,,,,,,,,,,,,,,,,,,,,,,,,,,,,,,,,,,,,,
The News,"Hours-long power cuts, water shortage making citizens’ lives miserable: Shahzad Qureshi",NEGATIVE,NEGATIVE,,,,,,,,,,,,,,,,,,,,,,,,,,,,,,,,,,,,,,,,,,,,,,,,,,,,,
The News,Dismissal from service: SC takes exception to lack of proper forums to deal with cases of private companies’ employees,NEUTRAL,NEUTRAL,,,,,,,,,,,,,,,,,,,,,,,,,,,,,,,,,,,,,,,,,,,,,,,,,,,,,
The News,Find out where your area stands: KE launches microsite for customers to know their power status,NEUTRAL,NEUTRAL,,,,,,,,,,,,,,,,,,,,,,,,,,,,,,,,,,,,,,,,,,,,,,,,,,,,,
The News,Police checkpost attacked with cracker bomb in Hyderabad,NEGATIVE,NEUTRAL,,,,,,,,,,,,,,,,,,,,,,,,,,,,,,,,,,,,,,,,,,,,,,,,,,,,,
The News,CITY PULSE,NEUTRAL,NEUTRAL,,,,,,,,,,,,,,,,,,,,,,,,,,,,,,,,,,,,,,,,,,,,,,,,,,,,,
The News,PINS starts providing MRI test facility to patients,NEUTRAL,POSITIVE,,,,,,,,,,,,,,,,,,,,,,,,,,,,,,,,,,,,,,,,,,,,,,,,,,,,,
The News,"5,017 criminals arrested in five months",NEGATIVE,NEUTRAL,,,,,,,,,,,,,,,,,,,,,,,,,,,,,,,,,,,,,,,,,,,,,,,,,,,,,
The News,Governor approves several bills,NEUTRAL,NEUTRAL,,,,,,,,,,,,,,,,,,,,,,,,,,,,,,,,,,,,,,,,,,,,,,,,,,,,,
The News,"Online cattle buying, selling made possible",NEUTRAL,POSITIVE,,,,,,,,,,,,,,,,,,,,,,,,,,,,,,,,,,,,,,,,,,,,,,,,,,,,,
The News,Partly cloudy forecast,NEUTRAL,NEUTRAL,,,,,,,,,,,,,,,,,,,,,,,,,,,,,,,,,,,,,,,,,,,,,,,,,,,,,
The News,LWMC intensifies sanitation efforts,NEUTRAL,NEUTRAL,,,,,,,,,,,,,,,,,,,,,,,,,,,,,,,,,,,,,,,,,,,,,,,,,,,,,
The News,Minister urges stakeholders to collaborate for achieving 6m cotton bales’ target,NEUTRAL,NEUTRAL,,,,,,,,,,,,,,,,,,,,,,,,,,,,,,,,,,,,,,,,,,,,,,,,,,,,,
The News,‘Pakistan on top among countries affected by climate change’,NEUTRAL,NEUTRAL,,,,,,,,,,,,,,,,,,,,,,,,,,,,,,,,,,,,,,,,,,,,,,,,,,,,,
The News,‘Sports key to promoting discipline among students’,NEUTRAL,NEUTRAL,,,,,,,,,,,,,,,,,,,,,,,,,,,,,,,,,,,,,,,,,,,,,,,,,,,,,
The News,World-class infrastructure provided in special economic zones: Shafay,POSITIVE,NEUTRAL,,,,,,,,,,,,,,,,,,,,,,,,,,,,,,,,,,,,,,,,,,,,,,,,,,,,,
The News,UHS approves summer schedule for affiliated institutions,NEUTRAL,NEUTRAL,,,,,,,,,,,,,,,,,,,,,,,,,,,,,,,,,,,,,,,,,,,,,,,,,,,,,
The News,"Police role in protecting lives, property of people highlighted",NEUTRAL,NEUTRAL,,,,,,,,,,,,,,,,,,,,,,,,,,,,,,,,,,,,,,,,,,,,,,,,,,,,,
The News,CM Summer Games Inter-District phase concludes,NEUTRAL,NEUTRAL,,,,,,,,,,,,,,,,,,,,,,,,,,,,,,,,,,,,,,,,,,,,,,,,,,,,,
The News,‘Children vulnerable to climate-aggravated illnesses’,NEGATIVE,POSITIVE,,,,,,,,,,,,,,,,,,,,,,,,,,,,,,,,,,,,,,,,,,,,,,,,,,,,,
The News,Varsities present solution to lead poisoning issue,NEUTRAL,NEUTRAL,,,,,,,,,,,,,,,,,,,,,,,,,,,,,,,,,,,,,,,,,,,,,,,,,,,,,
The News,"‘Tariff rationalisation to increase exports, jobs’",NEUTRAL,NEUTRAL,,,,,,,,,,,,,,,,,,,,,,,,,,,,,,,,,,,,,,,,,,,,,,,,,,,,,
The News,Environment Day marked with call to end plastic pollution,NEUTRAL,NEUTRAL,,,,,,,,,,,,,,,,,,,,,,,,,,,,,,,,,,,,,,,,,,,,,,,,,,,,,
The News,RWU hosts idea fest 2025,NEUTRAL,NEUTRAL,,,,,,,,,,,,,,,,,,,,,,,,,,,,,,,,,,,,,,,,,,,,,,,,,,,,,
The News,Schools to be modernised,NEUTRAL,NEUTRAL,,,,,,,,,,,,,,,,,,,,,,,,,,,,,,,,,,,,,,,,,,,,,,,,,,,,,
The News,CDA announces one month honorarium for employees on Eidul Azha,NEUTRAL,NEUTRAL,,,,,,,,,,,,,,,,,,,,,,,,,,,,,,,,,,,,,,,,,,,,,,,,,,,,,
The News,CTP to check overloading by PSVs,NEUTRAL,NEUTRAL,,,,,,,,,,,,,,,,,,,,,,,,,,,,,,,,,,,,,,,,,,,,,,,,,,,,,
The News,Captivating art exhibition,NEUTRAL,NEUTRAL,,,,,,,,,,,,,,,,,,,,,,,,,,,,,,,,,,,,,,,,,,,,,,,,,,,,,
The News,‘Friendship with Pakistan lives in hearts of children’,NEUTRAL,NEUTRAL,,,,,,,,,,,,,,,,,,,,,,,,,,,,,,,,,,,,,,,,,,,,,,,,,,,,,
The News,Optical lab launched at PIRS,NEUTRAL,POSITIVE,,,,,,,,,,,,,,,,,,,,,,,,,,,,,,,,,,,,,,,,,,,,,,,,,,,,,
The News,NCSW campaign for law on minimum marriage age,NEUTRAL,NEUTRAL,,,,,,,,,,,,,,,,,,,,,,,,,,,,,,,,,,,,,,,,,,,,,,,,,,,,,
The News,FAPUASA seeks PM intervention as govt condemns HEC to default,NEUTRAL,NEUTRAL,,,,,,,,,,,,,,,,,,,,,,,,,,,,,,,,,,,,,,,,,,,,,,,,,,,,,
The News,"IWCCI deepens trade ties with Türkiye, US",NEUTRAL,POSITIVE,,,,,,,,,,,,,,,,,,,,,,,,,,,,,,,,,,,,,,,,,,,,,,,,,,,,,
The News,"CDA launches Gandhara Heritage, Citizen Centre",NEUTRAL,NEUTRAL,,,,,,,,,,,,,,,,,,,,,,,,,,,,,,,,,,,,,,,,,,,,,,,,,,,,,
The News,"NUML signs MoUs for collaboration between academia, industry",NEUTRAL,NEUTRAL,,,,,,,,,,,,,,,,,,,,,,,,,,,,,,,,,,,,,,,,,,,,,,,,,,,,,
The News,Food Safety Day marked,NEUTRAL,NEUTRAL,,,,,,,,,,,,,,,,,,,,,,,,,,,,,,,,,,,,,,,,,,,,,,,,,,,,,
The News,"MOL Pakistan donates ambulances to Karak, Kohat",NEUTRAL,POSITIVE,,,,,,,,,,,,,,,,,,,,,,,,,,,,,,,,,,,,,,,,,,,,,,,,,,,,,
The News,"8,000 litres of spurious drinks seized",NEGATIVE,NEGATIVE,,,,,,,,,,,,,,,,,,,,,,,,,,,,,,,,,,,,,,,,,,,,,,,,,,,,,
The News,PM likely to inaugurate Hazesco in July,NEUTRAL,NEUTRAL,,,,,,,,,,,,,,,,,,,,,,,,,,,,,,,,,,,,,,,,,,,,,,,,,,,,,
The News,Journalists urged to promote transparency,NEUTRAL,NEUTRAL,,,,,,,,,,,,,,,,,,,,,,,,,,,,,,,,,,,,,,,,,,,,,,,,,,,,,
The News,Maid allegedly beaten to death,NEGATIVE,NEUTRAL,,,,,,,,,,,,,,,,,,,,,,,,,,,,,,,,,,,,,,,,,,,,,,,,,,,,,
The News,"After Pakistan downed Indian jets, Indonesia weighs purchase of China’s J-10s",NEUTRAL,NEUTRAL,,,,,,,,,,,,,,,,,,,,,,,,,,,,,,,,,,,,,,,,,,,,,,,,,,,,,
The News,Expanding missile threats and airspace closures are straining airlines,NEGATIVE,NEUTRAL,,,,,,,,,,,,,,,,,,,,,,,,,,,,,,,,,,,,,,,,,,,,,,,,,,,,,
The News,Public debt rises to Rs74.9tr ahead of FY26 budget,NEUTRAL,NEUTRAL,,,,,,,,,,,,,,,,,,,,,,,,,,,,,,,,,,,,,,,,,,,,,,,,,,,,,
The News,"Value-added textile sector urges PM to restore EFS, rejects tariff pressure from spinners",NEUTRAL,NEUTRAL,,,,,,,,,,,,,,,,,,,,,,,,,,,,,,,,,,,,,,,,,,,,,,,,,,,,,
The News,"PBF calls for GST exemption on local cotton, yarn to avert textile industry collapse",NEUTRAL,NEGATIVE,,,,,,,,,,,,,,,,,,,,,,,,,,,,,,,,,,,,,,,,,,,,,,,,,,,,,
The News,"Stocks up 1,348 points to another all-time high amid pre-budget rally",POSITIVE,NEUTRAL,,,,,,,,,,,,,,,,,,,,,,,,,,,,,,,,,,,,,,,,,,,,,,,,,,,,,
The News,Rupee falls for second day,NEGATIVE,NEUTRAL,,,,,,,,,,,,,,,,,,,,,,,,,,,,,,,,,,,,,,,,,,,,,,,,,,,,,
The News,"Illicit cigarette market overtakes formal sector, surges to 58%",NEUTRAL,NEGATIVE,,,,,,,,,,,,,,,,,,,,,,,,,,,,,,,,,,,,,,,,,,,,,,,,,,,,,
The News,Minister backs FPCCI’s call for national shipping lines,NEUTRAL,NEUTRAL,,,,,,,,,,,,,,,,,,,,,,,,,,,,,,,,,,,,,,,,,,,,,,,,,,,,,
The News,Karachi’s first scientific emissions inventory report launched,NEUTRAL,NEUTRAL,,,,,,,,,,,,,,,,,,,,,,,,,,,,,,,,,,,,,,,,,,,,,,,,,,,,,
The News,Easypaisa digitises cattle market transactions for Eidul Azha,NEUTRAL,POSITIVE,,,,,,,,,,,,,,,,,,,,,,,,,,,,,,,,,,,,,,,,,,,,,,,,,,,,,
The News,LCCI asks Punjab CM to intervene as RUDA tax hike threatens industry,NEGATIVE,NEUTRAL,,,,,,,,,,,,,,,,,,,,,,,,,,,,,,,,,,,,,,,,,,,,,,,,,,,,,
The News,Gold rates remain unchanged,NEUTRAL,NEUTRAL,,,,,,,,,,,,,,,,,,,,,,,,,,,,,,,,,,,,,,,,,,,,,,,,,,,,,
The News,NBP exceeds Rs 100bn in total outstanding loans that are secured against gold,NEUTRAL,POSITIVE,,,,,,,,,,,,,,,,,,,,,,,,,,,,,,,,,,,,,,,,,,,,,,,,,,,,,
The News,Faysal Bank champions women’s inclusion with internship programme,POSITIVE,POSITIVE,,,,,,,,,,,,,,,,,,,,,,,,,,,,,,,,,,,,,,,,,,,,,,,,,,,,,
The News,PFF VPs commit to unity and football development,POSITIVE,POSITIVE,,,,,,,,,,,,,,,,,,,,,,,,,,,,,,,,,,,,,,,,,,,,,,,,,,,,,
The News,World Boxing apologises to Khelif,NEUTRAL,NEUTRAL,,,,,,,,,,,,,,,,,,,,,,,,,,,,,,,,,,,,,,,,,,,,,,,,,,,,,
The News,Stead to exit after seven years as Black Caps search for new coach,NEUTRAL,POSITIVE,,,,,,,,,,,,,,,,,,,,,,,,,,,,,,,,,,,,,,,,,,,,,,,,,,,,,
The News,Pakistan players rise in T20I rankings,NEUTRAL,POSITIVE,,,,,,,,,,,,,,,,,,,,,,,,,,,,,,,,,,,,,,,,,,,,,,,,,,,,,
The News,Kluivert confident Indonesia will edge China in World Cup qualifier,NEUTRAL,POSITIVE,,,,,,,,,,,,,,,,,,,,,,,,,,,,,,,,,,,,,,,,,,,,,,,,,,,,,
The News,Kluivert confident Indonesia willedge China in World Cup qualifier,NEUTRAL,POSITIVE,,,,,,,,,,,,,,,,,,,,,,,,,,,,,,,,,,,,,,,,,,,,,,,,,,,,,
The News,Five challenges Ancelotti faces as Brazil reign kicks off,NEUTRAL,NEUTRAL,,,,,,,,,,,,,,,,,,,,,,,,,,,,,,,,,,,,,,,,,,,,,,,,,,,,,
The News,"Boisson continues dream French Open run, Djokovic, Sinner eye semis",NEUTRAL,NEUTRAL,,,,,,,,,,,,,,,,,,,,,,,,,,,,,,,,,,,,,,,,,,,,,,,,,,,,,
The News,Ageing Aqeel adds another feather to his cap,NEUTRAL,POSITIVE,,,,,,,,,,,,,,,,,,,,,,,,,,,,,,,,,,,,,,,,,,,,,,,,,,,,,
The News,"Reviving Pak sports glory top priority, says Pirzada",NEUTRAL,POSITIVE,,,,,,,,,,,,,,,,,,,,,,,,,,,,,,,,,,,,,,,,,,,,,,,,,,,,,
The News,Marsh back to lead Australia in WI T20s,NEUTRAL,POSITIVE,,,,,,,,,,,,,,,,,,,,,,,,,,,,,,,,,,,,,,,,,,,,,,,,,,,,,
The News,Virat Kohli dedicates Indian Premier League title to fans,NEUTRAL,POSITIVE,,,,,,,,,,,,,,,,,,,,,,,,,,,,,,,,,,,,,,,,,,,,,,,,,,,,,
The News,Pakistan bag bronze medal at CAVA League,NEUTRAL,POSITIVE,,,,,,,,,,,,,,,,,,,,,,,,,,,,,,,,,,,,,,,,,,,,,,,,,,,,,
The News,"Khamenei dismisses US nuclear proposal, vows to keep enriching uranium",NEUTRAL,NEUTRAL,,,,,,,,,,,,,,,,,,,,,,,,,,,,,,,,,,,,,,,,,,,,,,,,,,,,,
The News,Modi to visit held Kashmir to unveil strategic railway,NEUTRAL,NEUTRAL,,,,,,,,,,,,,,,,,,,,,,,,,,,,,,,,,,,,,,,,,,,,,,,,,,,,,
The News,Sweden to rent prison cells in Estonia as inmate numbers soar,NEUTRAL,NEUTRAL,,,,,,,,,,,,,,,,,,,,,,,,,,,,,,,,,,,,,,,,,,,,,,,,,,,,,
The News,Paris seeks personhood status for River Seine,NEUTRAL,NEUTRAL,,,,,,,,,,,,,,,,,,,,,,,,,,,,,,,,,,,,,,,,,,,,,,,,,,,,,
The News,Bangladesh govt revises definition of freedom fighter,NEUTRAL,NEUTRAL,,,,,,,,,,,,,,,,,,,,,,,,,,,,,,,,,,,,,,,,,,,,,,,,,,,,,
The News,India sets date of population and caste census,NEUTRAL,NEUTRAL,,,,,,,,,,,,,,,,,,,,,,,,,,,,,,,,,,,,,,,,,,,,,,,,,,,,,
The News,100 Democrats urge Trump officials to restore deportation relief for Afghans in US,NEUTRAL,NEGATIVE,,,,,,,,,,,,,,,,,,,,,,,,,,,,,,,,,,,,,,,,,,,,,,,,,,,,,
The News,Refugee camp schools at risk in Bangladesh in aid crisis,NEGATIVE,NEGATIVE,,,,,,,,,,,,,,,,,,,,,,,,,,,,,,,,,,,,,,,,,,,,,,,,,,,,,
The News,Around 100 dead cats found at Japan woman’s home,NEGATIVE,NEGATIVE,,,,,,,,,,,,,,,,,,,,,,,,,,,,,,,,,,,,,,,,,,,,,,,,,,,,,
The News,Pakistan has very strong leadership: Trump,POSITIVE,NEUTRAL,,,,,,,,,,,,,,,,,,,,,,,,,,,,,,,,,,,,,,,,,,,,,,,,,,,,,
The News,BUDGET FY26: A transformative path for FY26,NEUTRAL,NEUTRAL,,,,,,,,,,,,,,,,,,,,,,,,,,,,,,,,,,,,,,,,,,,,,,,,,,,,,
The News,Xi tells Trump they need to ‘correct course’ of US-China ties: state media,NEUTRAL,NEUTRAL,,,,,,,,,,,,,,,,,,,,,,,,,,,,,,,,,,,,,,,,,,,,,,,,,,,,,
The News,Omar urges NA speaker to form panel for appointing new CEC,NEUTRAL,NEUTRAL,,,,,,,,,,,,,,,,,,,,,,,,,,,,,,,,,,,,,,,,,,,,,,,,,,,,,
The News,"No final decision on changes to net metering policy, clarifies Power Division",NEUTRAL,NEUTRAL,,,,,,,,,,,,,,,,,,,,,,,,,,,,,,,,,,,,,,,,,,,,,,,,,,,,,
The News,"Nepra clears Rs50bn KE write-off, approves Rs2.99 per unit fuel relief",NEUTRAL,NEUTRAL,,,,,,,,,,,,,,,,,,,,,,,,,,,,,,,,,,,,,,,,,,,,,,,,,,,,,
The News,Notice,NEUTRAL,NEUTRAL,,,,,,,,,,,,,,,,,,,,,,,,,,,,,,,,,,,,,,,,,,,,,,,,,,,,,
The News,Asif warns of ‘pre-Simla’ reversion if India undermines IWT,NEUTRAL,NEUTRAL,,,,,,,,,,,,,,,,,,,,,,,,,,,,,,,,,,,,,,,,,,,,,,,,,,,,,
The News,Pakistan not among 12 nations hit by Trump travel ban,NEUTRAL,NEUTRAL,,,,,,,,,,,,,,,,,,,,,,,,,,,,,,,,,,,,,,,,,,,,,,,,,,,,,
The News,Govt approves construction of Danish varsity with £190m received from UK,NEUTRAL,NEUTRAL,,,,,,,,,,,,,,,,,,,,,,,,,,,,,,,,,,,,,,,,,,,,,,,,,,,,,
The News,"Tharoor-led Indian delegation surrounded, heckled in Washington",NEUTRAL,NEUTRAL,,,,,,,,,,,,,,,,,,,,,,,,,,,,,,,,,,,,,,,,,,,,,,,,,,,,,
The News,Discos get nod for Rs0.93 per unit recovery,NEUTRAL,NEUTRAL,,,,,,,,,,,,,,,,,,,,,,,,,,,,,,,,,,,,,,,,,,,,,,,,,,,,,
The News,Setback to PTI hopes for Imran’s release as £190m case adjourned till 11th,NEUTRAL,NEUTRAL,,,,,,,,,,,,,,,,,,,,,,,,,,,,,,,,,,,,,,,,,,,,,,,,,,,,,
The News,PM’s aide shares Pakistan’s crypto vision with US lawmakers,NEUTRAL,NEUTRAL,,,,,,,,,,,,,,,,,,,,,,,,,,,,,,,,,,,,,,,,,,,,,,,,,,,,,
The News,WB’s new poverty threshold pushes Pakistan’s poverty rate to 44.7%,NEUTRAL,NEUTRAL,,,,,,,,,,,,,,,,,,,,,,,,,,,,,,,,,,,,,,,,,,,,,,,,,,,,,
The News,"14% MNAs attend all sittings, 9% none during 16th NA session: Fafen­",NEUTRAL,NEUTRAL,,,,,,,,,,,,,,,,,,,,,,,,,,,,,,,,,,,,,,,,,,,,,,,,,,,,,
The News,Movement for Imran’s release after Eid: Asad Qaiser,NEUTRAL,NEUTRAL,,,,,,,,,,,,,,,,,,,,,,,,,,,,,,,,,,,,,,,,,,,,,,,,,,,,,
The News,"To avert dangers: Continuous monitoring needed for Pakistan’s 2,772 supra-glacial lakes, warn Italian experts",NEUTRAL,NEUTRAL,,,,,,,,,,,,,,,,,,,,,,,,,,,,,,,,,,,,,,,,,,,,,,,,,,,,,
The News,SC issues judges roster and cause list for next week,NEUTRAL,NEUTRAL,,,,,,,,,,,,,,,,,,,,,,,,,,,,,,,,,,,,,,,,,,,,,,,,,,,,,
The News,New masterpiece from Geo Films ‘Deemak’ being released today,POSITIVE,POSITIVE,,,,,,,,,,,,,,,,,,,,,,,,,,,,,,,,,,,,,,,,,,,,,,,,,,,,,
The News,Review plea filed against SC judgment on civilians’ military trial,NEUTRAL,NEUTRAL,,,,,,,,,,,,,,,,,,,,,,,,,,,,,,,,,,,,,,,,,,,,,,,,,,,,,
The News,"ATC judge sees ‘ambiguity’ in Malir jailbreak case, rejects police plea for 115 suspects’ remand",NEGATIVE,NEUTRAL,,,,,,,,,,,,,,,,,,,,,,,,,,,,,,,,,,,,,,,,,,,,,,,,,,,,,
The News,MQM-P worker shot at Liaquatabad teashop dies,NEGATIVE,NEUTRAL,,,,,,,,,,,,,,,,,,,,,,,,,,,,,,,,,,,,,,,,,,,,,,,,,,,,,
The News,Fugitive from Malir Jail commits suicide after releasing video statement,NEGATIVE,NEUTRAL,,,,,,,,,,,,,,,,,,,,,,,,,,,,,,,,,,,,,,,,,,,,,,,,,,,,,
The News,Mayor inaugurates SSWMB helpline,NEUTRAL,NEUTRAL,,,,,,,,,,,,,,,,,,,,,,,,,,,,,,,,,,,,,,,,,,,,,,,,,,,,,
The News,Gift from AKU’s first MBBS batch continues to boost health care,POSITIVE,POSITIVE,,,,,,,,,,,,,,,,,,,,,,,,,,,,,,,,,,,,,,,,,,,,,,,,,,,,,
The News,CBC finalises plan for Eid cleanliness,NEUTRAL,NEUTRAL,,,,,,,,,,,,,,,,,,,,,,,,,,,,,,,,,,,,,,,,,,,,,,,,,,,,,
The News,Sharjeel praises Bilawal’s bold diplomacy during foreign tour,POSITIVE,NEUTRAL,,,,,,,,,,,,,,,,,,,,,,,,,,,,,,,,,,,,,,,,,,,,,,,,,,,,,
The News,Procedure okayed for admissions to Class XI based on 9th grade results,NEUTRAL,NEUTRAL,,,,,,,,,,,,,,,,,,,,,,,,,,,,,,,,,,,,,,,,,,,,,,,,,,,,,
The News,24 artists showcase their artworks at ‘The New Wave’ exhibition,NEUTRAL,POSITIVE,,,,,,,,,,,,,,,,,,,,,,,,,,,,,,,,,,,,,,,,,,,,,,,,,,,,,
The News,SSGC celebrates World Environment Day,POSITIVE,NEUTRAL,,,,,,,,,,,,,,,,,,,,,,,,,,,,,,,,,,,,,,,,,,,,,,,,,,,,,
The News,Adiala prisoner enjoys meat every day: Azma,NEUTRAL,NEUTRAL,,,,,,,,,,,,,,,,,,,,,,,,,,,,,,,,,,,,,,,,,,,,,,,,,,,,,
The News,Queue management system at JHL inaugurated,NEUTRAL,NEUTRAL,,,,,,,,,,,,,,,,,,,,,,,,,,,,,,,,,,,,,,,,,,,,,,,,,,,,,
The News,PU results,NEUTRAL,NEUTRAL,,,,,,,,,,,,,,,,,,,,,,,,,,,,,,,,,,,,,,,,,,,,,,,,,,,,,
The News,Nadeem Chan’s two different stances in 10 years,NEUTRAL,NEUTRAL,,,,,,,,,,,,,,,,,,,,,,,,,,,,,,,,,,,,,,,,,,,,,,,,,,,,,
The News,"Punjab explores ways to increase rice production, exports",NEUTRAL,NEUTRAL,,,,,,,,,,,,,,,,,,,,,,,,,,,,,,,,,,,,,,,,,,,,,,,,,,,,,
The News,Minister orders LWMC workers to maintain cleanliness on Eid,NEUTRAL,NEUTRAL,,,,,,,,,,,,,,,,,,,,,,,,,,,,,,,,,,,,,,,,,,,,,,,,,,,,,
The News,"Transfer, posting in Prison Dept",NEUTRAL,NEUTRAL,,,,,,,,,,,,,,,,,,,,,,,,,,,,,,,,,,,,,,,,,,,,,,,,,,,,,
The News,UNDP delegation meets PWPA chairperson,NEUTRAL,NEUTRAL,,,,,,,,,,,,,,,,,,,,,,,,,,,,,,,,,,,,,,,,,,,,,,,,,,,,,
The News,Expedite house purchasing for families of martyred cops: minister,NEUTRAL,NEUTRAL,,,,,,,,,,,,,,,,,,,,,,,,,,,,,,,,,,,,,,,,,,,,,,,,,,,,,
The News,"Mir Khalil-ur-Rehman Memorial Society seminar: Stalled solar project leaves farmers, contractors in crisis",NEGATIVE,NEGATIVE,,,,,,,,,,,,,,,,,,,,,,,,,,,,,,,,,,,,,,,,,,,,,,,,,,,,,
The News,Crackdown on one-wheelers,NEUTRAL,NEUTRAL,,,,,,,,,,,,,,,,,,,,,,,,,,,,,,,,,,,,,,,,,,,,,,,,,,,,,
The News,People are talking about —,NEUTRAL,NEGATIVE,,,,,,,,,,,,,,,,,,,,,,,,,,,,,,,,,,,,,,,,,,,,,,,,,,,,,
The News,"BISP, WB discuss data sensitisation, social protection reforms",NEUTRAL,NEUTRAL,,,,,,,,,,,,,,,,,,,,,,,,,,,,,,,,,,,,,,,,,,,,,,,,,,,,,
The News,QAU pays partial salary due to financial cauldron,NEUTRAL,NEGATIVE,,,,,,,,,,,,,,,,,,,,,,,,,,,,,,,,,,,,,,,,,,,,,,,,,,,,,
The News,Omani bikers to embark on tour of northern areas,NEUTRAL,POSITIVE,,,,,,,,,,,,,,,,,,,,,,,,,,,,,,,,,,,,,,,,,,,,,,,,,,,,,
The News,Significant increase in diarrhoea cases,NEGATIVE,NEUTRAL,,,,,,,,,,,,,,,,,,,,,,,,,,,,,,,,,,,,,,,,,,,,,,,,,,,,,
The News,"Gilani, British High Commissioner discuss bilateral ties",NEUTRAL,NEUTRAL,,,,,,,,,,,,,,,,,,,,,,,,,,,,,,,,,,,,,,,,,,,,,,,,,,,,,
The News,"Kazakh envoy, Aleem discuss economic ties",NEUTRAL,POSITIVE,,,,,,,,,,,,,,,,,,,,,,,,,,,,,,,,,,,,,,,,,,,,,,,,,,,,,
The News,Mushaira held to pay tribute to army,NEUTRAL,NEUTRAL,,,,,,,,,,,,,,,,,,,,,,,,,,,,,,,,,,,,,,,,,,,,,,,,,,,,,
The News,Development of industrial sector key to curb unemployment: CM,NEUTRAL,NEUTRAL,,,,,,,,,,,,,,,,,,,,,,,,,,,,,,,,,,,,,,,,,,,,,,,,,,,,,
The News,"6,000 cops to be deployed in Hazara on Eid",NEUTRAL,NEUTRAL,,,,,,,,,,,,,,,,,,,,,,,,,,,,,,,,,,,,,,,,,,,,,,,,,,,,,
The News,SBP decision to cancel exchange company’s license nullified,NEUTRAL,NEUTRAL,,,,,,,,,,,,,,,,,,,,,,,,,,,,,,,,,,,,,,,,,,,,,,,,,,,,,
The News,Delay in release of funds for Chitral projects slammed,NEGATIVE,NEUTRAL,,,,,,,,,,,,,,,,,,,,,,,,,,,,,,,,,,,,,,,,,,,,,,,,,,,,,
The News,Three killed in Jamrud firing incident,NEGATIVE,NEUTRAL,,,,,,,,,,,,,,,,,,,,,,,,,,,,,,,,,,,,,,,,,,,,,,,,,,,,,
The News,Rehabilitation plan launched for chronic psychotic patients,NEUTRAL,POSITIVE,,,,,,,,,,,,,,,,,,,,,,,,,,,,,,,,,,,,,,,,,,,,,,,,,,,,,
The News,Last ruler of Swat remembered for services,NEUTRAL,NEUTRAL,,,,,,,,,,,,,,,,,,,,,,,,,,,,,,,,,,,,,,,,,,,,,,,,,,,,,
The News,Higher education reforms: Task force meeting arranged at KMU,NEUTRAL,NEUTRAL,,,,,,,,,,,,,,,,,,,,,,,,,,,,,,,,,,,,,,,,,,,,,,,,,,,,,
The News,World environment day marked,NEUTRAL,NEUTRAL,,,,,,,,,,,,,,,,,,,,,,,,,,,,,,,,,,,,,,,,,,,,,,,,,,,,,
The News,Judge orders release of 6 inmates,NEUTRAL,NEUTRAL,,,,,,,,,,,,,,,,,,,,,,,,,,,,,,,,,,,,,,,,,,,,,,,,,,,,,
The News,PPP leader granted bail,NEUTRAL,NEUTRAL,,,,,,,,,,,,,,,,,,,,,,,,,,,,,,,,,,,,,,,,,,,,,,,,,,,,,
The News,Chitral A win Polo Cup final,NEUTRAL,POSITIVE,,,,,,,,,,,,,,,,,,,,,,,,,,,,,,,,,,,,,,,,,,,,,,,,,,,,,
The News,Woman among adventurers summit highest peak in Siran,POSITIVE,NEUTRAL,,,,,,,,,,,,,,,,,,,,,,,,,,,,,,,,,,,,,,,,,,,,,,,,,,,,,
The News,PHC nullifies SBP’s cancellation of exchange company licence,NEUTRAL,NEUTRAL,,,,,,,,,,,,,,,,,,,,,,,,,,,,,,,,,,,,,,,,,,,,,,,,,,,,,
The News,"TDAP, GCCI boost collaboration to drive export growth",POSITIVE,NEUTRAL,,,,,,,,,,,,,,,,,,,,,,,,,,,,,,,,,,,,,,,,,,,,,,,,,,,,,
The News,PCDMA seeks relief from FBR over confusion surrounding new sales tax requirement,NEUTRAL,NEUTRAL,,,,,,,,,,,,,,,,,,,,,,,,,,,,,,,,,,,,,,,,,,,,,,,,,,,,,
The News,Central bank forex reserves fall by $7m to $11.51bn,NEUTRAL,NEUTRAL,,,,,,,,,,,,,,,,,,,,,,,,,,,,,,,,,,,,,,,,,,,,,,,,,,,,,
The News,Call for public consultation on draft prudential regulations for SME financing,NEUTRAL,NEUTRAL,,,,,,,,,,,,,,,,,,,,,,,,,,,,,,,,,,,,,,,,,,,,,,,,,,,,,
The News,KSE-100 down 158 points amid profit-taking,NEUTRAL,NEUTRAL,,,,,,,,,,,,,,,,,,,,,,,,,,,,,,,,,,,,,,,,,,,,,,,,,,,,,
The News,Rupee gains against dollar,NEUTRAL,NEUTRAL,,,,,,,,,,,,,,,,,,,,,,,,,,,,,,,,,,,,,,,,,,,,,,,,,,,,,
The News,Report analyses impact of solar imports on Pakistan’s power sector,NEUTRAL,NEUTRAL,,,,,,,,,,,,,,,,,,,,,,,,,,,,,,,,,,,,,,,,,,,,,,,,,,,,,
The News,"EU has existing tools to reduce pain of steel tariffs, says Thyssenkrupp executive",NEUTRAL,NEUTRAL,,,,,,,,,,,,,,,,,,,,,,,,,,,,,,,,,,,,,,,,,,,,,,,,,,,,,
The News,ECB cuts rates again but pause seen ahead,NEUTRAL,NEUTRAL,,,,,,,,,,,,,,,,,,,,,,,,,,,,,,,,,,,,,,,,,,,,,,,,,,,,,
The News,Next budget may blend support measures with fiscal tightening,NEUTRAL,NEUTRAL,,,,,,,,,,,,,,,,,,,,,,,,,,,,,,,,,,,,,,,,,,,,,,,,,,,,,
The News,Tesla shares down as Trump fires back at ally Musk,NEGATIVE,NEUTRAL,,,,,,,,,,,,,,,,,,,,,,,,,,,,,,,,,,,,,,,,,,,,,,,,,,,,,
The News,SBP issues nationwide licence to Halan Microfinance Bank,NEUTRAL,NEUTRAL,,,,,,,,,,,,,,,,,,,,,,,,,,,,,,,,,,,,,,,,,,,,,,,,,,,,,
The News,inDrive launches new business mode in Pakistan,NEUTRAL,NEUTRAL,,,,,,,,,,,,,,,,,,,,,,,,,,,,,,,,,,,,,,,,,,,,,,,,,,,,,
The News,"HBL Zarai Services, Bayer Pakistan sign MoU to empower farmers",NEUTRAL,NEUTRAL,,,,,,,,,,,,,,,,,,,,,,,,,,,,,,,,,,,,,,,,,,,,,,,,,,,,,
The News,Kohli ‘lost for words’ after 11 die celebrating Bengaluru IPL win,NEUTRAL,NEUTRAL,,,,,,,,,,,,,,,,,,,,,,,,,,,,,,,,,,,,,,,,,,,,,,,,,,,,,
The News,China suffer more World Cup heartbreak after Indonesia loss,NEGATIVE,NEUTRAL,,,,,,,,,,,,,,,,,,,,,,,,,,,,,,,,,,,,,,,,,,,,,,,,,,,,,
The News,Deschamps banking on France depth against ‘best in the world’ Spain,NEUTRAL,NEUTRAL,,,,,,,,,,,,,,,,,,,,,,,,,,,,,,,,,,,,,,,,,,,,,,,,,,,,,
The News,Former Sri Lanka spinner prosecuted for match-fixing,NEGATIVE,NEUTRAL,,,,,,,,,,,,,,,,,,,,,,,,,,,,,,,,,,,,,,,,,,,,,,,,,,,,,
The News,"Overton, Bethell back in England Test squad for first India Test",NEUTRAL,NEUTRAL,,,,,,,,,,,,,,,,,,,,,,,,,,,,,,,,,,,,,,,,,,,,,,,,,,,,,
The News,Pakistan head coach aims to build sustainable cricket legacy,NEUTRAL,NEUTRAL,,,,,,,,,,,,,,,,,,,,,,,,,,,,,,,,,,,,,,,,,,,,,,,,,,,,,
The News,"Training concludes, Pakistan hockey team to leave for Malaysia tomorrow",NEUTRAL,NEUTRAL,,,,,,,,,,,,,,,,,,,,,,,,,,,,,,,,,,,,,,,,,,,,,,,,,,,,,
The News,Ronaldo breaks Germany jinx as Portugal reach Nations League final,NEUTRAL,NEUTRAL,,,,,,,,,,,,,,,,,,,,,,,,,,,,,,,,,,,,,,,,,,,,,,,,,,,,,
The News,New Rangers boss Martin aims to win over fans as he targets Celtic crown,NEUTRAL,NEUTRAL,,,,,,,,,,,,,,,,,,,,,,,,,,,,,,,,,,,,,,,,,,,,,,,,,,,,,
The News,‘Italian genius’ Inzaghi to coach Saudi Arabia’s Al Hilal,NEUTRAL,NEUTRAL,,,,,,,,,,,,,,,,,,,,,,,,,,,,,,,,,,,,,,,,,,,,,,,,,,,,,
The News,‘Floating village’ to house thousands of Asian Games athletes,NEUTRAL,NEUTRAL,,,,,,,,,,,,,,,,,,,,,,,,,,,,,,,,,,,,,,,,,,,,,,,,,,,,,
The News,No England crisis ahead of Euros despite absence of star trio: Wiegman,NEUTRAL,NEUTRAL,,,,,,,,,,,,,,,,,,,,,,,,,,,,,,,,,,,,,,,,,,,,,,,,,,,,,
The News,"Nadir, Ali win titles at Essa Lab tennis championship",NEUTRAL,NEUTRAL,,,,,,,,,,,,,,,,,,,,,,,,,,,,,,,,,,,,,,,,,,,,,,,,,,,,,
The News,"Kean to miss Italy qualifers against Norway, Moldova",NEUTRAL,NEUTRAL,,,,,,,,,,,,,,,,,,,,,,,,,,,,,,,,,,,,,,,,,,,,,,,,,,,,,
The News,Japanese startup attempts Moon landing,NEUTRAL,NEUTRAL,,,,,,,,,,,,,,,,,,,,,,,,,,,,,,,,,,,,,,,,,,,,,,,,,,,,,
The News,West plans nuclear resolution against Iran: diplomats,NEUTRAL,NEUTRAL,,,,,,,,,,,,,,,,,,,,,,,,,,,,,,,,,,,,,,,,,,,,,,,,,,,,,
The News,"Trump says China deal done, Beijing to supply rare earths",NEUTRAL,NEUTRAL,,,,,,,,,,,,,,,,,,,,,,,,,,,,,,,,,,,,,,,,,,,,,,,,,,,,,
The News,"Levy imposed on locally manufactured, imported vehicles",NEUTRAL,NEUTRAL,,,,,,,,,,,,,,,,,,,,,,,,,,,,,,,,,,,,,,,,,,,,,,,,,,,,,
The News,KE seeks Rs4.69 per unit refund to consumers in July bills,NEUTRAL,NEUTRAL,,,,,,,,,,,,,,,,,,,,,,,,,,,,,,,,,,,,,,,,,,,,,,,,,,,,,
The News,"Minimizing compliance gap will help govt lower tax rates, says FBR chief",NEUTRAL,NEUTRAL,,,,,,,,,,,,,,,,,,,,,,,,,,,,,,,,,,,,,,,,,,,,,,,,,,,,,
The News,"Pakistan, India on brink of nuclear water war: Bilawal",NEUTRAL,NEUTRAL,,,,,,,,,,,,,,,,,,,,,,,,,,,,,,,,,,,,,,,,,,,,,,,,,,,,,
The News,JCP meeting to be held on June 19 at SC,NEUTRAL,NEUTRAL,,,,,,,,,,,,,,,,,,,,,,,,,,,,,,,,,,,,,,,,,,,,,,,,,,,,,
The News,ATC rejects police plea for Imran’s forensic tests,NEGATIVE,NEUTRAL,,,,,,,,,,,,,,,,,,,,,,,,,,,,,,,,,,,,,,,,,,,,,,,,,,,,,
The News,Govt backtracks on electricity bill surcharge,NEUTRAL,NEUTRAL,,,,,,,,,,,,,,,,,,,,,,,,,,,,,,,,,,,,,,,,,,,,,,,,,,,,,
The News,£190 million case: IHC adjourns case over judge’s leave,NEUTRAL,NEUTRAL,,,,,,,,,,,,,,,,,,,,,,,,,,,,,,,,,,,,,,,,,,,,,,,,,,,,,
The News,Pakistan rejects Jaishankar’s remarks,NEUTRAL,NEUTRAL,,,,,,,,,,,,,,,,,,,,,,,,,,,,,,,,,,,,,,,,,,,,,,,,,,,,,
The News,Remittances surge shows expats’ trust in govt: PM,NEUTRAL,POSITIVE,,,,,,,,,,,,,,,,,,,,,,,,,,,,,,,,,,,,,,,,,,,,,,,,,,,,,
The News,"Gandapur threatens armed march on Capital, to respond to bullets with bullets",NEGATIVE,NEUTRAL,,,,,,,,,,,,,,,,,,,,,,,,,,,,,,,,,,,,,,,,,,,,,,,,,,,,,
The News,COAS Asim Munir to attend US Army’s 250th anniversary in DC,NEUTRAL,NEUTRAL,,,,,,,,,,,,,,,,,,,,,,,,,,,,,,,,,,,,,,,,,,,,,,,,,,,,,
The News,Khawaja Asif criticises salary hike for top lawmakers,NEUTRAL,NEUTRAL,,,,,,,,,,,,,,,,,,,,,,,,,,,,,,,,,,,,,,,,,,,,,,,,,,,,,
The News,"Govt to resist boom-bust cycle for sustainable growth, says PM’s aide",NEUTRAL,NEUTRAL,,,,,,,,,,,,,,,,,,,,,,,,,,,,,,,,,,,,,,,,,,,,,,,,,,,,,
The News,"HIV cases double in a decade, only 16% getting treatment: economic survey",NEGATIVE,NEGATIVE,,,,,,,,,,,,,,,,,,,,,,,,,,,,,,,,,,,,,,,,,,,,,,,,,,,,,
The News,Why Pakistan must establish a drone army,NEGATIVE,NEUTRAL,,,,,,,,,,,,,,,,,,,,,,,,,,,,,,,,,,,,,,,,,,,,,,,,,,,,,
The News,Fire erupts in olive forest in Sherani,NEGATIVE,NEUTRAL,,,,,,,,,,,,,,,,,,,,,,,,,,,,,,,,,,,,,,,,,,,,,,,,,,,,,
The News,IHC to hear Farhatullah Babar’s plea today,NEUTRAL,NEUTRAL,,,,,,,,,,,,,,,,,,,,,,,,,,,,,,,,,,,,,,,,,,,,,,,,,,,,,
The News,Malir jailbreak exposes systemic flaws,NEGATIVE,NEGATIVE,,,,,,,,,,,,,,,,,,,,,,,,,,,,,,,,,,,,,,,,,,,,,,,,,,,,,
The News,PPP rejects 18% tax on solar panels,NEUTRAL,NEGATIVE,,,,,,,,,,,,,,,,,,,,,,,,,,,,,,,,,,,,,,,,,,,,,,,,,,,,,
The News,New taxes on digital transactions spark backlash,NEGATIVE,NEUTRAL,,,,,,,,,,,,,,,,,,,,,,,,,,,,,,,,,,,,,,,,,,,,,,,,,,,,,
The News,"Rabbani rejects ‘IMF-sponsored’ budget, terms finance minister ‘mere reader’",NEGATIVE,NEGATIVE,,,,,,,,,,,,,,,,,,,,,,,,,,,,,,,,,,,,,,,,,,,,,,,,,,,,,
The News,"Toshakhana-II case: Hearing against Imran, Bushra Bibi adjourned till July 1",NEUTRAL,NEUTRAL,,,,,,,,,,,,,,,,,,,,,,,,,,,,,,,,,,,,,,,,,,,,,,,,,,,,,
The News,SC moved against BHC verdict on arrest of Dr Mahrang Baloch,NEUTRAL,NEUTRAL,,,,,,,,,,,,,,,,,,,,,,,,,,,,,,,,,,,,,,,,,,,,,,,,,,,,,
The News,"PTI calls govt anti-farmer, sees nothing for farm sector in budget",NEGATIVE,NEGATIVE,,,,,,,,,,,,,,,,,,,,,,,,,,,,,,,,,,,,,,,,,,,,,,,,,,,,,
The News,Climate change mitigation gets Rs2.78bn out of PSDP outlay,NEUTRAL,NEUTRAL,,,,,,,,,,,,,,,,,,,,,,,,,,,,,,,,,,,,,,,,,,,,,,,,,,,,,
The News,‘No proposal in budget for poverty alleviation’,NEUTRAL,NEUTRAL,,,,,,,,,,,,,,,,,,,,,,,,,,,,,,,,,,,,,,,,,,,,,,,,,,,,,
The News,Asim Khan appointed KP CM’s special assistant,NEUTRAL,NEUTRAL,,,,,,,,,,,,,,,,,,,,,,,,,,,,,,,,,,,,,,,,,,,,,,,,,,,,,
The News,CTD arrests ‘two militants linked to banned outfit’,NEUTRAL,NEUTRAL,,,,,,,,,,,,,,,,,,,,,,,,,,,,,,,,,,,,,,,,,,,,,,,,,,,,,
The News,JI rejects proposed budgetary allocations for Karachi,NEGATIVE,NEUTRAL,,,,,,,,,,,,,,,,,,,,,,,,,,,,,,,,,,,,,,,,,,,,,,,,,,,,,
The News,Pakistan yet to take concrete steps to bring indigenous people into biodiversity plans,NEUTRAL,NEUTRAL,,,,,,,,,,,,,,,,,,,,,,,,,,,,,,,,,,,,,,,,,,,,,,,,,,,,,
The News,Water tanker kills two citizens in North Nazimabad,NEGATIVE,NEGATIVE,,,,,,,,,,,,,,,,,,,,,,,,,,,,,,,,,,,,,,,,,,,,,,,,,,,,,
The News,Court confirms bail of actor Nadia Hussain in fraud case,NEUTRAL,NEUTRAL,,,,,,,,,,,,,,,,,,,,,,,,,,,,,,,,,,,,,,,,,,,,,,,,,,,,,
The News,Ustad Abu Bakr honoured for winning second prize in prestigious IRCICA Calligraphy Competition,POSITIVE,NEUTRAL,,,,,,,,,,,,,,,,,,,,,,,,,,,,,,,,,,,,,,,,,,,,,,,,,,,,,
The News,SHC dismisses bail plea of exporter in drug smuggling case,NEGATIVE,NEUTRAL,,,,,,,,,,,,,,,,,,,,,,,,,,,,,,,,,,,,,,,,,,,,,,,,,,,,,
The News,Stagnant sewage on Jinnah Avenue disrupting traffic flow,NEGATIVE,NEUTRAL,,,,,,,,,,,,,,,,,,,,,,,,,,,,,,,,,,,,,,,,,,,,,,,,,,,,,
The News,HEC postpones interviews for DG post,NEUTRAL,NEUTRAL,,,,,,,,,,,,,,,,,,,,,,,,,,,,,,,,,,,,,,,,,,,,,,,,,,,,,
The News,"PTI demands release of Imran, Bushra in protest outside City Courts",NEUTRAL,NEUTRAL,,,,,,,,,,,,,,,,,,,,,,,,,,,,,,,,,,,,,,,,,,,,,,,,,,,,,
The News,Six arrested for assaulting policemen during brawl,NEGATIVE,NEUTRAL,,,,,,,,,,,,,,,,,,,,,,,,,,,,,,,,,,,,,,,,,,,,,,,,,,,,,
The News,CITY PULSE,NEUTRAL,NEUTRAL,,,,,,,,,,,,,,,,,,,,,,,,,,,,,,,,,,,,,,,,,,,,,,,,,,,,,
The News,"Pak–US ties based on mutual trust, says PA Speaker",NEUTRAL,POSITIVE,,,,,,,,,,,,,,,,,,,,,,,,,,,,,,,,,,,,,,,,,,,,,,,,,,,,,
The News,Two gunned down over land dispute,NEGATIVE,NEGATIVE,,,,,,,,,,,,,,,,,,,,,,,,,,,,,,,,,,,,,,,,,,,,,,,,,,,,,
The News,"Clean up Karachi’s garbage, Azma tells Sharjeel",NEGATIVE,NEUTRAL,,,,,,,,,,,,,,,,,,,,,,,,,,,,,,,,,,,,,,,,,,,,,,,,,,,,,
The News,CM summer games begin today,NEUTRAL,NEUTRAL,,,,,,,,,,,,,,,,,,,,,,,,,,,,,,,,,,,,,,,,,,,,,,,,,,,,,
The News,Heat wave to persist,NEUTRAL,NEUTRAL,,,,,,,,,,,,,,,,,,,,,,,,,,,,,,,,,,,,,,,,,,,,,,,,,,,,,
The News,Refusal to store meat in ice cream fridge: Man held for torturing shopkeeper,NEGATIVE,NEUTRAL,,,,,,,,,,,,,,,,,,,,,,,,,,,,,,,,,,,,,,,,,,,,,,,,,,,,,
The News,First Hajj flight arrives in City,NEUTRAL,NEUTRAL,,,,,,,,,,,,,,,,,,,,,,,,,,,,,,,,,,,,,,,,,,,,,,,,,,,,,
The News,10 die on road in 24 hours,NEGATIVE,NEUTRAL,,,,,,,,,,,,,,,,,,,,,,,,,,,,,,,,,,,,,,,,,,,,,,,,,,,,,
The News,"Farmers become self-sufficient, claims Kirmani",NEUTRAL,NEUTRAL,,,,,,,,,,,,,,,,,,,,,,,,,,,,,,,,,,,,,,,,,,,,,,,,,,,,,
The News,‘Excise dept surpasses Rs50bn target first time in history’,POSITIVE,POSITIVE,,,,,,,,,,,,,,,,,,,,,,,,,,,,,,,,,,,,,,,,,,,,,,,,,,,,,
The News,36 complainants get relief on ombudsperson’s orders,NEUTRAL,NEUTRAL,,,,,,,,,,,,,,,,,,,,,,,,,,,,,,,,,,,,,,,,,,,,,,,,,,,,,
The News,LWMC continues zero-waste operation,POSITIVE,NEUTRAL,,,,,,,,,,,,,,,,,,,,,,,,,,,,,,,,,,,,,,,,,,,,,,,,,,,,,
The News,PU entrance test on 15th,NEUTRAL,NEUTRAL,,,,,,,,,,,,,,,,,,,,,,,,,,,,,,,,,,,,,,,,,,,,,,,,,,,,,
The News,Bodies of two men found,NEUTRAL,NEUTRAL,,,,,,,,,,,,,,,,,,,,,,,,,,,,,,,,,,,,,,,,,,,,,,,,,,,,,
The News,Three injured in street quarrel,NEGATIVE,NEUTRAL,,,,,,,,,,,,,,,,,,,,,,,,,,,,,,,,,,,,,,,,,,,,,,,,,,,,,
The News,Islamabad celebrates a low-crime Eid,POSITIVE,NEUTRAL,,,,,,,,,,,,,,,,,,,,,,,,,,,,,,,,,,,,,,,,,,,,,,,,,,,,,
The News,Iesco receives more compliants with temperature increase,NEUTRAL,NEUTRAL,,,,,,,,,,,,,,,,,,,,,,,,,,,,,,,,,,,,,,,,,,,,,,,,,,,,,
The News,FAPUASA condemns freezing of HEC budget,NEGATIVE,NEGATIVE,,,,,,,,,,,,,,,,,,,,,,,,,,,,,,,,,,,,,,,,,,,,,,,,,,,,,
The News,"EU envoy, investment minister discuss ways to strengthen economic ties",NEUTRAL,POSITIVE,,,,,,,,,,,,,,,,,,,,,,,,,,,,,,,,,,,,,,,,,,,,,,,,,,,,,
The News,FJWU advances academic quality through RIPE evaluation initiative,POSITIVE,NEUTRAL,,,,,,,,,,,,,,,,,,,,,,,,,,,,,,,,,,,,,,,,,,,,,,,,,,,,,
The News,Severe heatwave triggers fire on Margalla Hills,NEGATIVE,NEUTRAL,,,,,,,,,,,,,,,,,,,,,,,,,,,,,,,,,,,,,,,,,,,,,,,,,,,,,
The News,PIMA expresses concern over health budget cuts,NEGATIVE,NEUTRAL,,,,,,,,,,,,,,,,,,,,,,,,,,,,,,,,,,,,,,,,,,,,,,,,,,,,,
The News,Senate internship okayed for varsity students,POSITIVE,NEUTRAL,,,,,,,,,,,,,,,,,,,,,,,,,,,,,,,,,,,,,,,,,,,,,,,,,,,,,
The News,CDA employees honoured,POSITIVE,NEUTRAL,,,,,,,,,,,,,,,,,,,,,,,,,,,,,,,,,,,,,,,,,,,,,,,,,,,,,
The News,Toru says federal budget to exacerbate inflation,NEGATIVE,NEGATIVE,,,,,,,,,,,,,,,,,,,,,,,,,,,,,,,,,,,,,,,,,,,,,,,,,,,,,
The News,Court extends bail of 3 PTI leaders,NEUTRAL,NEUTRAL,,,,,,,,,,,,,,,,,,,,,,,,,,,,,,,,,,,,,,,,,,,,,,,,,,,,,
The News,DIG’s daughter awarded for passing PMS,NEUTRAL,NEUTRAL,,,,,,,,,,,,,,,,,,,,,,,,,,,,,,,,,,,,,,,,,,,,,,,,,,,,,
The News,Saif terms budget nightmare for poor,NEGATIVE,NEUTRAL,,,,,,,,,,,,,,,,,,,,,,,,,,,,,,,,,,,,,,,,,,,,,,,,,,,,,
The News,KPEF to launch ‘Adopt a Scholar’ programme,NEUTRAL,POSITIVE,,,,,,,,,,,,,,,,,,,,,,,,,,,,,,,,,,,,,,,,,,,,,,,,,,,,,
The News,Tourist drowns while taking selfie,NEGATIVE,NEUTRAL,,,,,,,,,,,,,,,,,,,,,,,,,,,,,,,,,,,,,,,,,,,,,,,,,,,,,
The News,NAB assigns additional charge,NEUTRAL,NEUTRAL,,,,,,,,,,,,,,,,,,,,,,,,,,,,,,,,,,,,,,,,,,,,,,,,,,,,,
The News,APC in Swat opposes decision to convert hospital into MTI,NEGATIVE,NEUTRAL,,,,,,,,,,,,,,,,,,,,,,,,,,,,,,,,,,,,,,,,,,,,,,,,,,,,,
The News,Court restrains ACE from arresting ex-DG Health Services,NEUTRAL,NEUTRAL,,,,,,,,,,,,,,,,,,,,,,,,,,,,,,,,,,,,,,,,,,,,,,,,,,,,,
The News,Poor maintenance: Portion of Gor Khatri Archaeological Complex collapses,NEGATIVE,NEUTRAL,,,,,,,,,,,,,,,,,,,,,,,,,,,,,,,,,,,,,,,,,,,,,,,,,,,,,
The News,GKMC accredited for FCPS training,NEUTRAL,NEUTRAL,,,,,,,,,,,,,,,,,,,,,,,,,,,,,,,,,,,,,,,,,,,,,,,,,,,,,
The News,‘Several projects launched in Peshawar’,NEUTRAL,NEUTRAL,,,,,,,,,,,,,,,,,,,,,,,,,,,,,,,,,,,,,,,,,,,,,,,,,,,,,
The News,MNA demands reopening of roads in Kurram,NEUTRAL,NEUTRAL,,,,,,,,,,,,,,,,,,,,,,,,,,,,,,,,,,,,,,,,,,,,,,,,,,,,,
The News,Two alleged extortionists killed in Balakot,NEGATIVE,NEUTRAL,,,,,,,,,,,,,,,,,,,,,,,,,,,,,,,,,,,,,,,,,,,,,,,,,,,,,
The News,Cop punished for ‘dutifulness’,NEGATIVE,NEUTRAL,,,,,,,,,,,,,,,,,,,,,,,,,,,,,,,,,,,,,,,,,,,,,,,,,,,,,
The News,PIA expands MRO business with Air Karachi maintenance deal,NEUTRAL,NEUTRAL,,,,,,,,,,,,,,,,,,,,,,,,,,,,,,,,,,,,,,,,,,,,,,,,,,,,,
The News,Pakistan Solar Association demands govt reconsider proposed GST on solar panels,NEUTRAL,NEGATIVE,,,,,,,,,,,,,,,,,,,,,,,,,,,,,,,,,,,,,,,,,,,,,,,,,,,,,
The News,PBF slams budget for ignoring agriculture,NEGATIVE,NEGATIVE,,,,,,,,,,,,,,,,,,,,,,,,,,,,,,,,,,,,,,,,,,,,,,,,,,,,,
The News,OCAC raises concerns over continued GST exemption on petroleum products,NEUTRAL,NEUTRAL,,,,,,,,,,,,,,,,,,,,,,,,,,,,,,,,,,,,,,,,,,,,,,,,,,,,,
The News,Govt raises Rs853bn via T-bills auction,NEUTRAL,NEUTRAL,,,,,,,,,,,,,,,,,,,,,,,,,,,,,,,,,,,,,,,,,,,,,,,,,,,,,
The News,"SECP registers record 3,609 new firms in May",NEUTRAL,NEUTRAL,,,,,,,,,,,,,,,,,,,,,,,,,,,,,,,,,,,,,,,,,,,,,,,,,,,,,
The News,"Pakistan’s plan to sharply increase growth faces headwinds, analysts say",NEUTRAL,NEUTRAL,,,,,,,,,,,,,,,,,,,,,,,,,,,,,,,,,,,,,,,,,,,,,,,,,,,,,
The News,Rupee falls against dollar,NEUTRAL,NEUTRAL,,,,,,,,,,,,,,,,,,,,,,,,,,,,,,,,,,,,,,,,,,,,,,,,,,,,,
The News,"IT industry calls for policy continuity, tax relief to meet $25bn export goal",NEUTRAL,NEUTRAL,,,,,,,,,,,,,,,,,,,,,,,,,,,,,,,,,,,,,,,,,,,,,,,,,,,,,
The News,"PCDMA lauds tax relief for salaried class, flags concerns over enforcement powers",NEUTRAL,NEUTRAL,,,,,,,,,,,,,,,,,,,,,,,,,,,,,,,,,,,,,,,,,,,,,,,,,,,,,
The News,APTMA commends govt for imposing 18% sales tax on imported cotton yarn to ensure level playing field,NEUTRAL,NEUTRAL,,,,,,,,,,,,,,,,,,,,,,,,,,,,,,,,,,,,,,,,,,,,,,,,,,,,,
The News,"PCJCCI welcomes Budget 2025-26, cites progress on CPEC",POSITIVE,POSITIVE,,,,,,,,,,,,,,,,,,,,,,,,,,,,,,,,,,,,,,,,,,,,,,,,,,,,,
The News,"SAI chief calls for faster refunds, digital reforms to support industry growth",NEUTRAL,NEUTRAL,,,,,,,,,,,,,,,,,,,,,,,,,,,,,,,,,,,,,,,,,,,,,,,,,,,,,
The News,"Pakistan, US discuss boosting cotton trade, textile cooperation",NEUTRAL,NEUTRAL,,,,,,,,,,,,,,,,,,,,,,,,,,,,,,,,,,,,,,,,,,,,,,,,,,,,,
The News,Gold rates rise Rs600 per tola,NEUTRAL,NEUTRAL,,,,,,,,,,,,,,,,,,,,,,,,,,,,,,,,,,,,,,,,,,,,,,,,,,,,,
The News,Australia reach World Cup as Palestinian dreams ended,NEUTRAL,NEUTRAL,,,,,,,,,,,,,,,,,,,,,,,,,,,,,,,,,,,,,,,,,,,,,,,,,,,,,
The News,Olympic champ O’Callaghan in tears after 200m freestyle win at Australian trials,NEUTRAL,NEUTRAL,,,,,,,,,,,,,,,,,,,,,,,,,,,,,,,,,,,,,,,,,,,,,,,,,,,,,
The News,Scheffler set for ‘hardest’ test at Oakmont for US Open,NEUTRAL,NEUTRAL,,,,,,,,,,,,,,,,,,,,,,,,,,,,,,,,,,,,,,,,,,,,,,,,,,,,,
The News,"More than 30,000 players registered under PM’s Youth Programme",NEUTRAL,NEUTRAL,,,,,,,,,,,,,,,,,,,,,,,,,,,,,,,,,,,,,,,,,,,,,,,,,,,,,
The News,A step too far? New Club World Cup set to have far-reaching impact on football,NEUTRAL,NEUTRAL,,,,,,,,,,,,,,,,,,,,,,,,,,,,,,,,,,,,,,,,,,,,,,,,,,,,,
The News,Reijnders in time for Club World Cup,NEUTRAL,NEUTRAL,,,,,,,,,,,,,,,,,,,,,,,,,,,,,,,,,,,,,,,,,,,,,,,,,,,,,
The News,Australia topple South Africa’s top order in WTC final fight back,NEUTRAL,NEUTRAL,,,,,,,,,,,,,,,,,,,,,,,,,,,,,,,,,,,,,,,,,,,,,,,,,,,,,
The News,PCB confirms no change in selection committee,NEUTRAL,NEUTRAL,,,,,,,,,,,,,,,,,,,,,,,,,,,,,,,,,,,,,,,,,,,,,,,,,,,,,
The News,PCB grants NOCs to 13 players for overseas leagues,NEUTRAL,NEUTRAL,,,,,,,,,,,,,,,,,,,,,,,,,,,,,,,,,,,,,,,,,,,,,,,,,,,,,
The News,WTA gives ranking protection for players who freeze eggs,NEUTRAL,NEUTRAL,,,,,,,,,,,,,,,,,,,,,,,,,,,,,,,,,,,,,,,,,,,,,,,,,,,,,
The News,Misbah-ul-Haq in consideration for Test head coach role,NEUTRAL,NEUTRAL,,,,,,,,,,,,,,,,,,,,,,,,,,,,,,,,,,,,,,,,,,,,,,,,,,,,,
The News,PCB plans Tri-Nation T20 series with Afghanistan and UAE,NEUTRAL,NEUTRAL,,,,,,,,,,,,,,,,,,,,,,,,,,,,,,,,,,,,,,,,,,,,,,,,,,,,,
The News,Pakistan pacers rise in ICC T20I Rankings,NEUTRAL,NEUTRAL,,,,,,,,,,,,,,,,,,,,,,,,,,,,,,,,,,,,,,,,,,,,,,,,,,,,,
The News,How teams have qualified for the Club World Cup,NEUTRAL,NEUTRAL,,,,,,,,,,,,,,,,,,,,,,,,,,,,,,,,,,,,,,,,,,,,,,,,,,,,,
The News,Turkiye to export 48 fighter jets to Indonesia: Erdogan,NEUTRAL,NEUTRAL,,,,,,,,,,,,,,,,,,,,,,,,,,,,,,,,,,,,,,,,,,,,,,,,,,,,,
The News,Writer first to die under Italy fast-track assisted suicide law,NEGATIVE,NEUTRAL,,,,,,,,,,,,,,,,,,,,,,,,,,,,,,,,,,,,,,,,,,,,,,,,,,,,,
The News,Eight dead as migrants forced off boat near Djibouti: IOM,NEGATIVE,NEUTRAL,,,,,,,,,,,,,,,,,,,,,,,,,,,,,,,,,,,,,,,,,,,,,,,,,,,,,
The News,French teens on trial in France over rape of Jewish girl,NEGATIVE,NEUTRAL,,,,,,,,,,,,,,,,,,,,,,,,,,,,,,,,,,,,,,,,,,,,,,,,,,,,,
The News,Afghan knife attack suspect faces German psychiatric detention,NEGATIVE,NEUTRAL,,,,,,,,,,,,,,,,,,,,,,,,,,,,,,,,,,,,,,,,,,,,,,,,,,,,,
The News,"UK to tackle asylum backlog, saving ‘£1 bn a year’",NEUTRAL,NEUTRAL,,,,,,,,,,,,,,,,,,,,,,,,,,,,,,,,,,,,,,,,,,,,,,,,,,,,,
The News,"Despite progress, world still had 138m child labourers in 2024: UN",NEUTRAL,NEUTRAL,,,,,,,,,,,,,,,,,,,,,,,,,,,,,,,,,,,,,,,,,,,,,,,,,,,,,
The News,"Musk regrets some of his Trump criticisms, says they ‘went too far’",NEGATIVE,NEGATIVE,,,,,,,,,,,,,,,,,,,,,,,,,,,,,,,,,,,,,,,,,,,,,,,,,,,,,
The News,Kosovo says agreed to host migrants deported from US,NEUTRAL,NEUTRAL,,,,,,,,,,,,,,,,,,,,,,,,,,,,,,,,,,,,,,,,,,,,,,,,,,,,,
The News,France school stabbing suspect said wanted to kill campus monitor: prosecutor,NEGATIVE,NEUTRAL,,,,,,,,,,,,,,,,,,,,,,,,,,,,,,,,,,,,,,,,,,,,,,,,,,,,,
The News,Fire at Iran petrochemical plant kills three,NEGATIVE,NEUTRAL,,,,,,,,,,,,,,,,,,,,,,,,,,,,,,,,,,,,,,,,,,,,,,,,,,,,,
The News,US favourability tumbles since Trump return: global survey,NEGATIVE,NEUTRAL,,,,,,,,,,,,,,,,,,,,,,,,,,,,,,,,,,,,,,,,,,,,,,,,,,,,,
The News,US preparing to partially evacuate Iraq embassy over regional security risks,NEUTRAL,NEUTRAL,,,,,,,,,,,,,,,,,,,,,,,,,,,,,,,,,,,,,,,,,,,,,,,,,,,,,
The News,Guantanamo inmates accuse UK of ‘complicity’ in CIA torture,NEGATIVE,NEUTRAL,,,,,,,,,,,,,,,,,,,,,,,,,,,,,,,,,,,,,,,,,,,,,,,,,,,,,
The News,Police make arrests in Los Angeles during nighttime curfew,NEUTRAL,NEUTRAL,,,,,,,,,,,,,,,,,,,,,,,,,,,,,,,,,,,,,,,,,,,,,,,,,,,,,
The News,Whither austerity drive?,NEUTRAL,NEUTRAL,,,,,,,,,,,,,,,,,,,,,,,,,,,,,,,,,,,,,,,,,,,,,,,,,,,,,
The News,Telco to pay Rs22bn taxes after IHC verdict,NEUTRAL,NEUTRAL,,,,,,,,,,,,,,,,,,,,,,,,,,,,,,,,,,,,,,,,,,,,,,,,,,,,,
The News,Survivor of Air India crash jumped out of emergency exit,NEUTRAL,NEUTRAL,,,,,,,,,,,,,,,,,,,,,,,,,,,,,,,,,,,,,,,,,,,,,,,,,,,,,
The News,Pakistan to secure $2bn commercial financing this month: Aurangzeb,NEUTRAL,NEUTRAL,,,,,,,,,,,,,,,,,,,,,,,,,,,,,,,,,,,,,,,,,,,,,,,,,,,,,
The News,Trump offers arbitration over Kashmir,NEUTRAL,NEUTRAL,,,,,,,,,,,,,,,,,,,,,,,,,,,,,,,,,,,,,,,,,,,,,,,,,,,,,
The News,Pakistan slips to last on WEF Gender Gap Report,NEGATIVE,NEUTRAL,,,,,,,,,,,,,,,,,,,,,,,,,,,,,,,,,,,,,,,,,,,,,,,,,,,,,
The News,IHC stops auction of Bahria Town’s property,NEUTRAL,NEUTRAL,,,,,,,,,,,,,,,,,,,,,,,,,,,,,,,,,,,,,,,,,,,,,,,,,,,,,
The News,PBS defends 2.68% GDP growth amid data controversy,NEUTRAL,NEUTRAL,,,,,,,,,,,,,,,,,,,,,,,,,,,,,,,,,,,,,,,,,,,,,,,,,,,,,
The News,"Rs1,275bn power sector loan: Consumers to pay Rs3.23 per unit debt surcharge for 6 more years",NEUTRAL,NEUTRAL,,,,,,,,,,,,,,,,,,,,,,,,,,,,,,,,,,,,,,,,,,,,,,,,,,,,,
The News,Reforms averted default: Ahsan,NEUTRAL,NEUTRAL,,,,,,,,,,,,,,,,,,,,,,,,,,,,,,,,,,,,,,,,,,,,,,,,,,,,,
The News,IMF rejection stalls $6bn refinery upgrade investments,NEGATIVE,NEUTRAL,,,,,,,,,,,,,,,,,,,,,,,,,,,,,,,,,,,,,,,,,,,,,,,,,,,,,
The News,Maryam launches Pakistan’s first virtual centre for child safety,NEUTRAL,NEUTRAL,,,,,,,,,,,,,,,,,,,,,,,,,,,,,,,,,,,,,,,,,,,,,,,,,,,,,
The News,Salaries of govt officials: how Pakistan and India stack up,NEUTRAL,NEUTRAL,,,,,,,,,,,,,,,,,,,,,,,,,,,,,,,,,,,,,,,,,,,,,,,,,,,,,
The News,Air India crash makes 2025 deadliest for air travel in years: report,NEGATIVE,NEUTRAL,,,,,,,,,,,,,,,,,,,,,,,,,,,,,,,,,,,,,,,,,,,,,,,,,,,,,
The News,Ex-CIA analyst Asif Rahman jailed for 37 months for leaking Iran attack plans,NEGATIVE,NEUTRAL,,,,,,,,,,,,,,,,,,,,,,,,,,,,,,,,,,,,,,,,,,,,,,,,,,,,,
The News,Girl shot dead for rejecting marriage proposal,NEGATIVE,NEUTRAL,,,,,,,,,,,,,,,,,,,,,,,,,,,,,,,,,,,,,,,,,,,,,,,,,,,,,
The News,Sindh PAC holds 97 sittings in 10 months; recovers Rs16bn,NEUTRAL,NEUTRAL,,,,,,,,,,,,,,,,,,,,,,,,,,,,,,,,,,,,,,,,,,,,,,,,,,,,,
The News,"Chewing tobacco, tea consumption linked to Pakistan’s oral cancer surge",NEGATIVE,NEUTRAL,,,,,,,,,,,,,,,,,,,,,,,,,,,,,,,,,,,,,,,,,,,,,,,,,,,,,
The News,Tribal dispute claims four lives,NEGATIVE,NEUTRAL,,,,,,,,,,,,,,,,,,,,,,,,,,,,,,,,,,,,,,,,,,,,,,,,,,,,,
The News,Rabbani slams finance minister for ‘threatening’ parliament,NEGATIVE,NEUTRAL,,,,,,,,,,,,,,,,,,,,,,,,,,,,,,,,,,,,,,,,,,,,,,,,,,,,,
The News,"PTI slams govt for derailing economy, accuses it of data manipulation",NEGATIVE,NEGATIVE,,,,,,,,,,,,,,,,,,,,,,,,,,,,,,,,,,,,,,,,,,,,,,,,,,,,,
The News,Talent knows no geography: CSA expands CSS training to Balochistan,NEUTRAL,POSITIVE,,,,,,,,,,,,,,,,,,,,,,,,,,,,,,,,,,,,,,,,,,,,,,,,,,,,,
The News,"Irfan Siddiqui, Ambassador Neziroglu discuss inter-parliamentary cooperation",NEUTRAL,NEUTRAL,,,,,,,,,,,,,,,,,,,,,,,,,,,,,,,,,,,,,,,,,,,,,,,,,,,,,
The News,CII chairman recalls services of Dr Sarfraz Naeemi,NEUTRAL,NEUTRAL,,,,,,,,,,,,,,,,,,,,,,,,,,,,,,,,,,,,,,,,,,,,,,,,,,,,,
The News,IHC restrains FIA from action against Farhatullah Babar,NEUTRAL,NEUTRAL,,,,,,,,,,,,,,,,,,,,,,,,,,,,,,,,,,,,,,,,,,,,,,,,,,,,,
The News,Police firing kills woman at Gilgit hospital,NEGATIVE,NEGATIVE,,,,,,,,,,,,,,,,,,,,,,,,,,,,,,,,,,,,,,,,,,,,,,,,,,,,,
The News,Allama Raja Nasir Abbas acquitted in 2014 sit-in case,NEUTRAL,NEUTRAL,,,,,,,,,,,,,,,,,,,,,,,,,,,,,,,,,,,,,,,,,,,,,,,,,,,,,
The News,KP police warehouses: SC seeks complete report on all case-property vehicles,NEUTRAL,NEUTRAL,,,,,,,,,,,,,,,,,,,,,,,,,,,,,,,,,,,,,,,,,,,,,,,,,,,,,
The News,Finishing Polyclinic expansion early to ease hospitals’ load in capital: minister,NEUTRAL,NEUTRAL,,,,,,,,,,,,,,,,,,,,,,,,,,,,,,,,,,,,,,,,,,,,,,,,,,,,,
The News,"Sindh govt determined to eradicate child labour, says CM",NEUTRAL,NEUTRAL,,,,,,,,,,,,,,,,,,,,,,,,,,,,,,,,,,,,,,,,,,,,,,,,,,,,,
The News,Bail plea of five men held for ‘cutting mangroves’ dismissed,NEGATIVE,NEUTRAL,,,,,,,,,,,,,,,,,,,,,,,,,,,,,,,,,,,,,,,,,,,,,,,,,,,,,
The News,Murad to unveil Sindh budget for 2025-26 today,NEUTRAL,NEUTRAL,,,,,,,,,,,,,,,,,,,,,,,,,,,,,,,,,,,,,,,,,,,,,,,,,,,,,
The News,"Two suspected robbers killed, one injured in police encounter in Gulshan-e-Iqbal",NEGATIVE,NEUTRAL,,,,,,,,,,,,,,,,,,,,,,,,,,,,,,,,,,,,,,,,,,,,,,,,,,,,,
The News,SHC dismisses plea of contract employees seeking job regularisation,NEGATIVE,NEUTRAL,,,,,,,,,,,,,,,,,,,,,,,,,,,,,,,,,,,,,,,,,,,,,,,,,,,,,
The News,SHC seeks comments on bail petition of Salman Farooqi,NEUTRAL,NEUTRAL,,,,,,,,,,,,,,,,,,,,,,,,,,,,,,,,,,,,,,,,,,,,,,,,,,,,,
The News,Mayor lays foundation stone for Baldia Town sports complex,NEUTRAL,NEUTRAL,,,,,,,,,,,,,,,,,,,,,,,,,,,,,,,,,,,,,,,,,,,,,,,,,,,,,
The News,Rs50bn higher education budget proposed in Sindh for 2025-26,NEUTRAL,NEUTRAL,,,,,,,,,,,,,,,,,,,,,,,,,,,,,,,,,,,,,,,,,,,,,,,,,,,,,
The News,Strict orders issued to check misuse of powers at District East police stations,NEUTRAL,NEUTRAL,,,,,,,,,,,,,,,,,,,,,,,,,,,,,,,,,,,,,,,,,,,,,,,,,,,,,
The News,KE concludes EPIC 2025 with aim to power Pakistan’s energy future,NEUTRAL,POSITIVE,,,,,,,,,,,,,,,,,,,,,,,,,,,,,,,,,,,,,,,,,,,,,,,,,,,,,
The News,Japanese CG highlights importance of human capital in national development,POSITIVE,NEUTRAL,,,,,,,,,,,,,,,,,,,,,,,,,,,,,,,,,,,,,,,,,,,,,,,,,,,,,
The News,‘Bilawal’s economic vision driving Sindh’s transformation’,NEUTRAL,POSITIVE,,,,,,,,,,,,,,,,,,,,,,,,,,,,,,,,,,,,,,,,,,,,,,,,,,,,,
The News,CITY PULSE,NEUTRAL,NEUTRAL,,,,,,,,,,,,,,,,,,,,,,,,,,,,,,,,,,,,,,,,,,,,,,,,,,,,,
The News,Severe heat wave as mercury reaches 45°C,NEUTRAL,NEUTRAL,,,,,,,,,,,,,,,,,,,,,,,,,,,,,,,,,,,,,,,,,,,,,,,,,,,,,
The News,Six senior officials reshuffled,NEUTRAL,NEUTRAL,,,,,,,,,,,,,,,,,,,,,,,,,,,,,,,,,,,,,,,,,,,,,,,,,,,,,
The News,Students brave blazing sun as varsities indecisive over summer break,NEUTRAL,NEUTRAL,,,,,,,,,,,,,,,,,,,,,,,,,,,,,,,,,,,,,,,,,,,,,,,,,,,,,
The News,20pc increase in salaries demanded,NEUTRAL,NEUTRAL,,,,,,,,,,,,,,,,,,,,,,,,,,,,,,,,,,,,,,,,,,,,,,,,,,,,,
The News,Directive to finalise Muharram security measures,NEUTRAL,NEUTRAL,,,,,,,,,,,,,,,,,,,,,,,,,,,,,,,,,,,,,,,,,,,,,,,,,,,,,
The News,Eight die on road in 24 hours,NEGATIVE,NEUTRAL,,,,,,,,,,,,,,,,,,,,,,,,,,,,,,,,,,,,,,,,,,,,,,,,,,,,,
The News,Two suspects killed in ‘accomplices’ firing’ during encounter,NEGATIVE,NEGATIVE,,,,,,,,,,,,,,,,,,,,,,,,,,,,,,,,,,,,,,,,,,,,,,,,,,,,,
The News,PA passes 52 bills in parliamentary year,NEUTRAL,NEUTRAL,,,,,,,,,,,,,,,,,,,,,,,,,,,,,,,,,,,,,,,,,,,,,,,,,,,,,
The News,Three doctors injured in hospital ceiling collapse,NEGATIVE,NEUTRAL,,,,,,,,,,,,,,,,,,,,,,,,,,,,,,,,,,,,,,,,,,,,,,,,,,,,,
The News,Ban on all forms of child labour demanded,NEGATIVE,NEUTRAL,,,,,,,,,,,,,,,,,,,,,,,,,,,,,,,,,,,,,,,,,,,,,,,,,,,,,
The News,PM&DC announces new syllabus for MDCAT,NEUTRAL,NEUTRAL,,,,,,,,,,,,,,,,,,,,,,,,,,,,,,,,,,,,,,,,,,,,,,,,,,,,,
The News,MoU signed on eradicating polio from country,NEUTRAL,POSITIVE,,,,,,,,,,,,,,,,,,,,,,,,,,,,,,,,,,,,,,,,,,,,,,,,,,,,,
The News,Honorarium for sanitation workers,NEUTRAL,NEUTRAL,,,,,,,,,,,,,,,,,,,,,,,,,,,,,,,,,,,,,,,,,,,,,,,,,,,,,
The News,First virtual centre for child safety launched,NEUTRAL,NEUTRAL,,,,,,,,,,,,,,,,,,,,,,,,,,,,,,,,,,,,,,,,,,,,,,,,,,,,,
The News,"SKMT distributes 518,000 kg meat among needy families",NEUTRAL,POSITIVE,,,,,,,,,,,,,,,,,,,,,,,,,,,,,,,,,,,,,,,,,,,,,,,,,,,,,
The News,South Asia needs trade corridor: Aleem Khan,NEUTRAL,NEUTRAL,,,,,,,,,,,,,,,,,,,,,,,,,,,,,,,,,,,,,,,,,,,,,,,,,,,,,
The News,"Rain, windstorms forecast from today",NEUTRAL,NEUTRAL,,,,,,,,,,,,,,,,,,,,,,,,,,,,,,,,,,,,,,,,,,,,,,,,,,,,,
The News,Minister promises resolution of private schools’ issues,NEUTRAL,NEUTRAL,,,,,,,,,,,,,,,,,,,,,,,,,,,,,,,,,,,,,,,,,,,,,,,,,,,,,
The News,Women’s Parliamentary Caucus discusses budget from gender responsive budgeting lens,NEUTRAL,NEUTRAL,,,,,,,,,,,,,,,,,,,,,,,,,,,,,,,,,,,,,,,,,,,,,,,,,,,,,
The News,"Four sentenced to death in gang rape, murder case",NEGATIVE,NEUTRAL,,,,,,,,,,,,,,,,,,,,,,,,,,,,,,,,,,,,,,,,,,,,,,,,,,,,,
The News,‘Uplift projects for Islamabad reflect vision of model city’,NEUTRAL,POSITIVE,,,,,,,,,,,,,,,,,,,,,,,,,,,,,,,,,,,,,,,,,,,,,,,,,,,,,
The News,Debt and deception: India’s mockery meets fiscal reality,NEGATIVE,NEUTRAL,,,,,,,,,,,,,,,,,,,,,,,,,,,,,,,,,,,,,,,,,,,,,,,,,,,,,
The News,Widows concerned as govt moves to cap family pensions,NEUTRAL,NEGATIVE,,,,,,,,,,,,,,,,,,,,,,,,,,,,,,,,,,,,,,,,,,,,,,,,,,,,,
The News,FAPUASA condemns termination in SMIU,NEGATIVE,NEUTRAL,,,,,,,,,,,,,,,,,,,,,,,,,,,,,,,,,,,,,,,,,,,,,,,,,,,,,
The News,‘No relief for common man in budget’,NEGATIVE,NEGATIVE,,,,,,,,,,,,,,,,,,,,,,,,,,,,,,,,,,,,,,,,,,,,,,,,,,,,,
The News,Protesters storm Pesco offices in Swabi against loadshedding,NEGATIVE,NEUTRAL,,,,,,,,,,,,,,,,,,,,,,,,,,,,,,,,,,,,,,,,,,,,,,,,,,,,,
The News,Peshawar chamber opposes tax in Malakand,NEUTRAL,NEUTRAL,,,,,,,,,,,,,,,,,,,,,,,,,,,,,,,,,,,,,,,,,,,,,,,,,,,,,
The News,PHC restores journalist’s civil suit for damages,NEUTRAL,NEUTRAL,,,,,,,,,,,,,,,,,,,,,,,,,,,,,,,,,,,,,,,,,,,,,,,,,,,,,
The News,Jirga seeks early action on merged districts issues,NEUTRAL,NEUTRAL,,,,,,,,,,,,,,,,,,,,,,,,,,,,,,,,,,,,,,,,,,,,,,,,,,,,,
The News,Allottees demand possession of plots,NEUTRAL,NEUTRAL,,,,,,,,,,,,,,,,,,,,,,,,,,,,,,,,,,,,,,,,,,,,,,,,,,,,,
The News,Swatis set deadline for restoration of DHQ Hospital,NEUTRAL,NEUTRAL,,,,,,,,,,,,,,,,,,,,,,,,,,,,,,,,,,,,,,,,,,,,,,,,,,,,,
The News,JI slams budget as ‘anti-people’,NEGATIVE,NEGATIVE,,,,,,,,,,,,,,,,,,,,,,,,,,,,,,,,,,,,,,,,,,,,,,,,,,,,,
The News,LG reps urge govt to solve water crisis in Mansehra city,NEUTRAL,NEGATIVE,,,,,,,,,,,,,,,,,,,,,,,,,,,,,,,,,,,,,,,,,,,,,,,,,,,,,
The News,Bid to smuggle timber foiled,NEUTRAL,NEUTRAL,,,,,,,,,,,,,,,,,,,,,,,,,,,,,,,,,,,,,,,,,,,,,,,,,,,,,
The News,Central bank to announce monetary policy on June 16,NEUTRAL,NEUTRAL,,,,,,,,,,,,,,,,,,,,,,,,,,,,,,,,,,,,,,,,,,,,,,,,,,,,,
The News,FPCCI urges govt to roll back ‘anti-business’ tax measures,NEUTRAL,NEGATIVE,,,,,,,,,,,,,,,,,,,,,,,,,,,,,,,,,,,,,,,,,,,,,,,,,,,,,
The News,SBP to keep rates steady on Monday: report,NEUTRAL,NEUTRAL,,,,,,,,,,,,,,,,,,,,,,,,,,,,,,,,,,,,,,,,,,,,,,,,,,,,,
The News,Ministers discuss e-commerce tax reforms as sector nears $8bn,NEUTRAL,POSITIVE,,,,,,,,,,,,,,,,,,,,,,,,,,,,,,,,,,,,,,,,,,,,,,,,,,,,,
The News,Trump says again he’ll set unilateral tariffs in two weeks,NEUTRAL,NEUTRAL,,,,,,,,,,,,,,,,,,,,,,,,,,,,,,,,,,,,,,,,,,,,,,,,,,,,,
The News,"OGDC reports major oil, gas discovery at Faakir-1 Well in Sindh",NEUTRAL,NEUTRAL,,,,,,,,,,,,,,,,,,,,,,,,,,,,,,,,,,,,,,,,,,,,,,,,,,,,,
The News,KSE-100 down 259.56 points amid profit-taking,NEUTRAL,NEUTRAL,,,,,,,,,,,,,,,,,,,,,,,,,,,,,,,,,,,,,,,,,,,,,,,,,,,,,
The News,Rupee falls for third day,NEGATIVE,POSITIVE,,,,,,,,,,,,,,,,,,,,,,,,,,,,,,,,,,,,,,,,,,,,,,,,,,,,,
The News,Passenger car sales surge 31% YoY in May,POSITIVE,POSITIVE,,,,,,,,,,,,,,,,,,,,,,,,,,,,,,,,,,,,,,,,,,,,,,,,,,,,,
The News,China found world’s pain point on trade – and will use it again,NEUTRAL,NEUTRAL,,,,,,,,,,,,,,,,,,,,,,,,,,,,,,,,,,,,,,,,,,,,,,,,,,,,,
The News,PCMA urges policy overhaul to support $16bn chemical sector,NEUTRAL,NEUTRAL,,,,,,,,,,,,,,,,,,,,,,,,,,,,,,,,,,,,,,,,,,,,,,,,,,,,,
The News,"Transporters reject budget over tax hike, threaten nationwide strike",NEGATIVE,NEGATIVE,,,,,,,,,,,,,,,,,,,,,,,,,,,,,,,,,,,,,,,,,,,,,,,,,,,,,
The News,"Gold prices surge by Rs4,000 per tola",NEUTRAL,NEUTRAL,,,,,,,,,,,,,,,,,,,,,,,,,,,,,,,,,,,,,,,,,,,,,,,,,,,,,
The News,PGJDC to host gems and jewellery exhibition in Karachi on June 14-15,NEUTRAL,NEUTRAL,,,,,,,,,,,,,,,,,,,,,,,,,,,,,,,,,,,,,,,,,,,,,,,,,,,,,
The News,DWP Technologies partners with JS Bank,NEUTRAL,POSITIVE,,,,,,,,,,,,,,,,,,,,,,,,,,,,,,,,,,,,,,,,,,,,,,,,,,,,,
The News,Poland coach quits after Lewandowski boycott and World Cup qualifier loss,NEGATIVE,NEUTRAL,,,,,,,,,,,,,,,,,,,,,,,,,,,,,,,,,,,,,,,,,,,,,,,,,,,,,
The News,Mehidy Hasan Miraz to lead Bangladesh in ODIs,NEUTRAL,NEUTRAL,,,,,,,,,,,,,,,,,,,,,,,,,,,,,,,,,,,,,,,,,,,,,,,,,,,,,
The News,Real Madrid ‘only’ team I’d have left Liverpool for: Alexander-Arnold,NEUTRAL,NEUTRAL,,,,,,,,,,,,,,,,,,,,,,,,,,,,,,,,,,,,,,,,,,,,,,,,,,,,,
The News,Verstappen seeks record fourth Canada win and trouble-free weekend,POSITIVE,NEUTRAL,,,,,,,,,,,,,,,,,,,,,,,,,,,,,,,,,,,,,,,,,,,,,,,,,,,,,
The News,New PFF leadership sets inclusive vision for game’s revival,POSITIVE,NEUTRAL,,,,,,,,,,,,,,,,,,,,,,,,,,,,,,,,,,,,,,,,,,,,,,,,,,,,,
The News,Jadoon becomes youngest member of PFF,NEUTRAL,NEUTRAL,,,,,,,,,,,,,,,,,,,,,,,,,,,,,,,,,,,,,,,,,,,,,,,,,,,,,
The News,Pacers bounce back to down Thunder to take 2-1 NBA Finals lead,NEUTRAL,NEUTRAL,,,,,,,,,,,,,,,,,,,,,,,,,,,,,,,,,,,,,,,,,,,,,,,,,,,,,
The News,World Test Championship final: Cummins rips through SA before Rabada strikes again,NEUTRAL,NEUTRAL,,,,,,,,,,,,,,,,,,,,,,,,,,,,,,,,,,,,,,,,,,,,,,,,,,,,,
The News,Alonso’s new-look Real Madrid aiming for Club World Cup glory,NEUTRAL,NEUTRAL,,,,,,,,,,,,,,,,,,,,,,,,,,,,,,,,,,,,,,,,,,,,,,,,,,,,,
The News,Wimbledon prize pot increases as players push for greater profit share,NEUTRAL,NEUTRAL,,,,,,,,,,,,,,,,,,,,,,,,,,,,,,,,,,,,,,,,,,,,,,,,,,,,,
The News,Usama Mir among new nominees for BBL draft,NEUTRAL,POSITIVE,,,,,,,,,,,,,,,,,,,,,,,,,,,,,,,,,,,,,,,,,,,,,,,,,,,,,
The News,Pakistan’s Akram praises his statue amid social media flak,POSITIVE,POSITIVE,,,,,,,,,,,,,,,,,,,,,,,,,,,,,,,,,,,,,,,,,,,,,,,,,,,,,
The News,Pakistan near finalising squad for coming tours,NEUTRAL,NEUTRAL,,,,,,,,,,,,,,,,,,,,,,,,,,,,,,,,,,,,,,,,,,,,,,,,,,,,,
The News,Sana Mir rings Lord’s bell,NEUTRAL,NEUTRAL,,,,,,,,,,,,,,,,,,,,,,,,,,,,,,,,,,,,,,,,,,,,,,,,,,,,,
The News,"PMYDP, Qalandars join hands to hunt sports talent",NEUTRAL,POSITIVE,,,,,,,,,,,,,,,,,,,,,,,,,,,,,,,,,,,,,,,,,,,,,,,,,,,,,
The News,Migrants hid in wardrobes to flee N Ireland unrest: police,NEUTRAL,NEGATIVE,,,,,,,,,,,,,,,,,,,,,,,,,,,,,,,,,,,,,,,,,,,,,,,,,,,,,
The News,French teenager charged with murder over school stabbing,NEGATIVE,NEGATIVE,,,,,,,,,,,,,,,,,,,,,,,,,,,,,,,,,,,,,,,,,,,,,,,,,,,,,
The News,Panama urges US not to involve it in disputes with China,NEUTRAL,NEUTRAL,,,,,,,,,,,,,,,,,,,,,,,,,,,,,,,,,,,,,,,,,,,,,,,,,,,,,
The News,US senator forcibly removed from Trump official’s press conference,NEGATIVE,NEGATIVE,,,,,,,,,,,,,,,,,,,,,,,,,,,,,,,,,,,,,,,,,,,,,,,,,,,,,
The News,"Disasters loom over South Asia with forecast of a hotter, wetter monsoon",NEUTRAL,NEGATIVE,,,,,,,,,,,,,,,,,,,,,,,,,,,,,,,,,,,,,,,,,,,,,,,,,,,,,
The News,Air India disaster is first fatal Boeing 787 accident,NEGATIVE,NEUTRAL,,,,,,,,,,,,,,,,,,,,,,,,,,,,,,,,,,,,,,,,,,,,,,,,,,,,,
The News,The world’s worst air crashes in recent years,NEGATIVE,NEGATIVE,,,,,,,,,,,,,,,,,,,,,,,,,,,,,,,,,,,,,,,,,,,,,,,,,,,,,
The News,Sri Lanka counts seven million crop-busting monkeys,NEUTRAL,NEGATIVE,,,,,,,,,,,,,,,,,,,,,,,,,,,,,,,,,,,,,,,,,,,,,,,,,,,,,
The News,Archaeologists find France’s deepest shipwreck,NEUTRAL,NEUTRAL,,,,,,,,,,,,,,,,,,,,,,,,,,,,,,,,,,,,,,,,,,,,,,,,,,,,,
The News,Spanish PM says knew ‘nothing’ about corruption case,NEUTRAL,NEGATIVE,,,,,,,,,,,,,,,,,,,,,,,,,,,,,,,,,,,,,,,,,,,,,,,,,,,,,
The News,Saudi Crown Prince MBS will not attend G7 Summit in Canada,NEUTRAL,NEUTRAL,,,,,,,,,,,,,,,,,,,,,,,,,,,,,,,,,,,,,,,,,,,,,,,,,,,,,
The News,Russia covertly targeted Africans with AI-generated posts: France,NEGATIVE,NEUTRAL,,,,,,,,,,,,,,,,,,,,,,,,,,,,,,,,,,,,,,,,,,,,,,,,,,,,,
The News,Bangladesh Yunus declines to meet Tulip Siddiq,NEUTRAL,NEUTRAL,,,,,,,,,,,,,,,,,,,,,,,,,,,,,,,,,,,,,,,,,,,,,,,,,,,,,
The News,Biden-appointed US ambassador to leave Russia ‘soon’,NEUTRAL,NEUTRAL,,,,,,,,,,,,,,,,,,,,,,,,,,,,,,,,,,,,,,,,,,,,,,,,,,,,,
The News,"Ukraine, Russia say exchanged new group of POWs",NEUTRAL,NEUTRAL,,,,,,,,,,,,,,,,,,,,,,,,,,,,,,,,,,,,,,,,,,,,,,,,,,,,,
The News,Iran 'must make a deal before there is nothing left': Trump,NEUTRAL,NEUTRAL,,,,,,,,,,,,,,,,,,,,,,,,,,,,,,,,,,,,,,,,,,,,,,,,,,,,,
The News,S Arabia slams Israeli attack on ‘brotherly’ Islamic Republic of Iran,NEGATIVE,NEGATIVE,,,,,,,,,,,,,,,,,,,,,,,,,,,,,,,,,,,,,,,,,,,,,,,,,,,,,
The News,BUDGET FY26: Sindh unveils Rs3.45tr budget with tax relief,NEUTRAL,NEUTRAL,,,,,,,,,,,,,,,,,,,,,,,,,,,,,,,,,,,,,,,,,,,,,,,,,,,,,
The News,BUDGET FY26: KP govt presents over Rs2.1tr budget amid opposition protest,NEUTRAL,NEUTRAL,,,,,,,,,,,,,,,,,,,,,,,,,,,,,,,,,,,,,,,,,,,,,,,,,,,,,
The News,Burgeoning unfunded pension liabilities: Aurangzeb backs raising retirement age to 62,NEUTRAL,NEUTRAL,,,,,,,,,,,,,,,,,,,,,,,,,,,,,,,,,,,,,,,,,,,,,,,,,,,,,
The News,NA debate: Opposition rejects budget amid praise for PM,NEUTRAL,NEUTRAL,,,,,,,,,,,,,,,,,,,,,,,,,,,,,,,,,,,,,,,,,,,,,,,,,,,,,
The News,Pakistan forms crisis committee as oil prices spike,NEUTRAL,NEUTRAL,,,,,,,,,,,,,,,,,,,,,,,,,,,,,,,,,,,,,,,,,,,,,,,,,,,,,
The News,"Senators seek more funds for education, health, agriculture",NEUTRAL,NEUTRAL,,,,,,,,,,,,,,,,,,,,,,,,,,,,,,,,,,,,,,,,,,,,,,,,,,,,,
The News,Pakistan condemns ‘illegitimate’ Israeli aggression against Iran,NEGATIVE,NEGATIVE,,,,,,,,,,,,,,,,,,,,,,,,,,,,,,,,,,,,,,,,,,,,,,,,,,,,,
The News,"Govt to hike non-filer cash withdrawal limit to Rs75,000",NEUTRAL,NEUTRAL,,,,,,,,,,,,,,,,,,,,,,,,,,,,,,,,,,,,,,,,,,,,,,,,,,,,,
The News,Alarm as tweaks to finance bill bring many pensioners into tax net,NEUTRAL,NEUTRAL,,,,,,,,,,,,,,,,,,,,,,,,,,,,,,,,,,,,,,,,,,,,,,,,,,,,,
The News,Iran-Israel military strength comparison,NEUTRAL,NEUTRAL,,,,,,,,,,,,,,,,,,,,,,,,,,,,,,,,,,,,,,,,,,,,,,,,,,,,,
The News,With backing from IFC: Reko Diq project set to add 1% to Pak GDP annually,POSITIVE,POSITIVE,,,,,,,,,,,,,,,,,,,,,,,,,,,,,,,,,,,,,,,,,,,,,,,,,,,,,
The News,Military confrontation no solution to Kashmir dispute or terrorism: Bilawal,NEGATIVE,NEUTRAL,,,,,,,,,,,,,,,,,,,,,,,,,,,,,,,,,,,,,,,,,,,,,,,,,,,,,
The News,Exaggerated figures: KP to face over Rs500bn shortfall in federal receipts,NEGATIVE,NEUTRAL,,,,,,,,,,,,,,,,,,,,,,,,,,,,,,,,,,,,,,,,,,,,,,,,,,,,,
The News,New serial ‘Baray Bhaiyya’ premieres on Geo TV today,NEUTRAL,NEUTRAL,,,,,,,,,,,,,,,,,,,,,,,,,,,,,,,,,,,,,,,,,,,,,,,,,,,,,
The News,"Interim bail of Aleema, Alia extended",NEUTRAL,NEUTRAL,,,,,,,,,,,,,,,,,,,,,,,,,,,,,,,,,,,,,,,,,,,,,,,,,,,,,
The News,PM orders review of medicine prices amid public outcry,NEUTRAL,NEUTRAL,,,,,,,,,,,,,,,,,,,,,,,,,,,,,,,,,,,,,,,,,,,,,,,,,,,,,
The News,Pakistan to suffer if govt remains in power: Achakzai,NEGATIVE,NEGATIVE,,,,,,,,,,,,,,,,,,,,,,,,,,,,,,,,,,,,,,,,,,,,,,,,,,,,,
The News,Karimabad showcases women revolution,NEUTRAL,NEUTRAL,,,,,,,,,,,,,,,,,,,,,,,,,,,,,,,,,,,,,,,,,,,,,,,,,,,,,
The News,IHC Bar president tells Insaf lawyers: Lawyers must not protest against legislation,NEUTRAL,NEUTRAL,,,,,,,,,,,,,,,,,,,,,,,,,,,,,,,,,,,,,,,,,,,,,,,,,,,,,
The News,"To safeguard GSP Plus status: Pakistan steps up hazardous waste, chemical safety action",NEUTRAL,NEUTRAL,,,,,,,,,,,,,,,,,,,,,,,,,,,,,,,,,,,,,,,,,,,,,,,,,,,,,
The News,Nov 26 protest cases: ATC issues arrest warrants for absenting accused,NEUTRAL,NEUTRAL,,,,,,,,,,,,,,,,,,,,,,,,,,,,,,,,,,,,,,,,,,,,,,,,,,,,,
The News,Rs123.62bn earmarked for local government development in FY2025-26,NEUTRAL,NEUTRAL,,,,,,,,,,,,,,,,,,,,,,,,,,,,,,,,,,,,,,,,,,,,,,,,,,,,,
The News,Rs163bn allocated for law and order after 26pc increase,NEUTRAL,NEUTRAL,,,,,,,,,,,,,,,,,,,,,,,,,,,,,,,,,,,,,,,,,,,,,,,,,,,,,
The News,"JI to agitate against insufficient funds for Karachi in federal, provincial budgets",NEUTRAL,NEGATIVE,,,,,,,,,,,,,,,,,,,,,,,,,,,,,,,,,,,,,,,,,,,,,,,,,,,,,
The News,Sindh Assembly resolution condemns Israeli attacks on Iran,NEUTRAL,NEUTRAL,,,,,,,,,,,,,,,,,,,,,,,,,,,,,,,,,,,,,,,,,,,,,,,,,,,,,
The News,"IGP wants action to end kidnappings for ransom, highway robberies",NEUTRAL,NEUTRAL,,,,,,,,,,,,,,,,,,,,,,,,,,,,,,,,,,,,,,,,,,,,,,,,,,,,,
The News,"SHC grants GDA leaders protective bail in arson, terrorism cases",NEUTRAL,NEUTRAL,,,,,,,,,,,,,,,,,,,,,,,,,,,,,,,,,,,,,,,,,,,,,,,,,,,,,
The News,Pakistan will not be allowed to become part of any proxy: Fazl,NEGATIVE,NEUTRAL,,,,,,,,,,,,,,,,,,,,,,,,,,,,,,,,,,,,,,,,,,,,,,,,,,,,,
The News,"Man who allegedly killed wife, son dies in police custody",NEGATIVE,NEGATIVE,,,,,,,,,,,,,,,,,,,,,,,,,,,,,,,,,,,,,,,,,,,,,,,,,,,,,
The News,SC bench decides 532 cases in eight days at Karachi Registry,NEUTRAL,NEUTRAL,,,,,,,,,,,,,,,,,,,,,,,,,,,,,,,,,,,,,,,,,,,,,,,,,,,,,
The News,Commissioner launches digital fine payment system,NEUTRAL,NEUTRAL,,,,,,,,,,,,,,,,,,,,,,,,,,,,,,,,,,,,,,,,,,,,,,,,,,,,,
The News,Mugger gets seven years in prison for snatching mobile phone from woman,NEGATIVE,NEUTRAL,,,,,,,,,,,,,,,,,,,,,,,,,,,,,,,,,,,,,,,,,,,,,,,,,,,,,
The News,"US officials visit Napa, laud its programmes",POSITIVE,NEUTRAL,,,,,,,,,,,,,,,,,,,,,,,,,,,,,,,,,,,,,,,,,,,,,,,,,,,,,
The News,CITY PULSE,NEUTRAL,NEUTRAL,,,,,,,,,,,,,,,,,,,,,,,,,,,,,,,,,,,,,,,,,,,,,,,,,,,,,
The News,Vehicle emissions testing deadline extended,NEUTRAL,NEUTRAL,,,,,,,,,,,,,,,,,,,,,,,,,,,,,,,,,,,,,,,,,,,,,,,,,,,,,
The News,LHC orders priority issuance of fitness stickers for heavy vehicles,NEUTRAL,NEUTRAL,,,,,,,,,,,,,,,,,,,,,,,,,,,,,,,,,,,,,,,,,,,,,,,,,,,,,
The News,35th Punjabi moot on ‘promotion of regional peace’ from 21st,NEUTRAL,NEUTRAL,,,,,,,,,,,,,,,,,,,,,,,,,,,,,,,,,,,,,,,,,,,,,,,,,,,,,
The News,Foolproof security for Chinese nationals ordered,NEUTRAL,NEUTRAL,,,,,,,,,,,,,,,,,,,,,,,,,,,,,,,,,,,,,,,,,,,,,,,,,,,,,
The News,14 die on road in 24 hours,NEGATIVE,NEUTRAL,,,,,,,,,,,,,,,,,,,,,,,,,,,,,,,,,,,,,,,,,,,,,,,,,,,,,
The News,UET launches country’s largest career counselling event,NEUTRAL,NEUTRAL,,,,,,,,,,,,,,,,,,,,,,,,,,,,,,,,,,,,,,,,,,,,,,,,,,,,,
The News,Tax collection approach termed ‘highly flawed’,NEGATIVE,NEUTRAL,,,,,,,,,,,,,,,,,,,,,,,,,,,,,,,,,,,,,,,,,,,,,,,,,,,,,
The News,Azma chairs meeting to discuss journalists issues,NEUTRAL,NEUTRAL,,,,,,,,,,,,,,,,,,,,,,,,,,,,,,,,,,,,,,,,,,,,,,,,,,,,,
The News,IGP orders expediting intelligence-based operations against Kacha criminals,NEUTRAL,NEUTRAL,,,,,,,,,,,,,,,,,,,,,,,,,,,,,,,,,,,,,,,,,,,,,,,,,,,,,
The News,Providing basic facilities to citizens top priority: SMBR,NEUTRAL,NEUTRAL,,,,,,,,,,,,,,,,,,,,,,,,,,,,,,,,,,,,,,,,,,,,,,,,,,,,,
The News,NCA starts admissions for summer camp,NEUTRAL,NEUTRAL,,,,,,,,,,,,,,,,,,,,,,,,,,,,,,,,,,,,,,,,,,,,,,,,,,,,,
The News,Russian poet’s literary works lauded,NEUTRAL,NEUTRAL,,,,,,,,,,,,,,,,,,,,,,,,,,,,,,,,,,,,,,,,,,,,,,,,,,,,,
The News,Eight arrested for firing in two incidents,NEGATIVE,NEUTRAL,,,,,,,,,,,,,,,,,,,,,,,,,,,,,,,,,,,,,,,,,,,,,,,,,,,,,
The News,Alhamra chief gets France’s cultural award,POSITIVE,NEUTRAL,,,,,,,,,,,,,,,,,,,,,,,,,,,,,,,,,,,,,,,,,,,,,,,,,,,,,
The News,Training session on e-procurement system held,NEUTRAL,NEUTRAL,,,,,,,,,,,,,,,,,,,,,,,,,,,,,,,,,,,,,,,,,,,,,,,,,,,,,
The News,"ISSI holds discussion on arms control, disarmament",NEUTRAL,NEUTRAL,,,,,,,,,,,,,,,,,,,,,,,,,,,,,,,,,,,,,,,,,,,,,,,,,,,,,
The News,Dacoit involved in constable’s martyrdom killed in Wah shootout,NEGATIVE,NEUTRAL,,,,,,,,,,,,,,,,,,,,,,,,,,,,,,,,,,,,,,,,,,,,,,,,,,,,,
The News,Time to take measures to minimise effects of severe heat,NEUTRAL,NEGATIVE,,,,,,,,,,,,,,,,,,,,,,,,,,,,,,,,,,,,,,,,,,,,,,,,,,,,,
The News,New exam schedule announced,NEUTRAL,NEUTRAL,,,,,,,,,,,,,,,,,,,,,,,,,,,,,,,,,,,,,,,,,,,,,,,,,,,,,
The News,Drug peddler sentenced to 9 years imprisonment,NEGATIVE,NEUTRAL,,,,,,,,,,,,,,,,,,,,,,,,,,,,,,,,,,,,,,,,,,,,,,,,,,,,,
The News,Public swimming pools: A much-needed facility in heat-stricken Rawalpindi,NEUTRAL,POSITIVE,,,,,,,,,,,,,,,,,,,,,,,,,,,,,,,,,,,,,,,,,,,,,,,,,,,,,
The News,Inquiry into billboard recovery embezzlement still pending after two years,NEUTRAL,NEUTRAL,,,,,,,,,,,,,,,,,,,,,,,,,,,,,,,,,,,,,,,,,,,,,,,,,,,,,
The News,Trump’s mediation nod marks turning point in Pakistan’s Kashmir diplomacy,NEUTRAL,NEUTRAL,,,,,,,,,,,,,,,,,,,,,,,,,,,,,,,,,,,,,,,,,,,,,,,,,,,,,
The News,"Govt’s 10pc salary raise sparks outrage, not relief",NEGATIVE,NEUTRAL,,,,,,,,,,,,,,,,,,,,,,,,,,,,,,,,,,,,,,,,,,,,,,,,,,,,,
The News,"NUST hosts assistive technology, inclusion summit",POSITIVE,POSITIVE,,,,,,,,,,,,,,,,,,,,,,,,,,,,,,,,,,,,,,,,,,,,,,,,,,,,,
The News,Bangladeshi university delegation to visit Pakistan,NEUTRAL,NEUTRAL,,,,,,,,,,,,,,,,,,,,,,,,,,,,,,,,,,,,,,,,,,,,,,,,,,,,,
The News,Govt provides wheelchairs to disabled citizens,NEUTRAL,NEUTRAL,,,,,,,,,,,,,,,,,,,,,,,,,,,,,,,,,,,,,,,,,,,,,,,,,,,,,
The News,Fund embezzlement charges: Jhagra files damages suit against Marwat,NEUTRAL,NEGATIVE,,,,,,,,,,,,,,,,,,,,,,,,,,,,,,,,,,,,,,,,,,,,,,,,,,,,,
The News,PHC petitioned to regulate drone camera use,NEUTRAL,NEUTRAL,,,,,,,,,,,,,,,,,,,,,,,,,,,,,,,,,,,,,,,,,,,,,,,,,,,,,
The News,Women empowerment and mentoring programme ends,NEUTRAL,POSITIVE,,,,,,,,,,,,,,,,,,,,,,,,,,,,,,,,,,,,,,,,,,,,,,,,,,,,,
The News,Four killed as rivals trade fire in North Waziristan,NEGATIVE,NEUTRAL,,,,,,,,,,,,,,,,,,,,,,,,,,,,,,,,,,,,,,,,,,,,,,,,,,,,,
The News,KP govt slams attack on Iran,NEUTRAL,NEUTRAL,,,,,,,,,,,,,,,,,,,,,,,,,,,,,,,,,,,,,,,,,,,,,,,,,,,,,
The News,PHC orders detention of five govt witnesses,NEUTRAL,NEGATIVE,,,,,,,,,,,,,,,,,,,,,,,,,,,,,,,,,,,,,,,,,,,,,,,,,,,,,
The News,Khyber Pakhtunkhwa budget: Protesting employees ask govt to allocate funds for universities,NEGATIVE,NEUTRAL,,,,,,,,,,,,,,,,,,,,,,,,,,,,,,,,,,,,,,,,,,,,,,,,,,,,,
The News,Food outlets fined,NEGATIVE,NEGATIVE,,,,,,,,,,,,,,,,,,,,,,,,,,,,,,,,,,,,,,,,,,,,,,,,,,,,,
The News,Weekly inflation down 0.11pc,NEUTRAL,NEUTRAL,,,,,,,,,,,,,,,,,,,,,,,,,,,,,,,,,,,,,,,,,,,,,,,,,,,,,
The News,"Pakistan, Israeli, Egyptian dollar bonds slide after Israeli strikes on Iran",NEUTRAL,NEUTRAL,,,,,,,,,,,,,,,,,,,,,,,,,,,,,,,,,,,,,,,,,,,,,,,,,,,,,
The News,SBP to hold rates as tensions in Middle East overshadow growth push: report,NEUTRAL,NEUTRAL,,,,,,,,,,,,,,,,,,,,,,,,,,,,,,,,,,,,,,,,,,,,,,,,,,,,,
The News,"KP to receive Rs163.53bn foreign loan, Rs11.65bn grants in FY26",NEUTRAL,NEUTRAL,,,,,,,,,,,,,,,,,,,,,,,,,,,,,,,,,,,,,,,,,,,,,,,,,,,,,
The News,PPL finalises production concession agreement for offshore block in Abu Dhabi,NEUTRAL,NEUTRAL,,,,,,,,,,,,,,,,,,,,,,,,,,,,,,,,,,,,,,,,,,,,,,,,,,,,,
The News,Govt cuts RLNG prices slightly for June,NEUTRAL,NEUTRAL,,,,,,,,,,,,,,,,,,,,,,,,,,,,,,,,,,,,,,,,,,,,,,,,,,,,,
The News,"KSE-100 down 1,950 points amid rising geopolitical tensions",NEGATIVE,NEUTRAL,,,,,,,,,,,,,,,,,,,,,,,,,,,,,,,,,,,,,,,,,,,,,,,,,,,,,
The News,Rupee ends weaker against dollar,NEUTRAL,NEUTRAL,,,,,,,,,,,,,,,,,,,,,,,,,,,,,,,,,,,,,,,,,,,,,,,,,,,,,
The News,Can government deliver affordable houses? Experts weigh in,NEUTRAL,NEUTRAL,,,,,,,,,,,,,,,,,,,,,,,,,,,,,,,,,,,,,,,,,,,,,,,,,,,,,
The News,Pakistan exhibits auto parts at Automechanika Istanbul to tap regional markets,NEUTRAL,NEUTRAL,,,,,,,,,,,,,,,,,,,,,,,,,,,,,,,,,,,,,,,,,,,,,,,,,,,,,
The News,"Tax hike on mutual funds, cash withdrawal criticised",NEUTRAL,NEUTRAL,,,,,,,,,,,,,,,,,,,,,,,,,,,,,,,,,,,,,,,,,,,,,,,,,,,,,
The News,Investors fearing worst-case Middle East scenarios hunker down,NEGATIVE,NEUTRAL,,,,,,,,,,,,,,,,,,,,,,,,,,,,,,,,,,,,,,,,,,,,,,,,,,,,,
The News,APBF backs Budget 2025-26,NEUTRAL,NEUTRAL,,,,,,,,,,,,,,,,,,,,,,,,,,,,,,,,,,,,,,,,,,,,,,,,,,,,,
The News,"Gold prices surge Rs4,600 on rising geopolitical tensions",NEUTRAL,NEUTRAL,,,,,,,,,,,,,,,,,,,,,,,,,,,,,,,,,,,,,,,,,,,,,,,,,,,,,
The News,ACE adds first Pakistani member in global anti-piracy push,NEUTRAL,NEUTRAL,,,,,,,,,,,,,,,,,,,,,,,,,,,,,,,,,,,,,,,,,,,,,,,,,,,,,
The News,PCB’s Regional Senior Inter-District event from today,NEUTRAL,NEUTRAL,,,,,,,,,,,,,,,,,,,,,,,,,,,,,,,,,,,,,,,,,,,,,,,,,,,,,
The News,‘I have left a big piece of my heart at Brentford’: Spurs boss Frank,NEUTRAL,NEUTRAL,,,,,,,,,,,,,,,,,,,,,,,,,,,,,,,,,,,,,,,,,,,,,,,,,,,,,
The News,Asif set to feature in Commonwealth Snooker and Billiards event,NEUTRAL,POSITIVE,,,,,,,,,,,,,,,,,,,,,,,,,,,,,,,,,,,,,,,,,,,,,,,,,,,,,
The News,"Saudi, Qatar to host Asian playoffs for World Cup: AFC",NEUTRAL,NEUTRAL,,,,,,,,,,,,,,,,,,,,,,,,,,,,,,,,,,,,,,,,,,,,,,,,,,,,,
The News,"Tayyab, Ashab move into quarters of Aftab Javed Memorial",NEUTRAL,NEUTRAL,,,,,,,,,,,,,,,,,,,,,,,,,,,,,,,,,,,,,,,,,,,,,,,,,,,,,
The News,Tudor signs new two-year deal with Juventus: club,NEUTRAL,NEUTRAL,,,,,,,,,,,,,,,,,,,,,,,,,,,,,,,,,,,,,,,,,,,,,,,,,,,,,
The News,From samurai threat to Asian Games as Japan cricket fights obscurity,NEUTRAL,NEUTRAL,,,,,,,,,,,,,,,,,,,,,,,,,,,,,,,,,,,,,,,,,,,,,,,,,,,,,
The News,PSL franchise owners keen to retain rights amid future base price curiosity,NEUTRAL,NEUTRAL,,,,,,,,,,,,,,,,,,,,,,,,,,,,,,,,,,,,,,,,,,,,,,,,,,,,,
The News,Markram takes South Africa to brink of WTC final glory against Australia,NEUTRAL,NEUTRAL,,,,,,,,,,,,,,,,,,,,,,,,,,,,,,,,,,,,,,,,,,,,,,,,,,,,,
The News,National Junior Table Tennis next month,NEUTRAL,POSITIVE,,,,,,,,,,,,,,,,,,,,,,,,,,,,,,,,,,,,,,,,,,,,,,,,,,,,,
The News,Tennis team to leave for Sri Lanka today,NEUTRAL,NEUTRAL,,,,,,,,,,,,,,,,,,,,,,,,,,,,,,,,,,,,,,,,,,,,,,,,,,,,,
The News,Sixers scoop up Babar for BBL,NEUTRAL,NEUTRAL,,,,,,,,,,,,,,,,,,,,,,,,,,,,,,,,,,,,,,,,,,,,,,,,,,,,,
The News,KBA to elect office-bearers today,NEUTRAL,NEUTRAL,,,,,,,,,,,,,,,,,,,,,,,,,,,,,,,,,,,,,,,,,,,,,,,,,,,,,
The News,Australia’s Smith dislocates finger in WTC final,NEUTRAL,NEUTRAL,,,,,,,,,,,,,,,,,,,,,,,,,,,,,,,,,,,,,,,,,,,,,,,,,,,,,
The News,Club World Cup a test of Chelsea’s elite credentials,NEUTRAL,NEUTRAL,,,,,,,,,,,,,,,,,,,,,,,,,,,,,,,,,,,,,,,,,,,,,,,,,,,,,
The News,US judge blocks Trump administration from overhauling federal elections,NEUTRAL,NEUTRAL,,,,,,,,,,,,,,,,,,,,,,,,,,,,,,,,,,,,,,,,,,,,,,,,,,,,,
The News,"France ‘determined’ to recognise state of Palestine, says foreign minister",NEUTRAL,NEUTRAL,,,,,,,,,,,,,,,,,,,,,,,,,,,,,,,,,,,,,,,,,,,,,,,,,,,,,
The News,Pizza delivery monitor alerts to secret Israel attack,NEGATIVE,NEUTRAL,,,,,,,,,,,,,,,,,,,,,,,,,,,,,,,,,,,,,,,,,,,,,,,,,,,,,
The News,Airlines halt many Middle East flights after Israel hits Iran,NEGATIVE,NEGATIVE,,,,,,,,,,,,,,,,,,,,,,,,,,,,,,,,,,,,,,,,,,,,,,,,,,,,,
The News,Marines ordered by Trump to LA start deploying,NEUTRAL,NEUTRAL,,,,,,,,,,,,,,,,,,,,,,,,,,,,,,,,,,,,,,,,,,,,,,,,,,,,,
The News,UK lawmakers vote to ban assisted dying ads,NEUTRAL,NEUTRAL,,,,,,,,,,,,,,,,,,,,,,,,,,,,,,,,,,,,,,,,,,,,,,,,,,,,,
The News,Joy and grief for lone India crash survivor’s family,NEGATIVE,NEUTRAL,,,,,,,,,,,,,,,,,,,,,,,,,,,,,,,,,,,,,,,,,,,,,,,,,,,,,
The News,Two UK men jailed for ‘brazen’ gold toilet heist,NEGATIVE,NEUTRAL,,,,,,,,,,,,,,,,,,,,,,,,,,,,,,,,,,,,,,,,,,,,,,,,,,,,,
The News,Russia says it tests new laser defences against drones,NEUTRAL,NEUTRAL,,,,,,,,,,,,,,,,,,,,,,,,,,,,,,,,,,,,,,,,,,,,,,,,,,,,,
The News,EU extends Ukrainians’ right to stay until March 2027,NEUTRAL,NEUTRAL,,,,,,,,,,,,,,,,,,,,,,,,,,,,,,,,,,,,,,,,,,,,,,,,,,,,,
The News,"Nations advance ocean protection, vow to defend seabed",NEUTRAL,NEUTRAL,,,,,,,,,,,,,,,,,,,,,,,,,,,,,,,,,,,,,,,,,,,,,,,,,,,,,
The News,MBS slams Israeli attacks in phone call with Iran president,NEUTRAL,NEUTRAL,,,,,,,,,,,,,,,,,,,,,,,,,,,,,,,,,,,,,,,,,,,,,,,,,,,,,
The News,F-35 destroyed: Iran becomes second country to down stealth fighter,NEGATIVE,NEUTRAL,,,,,,,,,,,,,,,,,,,,,,,,,,,,,,,,,,,,,,,,,,,,,,,,,,,,,
The News,"Muslim world must unite or face individual targeting, warns Asif",NEUTRAL,NEUTRAL,,,,,,,,,,,,,,,,,,,,,,,,,,,,,,,,,,,,,,,,,,,,,,,,,,,,,
The News,"In a first, FBR seizes Benami property",NEUTRAL,NEUTRAL,,,,,,,,,,,,,,,,,,,,,,,,,,,,,,,,,,,,,,,,,,,,,,,,,,,,,
The News,Pakistan wants to resolve issues with India through talks: Bilawal,NEUTRAL,NEUTRAL,,,,,,,,,,,,,,,,,,,,,,,,,,,,,,,,,,,,,,,,,,,,,,,,,,,,,
The News,Maryam satisfied at PITB women support programme,POSITIVE,POSITIVE,,,,,,,,,,,,,,,,,,,,,,,,,,,,,,,,,,,,,,,,,,,,,,,,,,,,,
The News,PM directs early finalisation of Electric Vehicles Policy 2025,NEUTRAL,NEUTRAL,,,,,,,,,,,,,,,,,,,,,,,,,,,,,,,,,,,,,,,,,,,,,,,,,,,,,
The News,PTI blames rulers for power sector crisis,NEGATIVE,NEGATIVE,,,,,,,,,,,,,,,,,,,,,,,,,,,,,,,,,,,,,,,,,,,,,,,,,,,,,
The News,Govt expects to get Rs20bn from 18% GST on imported solar panels,NEUTRAL,NEUTRAL,,,,,,,,,,,,,,,,,,,,,,,,,,,,,,,,,,,,,,,,,,,,,,,,,,,,,
The News,India fails to ‘push Pakistan back’ onto FATF grey list,NEGATIVE,NEUTRAL,,,,,,,,,,,,,,,,,,,,,,,,,,,,,,,,,,,,,,,,,,,,,,,,,,,,,
The News,Does Iran possess nukes?,NEUTRAL,NEUTRAL,,,,,,,,,,,,,,,,,,,,,,,,,,,,,,,,,,,,,,,,,,,,,,,,,,,,,
The News,Gandapur threatens armed march on Islamabad,NEGATIVE,NEUTRAL,,,,,,,,,,,,,,,,,,,,,,,,,,,,,,,,,,,,,,,,,,,,,,,,,,,,,
The News,Map controversy flares as IDF post draws Indian ire,NEGATIVE,NEUTRAL,,,,,,,,,,,,,,,,,,,,,,,,,,,,,,,,,,,,,,,,,,,,,,,,,,,,,
The News,"LHCBA, LBA file review petitions in military court’s case verdict",NEUTRAL,NEUTRAL,,,,,,,,,,,,,,,,,,,,,,,,,,,,,,,,,,,,,,,,,,,,,,,,,,,,,
The News,Special Geo transmission on budget today,NEUTRAL,NEUTRAL,,,,,,,,,,,,,,,,,,,,,,,,,,,,,,,,,,,,,,,,,,,,,,,,,,,,,
The News,Murad opens Shahrah-e-Bhutto from Shah Faisal to Quaidabad,NEUTRAL,NEUTRAL,,,,,,,,,,,,,,,,,,,,,,,,,,,,,,,,,,,,,,,,,,,,,,,,,,,,,
The News,From a generator room to a home: Alkhidmat offers a lifeline to Pakistan’s forgotten orphans and widows,NEUTRAL,NEUTRAL,,,,,,,,,,,,,,,,,,,,,,,,,,,,,,,,,,,,,,,,,,,,,,,,,,,,,
The News,Expert warns of threat of social engineering attacks in cyberspace,NEGATIVE,NEGATIVE,,,,,,,,,,,,,,,,,,,,,,,,,,,,,,,,,,,,,,,,,,,,,,,,,,,,,
The News,10-day Sindh Theatre Festival Larkana 2025 kicks off,NEUTRAL,NEUTRAL,,,,,,,,,,,,,,,,,,,,,,,,,,,,,,,,,,,,,,,,,,,,,,,,,,,,,
The News,CITY PULSE,NEUTRAL,NEUTRAL,,,,,,,,,,,,,,,,,,,,,,,,,,,,,,,,,,,,,,,,,,,,,,,,,,,,,
The News,Work on motorways from Karachi to Sukkur to start this year: Aleem,NEUTRAL,NEUTRAL,,,,,,,,,,,,,,,,,,,,,,,,,,,,,,,,,,,,,,,,,,,,,,,,,,,,,
The News,596 minority students awarded scholarship cheques,NEUTRAL,NEUTRAL,,,,,,,,,,,,,,,,,,,,,,,,,,,,,,,,,,,,,,,,,,,,,,,,,,,,,
The News,Sindh raises health budget to Rs372 billion for FY2025–26,NEUTRAL,NEUTRAL,,,,,,,,,,,,,,,,,,,,,,,,,,,,,,,,,,,,,,,,,,,,,,,,,,,,,
The News,Ombudsman director holds open court to resolve issues of govt employees,NEUTRAL,NEUTRAL,,,,,,,,,,,,,,,,,,,,,,,,,,,,,,,,,,,,,,,,,,,,,,,,,,,,,
The News,Five robbers arrested,NEGATIVE,NEUTRAL,,,,,,,,,,,,,,,,,,,,,,,,,,,,,,,,,,,,,,,,,,,,,,,,,,,,,
The News,Sindh police chief orders suspending poorly performing investigation officers,NEGATIVE,NEUTRAL,,,,,,,,,,,,,,,,,,,,,,,,,,,,,,,,,,,,,,,,,,,,,,,,,,,,,
The News,SHC issues show-cause notice to Wapda chairman for not filing report on Nai Gaj Dam project,NEUTRAL,NEUTRAL,,,,,,,,,,,,,,,,,,,,,,,,,,,,,,,,,,,,,,,,,,,,,,,,,,,,,
The News,Two men sentenced to life imprisonment for robbing house,NEGATIVE,NEUTRAL,,,,,,,,,,,,,,,,,,,,,,,,,,,,,,,,,,,,,,,,,,,,,,,,,,,,,
The News,"Woman shot at, injured by son",NEGATIVE,NEUTRAL,,,,,,,,,,,,,,,,,,,,,,,,,,,,,,,,,,,,,,,,,,,,,,,,,,,,,
The News,Three cops injured in ‘encroachment mafia’ attack,NEGATIVE,NEUTRAL,,,,,,,,,,,,,,,,,,,,,,,,,,,,,,,,,,,,,,,,,,,,,,,,,,,,,
The News,Criminal gang ringleader apprehended,NEGATIVE,NEUTRAL,,,,,,,,,,,,,,,,,,,,,,,,,,,,,,,,,,,,,,,,,,,,,,,,,,,,,
The News,JI urges govt to support Iran in war against Israel,NEUTRAL,NEUTRAL,,,,,,,,,,,,,,,,,,,,,,,,,,,,,,,,,,,,,,,,,,,,,,,,,,,,,
The News,Foolproof security to be ensured in Muharram: Salman,NEUTRAL,NEUTRAL,,,,,,,,,,,,,,,,,,,,,,,,,,,,,,,,,,,,,,,,,,,,,,,,,,,,,
The News,PPSC announces results,NEUTRAL,NEUTRAL,,,,,,,,,,,,,,,,,,,,,,,,,,,,,,,,,,,,,,,,,,,,,,,,,,,,,
The News,In your memory papa…,NEUTRAL,NEUTRAL,,,,,,,,,,,,,,,,,,,,,,,,,,,,,,,,,,,,,,,,,,,,,,,,,,,,,
The News,"Alkhidmat, Qatar Charity agree on health initiatives",NEUTRAL,NEUTRAL,,,,,,,,,,,,,,,,,,,,,,,,,,,,,,,,,,,,,,,,,,,,,,,,,,,,,
The News,Challenges of security in cities discussed,NEUTRAL,NEUTRAL,,,,,,,,,,,,,,,,,,,,,,,,,,,,,,,,,,,,,,,,,,,,,,,,,,,,,
The News,Man kills wife over domestic dispute,NEGATIVE,NEGATIVE,,,,,,,,,,,,,,,,,,,,,,,,,,,,,,,,,,,,,,,,,,,,,,,,,,,,,
The News,Minister urged to resolve varsity teachers’ issues,NEUTRAL,NEUTRAL,,,,,,,,,,,,,,,,,,,,,,,,,,,,,,,,,,,,,,,,,,,,,,,,,,,,,
The News,‘CM Summer Games athletes getting best facilities’,POSITIVE,NEUTRAL,,,,,,,,,,,,,,,,,,,,,,,,,,,,,,,,,,,,,,,,,,,,,,,,,,,,,
The News,National Open Data Portal launched,NEUTRAL,POSITIVE,,,,,,,,,,,,,,,,,,,,,,,,,,,,,,,,,,,,,,,,,,,,,,,,,,,,,
The News,CCPO orders foolproof security in Muharram,NEUTRAL,NEUTRAL,,,,,,,,,,,,,,,,,,,,,,,,,,,,,,,,,,,,,,,,,,,,,,,,,,,,,
The News,Muharram security measures discussed,NEUTRAL,NEUTRAL,,,,,,,,,,,,,,,,,,,,,,,,,,,,,,,,,,,,,,,,,,,,,,,,,,,,,
The News,"Plane crash survivor Zafar Masud shares lessons on life, healing in new memoir",NEUTRAL,NEUTRAL,,,,,,,,,,,,,,,,,,,,,,,,,,,,,,,,,,,,,,,,,,,,,,,,,,,,,
The News,‘18% GST on solar panels a misstep’,NEUTRAL,NEUTRAL,,,,,,,,,,,,,,,,,,,,,,,,,,,,,,,,,,,,,,,,,,,,,,,,,,,,,
The News,CDA officer suspended,NEGATIVE,NEUTRAL,,,,,,,,,,,,,,,,,,,,,,,,,,,,,,,,,,,,,,,,,,,,,,,,,,,,,
The News,NCSW concerned over Pakistan’s ranking in gender gap report,NEGATIVE,NEUTRAL,,,,,,,,,,,,,,,,,,,,,,,,,,,,,,,,,,,,,,,,,,,,,,,,,,,,,
The News,Iesco to discontinue bills’ collection through Pak Post from July 1,NEUTRAL,NEUTRAL,,,,,,,,,,,,,,,,,,,,,,,,,,,,,,,,,,,,,,,,,,,,,,,,,,,,,
The News,AIOU announces Autumn admissions from July 1,NEUTRAL,POSITIVE,,,,,,,,,,,,,,,,,,,,,,,,,,,,,,,,,,,,,,,,,,,,,,,,,,,,,
The News,Education minister attends NHU accreditation ceremony,NEUTRAL,NEUTRAL,,,,,,,,,,,,,,,,,,,,,,,,,,,,,,,,,,,,,,,,,,,,,,,,,,,,,
The News,FAPUASA announces nationwide protests against neglecting higher education,NEUTRAL,NEUTRAL,,,,,,,,,,,,,,,,,,,,,,,,,,,,,,,,,,,,,,,,,,,,,,,,,,,,,
The News,NIETE project cost triples amid concerns over training,NEGATIVE,NEGATIVE,,,,,,,,,,,,,,,,,,,,,,,,,,,,,,,,,,,,,,,,,,,,,,,,,,,,,
The News,Mental Health First Aid importance underlined,NEUTRAL,NEUTRAL,,,,,,,,,,,,,,,,,,,,,,,,,,,,,,,,,,,,,,,,,,,,,,,,,,,,,
The News,Cop martyred in Lakki Marwat,NEUTRAL,NEUTRAL,,,,,,,,,,,,,,,,,,,,,,,,,,,,,,,,,,,,,,,,,,,,,,,,,,,,,
The News,Youth shot dead,NEGATIVE,NEUTRAL,,,,,,,,,,,,,,,,,,,,,,,,,,,,,,,,,,,,,,,,,,,,,,,,,,,,,
The News,Traders in Malakand reject federal budget,NEGATIVE,NEGATIVE,,,,,,,,,,,,,,,,,,,,,,,,,,,,,,,,,,,,,,,,,,,,,,,,,,,,,
The News,Mohmand jirga urges govt to fulfill demands,NEUTRAL,NEUTRAL,,,,,,,,,,,,,,,,,,,,,,,,,,,,,,,,,,,,,,,,,,,,,,,,,,,,,
The News,Illegal structure along Kunhar River demolished,NEGATIVE,NEUTRAL,,,,,,,,,,,,,,,,,,,,,,,,,,,,,,,,,,,,,,,,,,,,,,,,,,,,,
The News,Man gets life term in drugs smuggling case,NEGATIVE,NEUTRAL,,,,,,,,,,,,,,,,,,,,,,,,,,,,,,,,,,,,,,,,,,,,,,,,,,,,,
The News,Probe sought into frequent wildfires,NEUTRAL,NEUTRAL,,,,,,,,,,,,,,,,,,,,,,,,,,,,,,,,,,,,,,,,,,,,,,,,,,,,,
The News,Failure to submit comments: Court orders to withhold salaries of officials,NEGATIVE,NEUTRAL,,,,,,,,,,,,,,,,,,,,,,,,,,,,,,,,,,,,,,,,,,,,,,,,,,,,,
The News,Cop killed in Battagram,NEGATIVE,NEUTRAL,,,,,,,,,,,,,,,,,,,,,,,,,,,,,,,,,,,,,,,,,,,,,,,,,,,,,
The News,UN backs development push in south Punjab to tap economic potential,POSITIVE,NEUTRAL,,,,,,,,,,,,,,,,,,,,,,,,,,,,,,,,,,,,,,,,,,,,,,,,,,,,,
The News,Stocks likely to stay rangebound amid geopolitical tensions,NEUTRAL,POSITIVE,,,,,,,,,,,,,,,,,,,,,,,,,,,,,,,,,,,,,,,,,,,,,,,,,,,,,
The News,"Karachi business leaders call federal, Sindh budgets biased",NEUTRAL,NEGATIVE,,,,,,,,,,,,,,,,,,,,,,,,,,,,,,,,,,,,,,,,,,,,,,,,,,,,,
The News,Pakistan cuts interest costs to free up room for development spending: expert,NEUTRAL,NEUTRAL,,,,,,,,,,,,,,,,,,,,,,,,,,,,,,,,,,,,,,,,,,,,,,,,,,,,,
The News,SBP amends export declaration format under PSW,NEUTRAL,NEUTRAL,,,,,,,,,,,,,,,,,,,,,,,,,,,,,,,,,,,,,,,,,,,,,,,,,,,,,
The News,Second Afghan transit trade vessel berths at Gwadar Port,NEUTRAL,POSITIVE,,,,,,,,,,,,,,,,,,,,,,,,,,,,,,,,,,,,,,,,,,,,,,,,,,,,,
The News,Expert highlights shifting priorities in digital connectivity landscape,NEUTRAL,POSITIVE,,,,,,,,,,,,,,,,,,,,,,,,,,,,,,,,,,,,,,,,,,,,,,,,,,,,,
The News,SBP launches PRISM plus,NEUTRAL,NEUTRAL,,,,,,,,,,,,,,,,,,,,,,,,,,,,,,,,,,,,,,,,,,,,,,,,,,,,,
The News,"Trump reports more than $600m in income from crypto, golf, licensing fees",NEUTRAL,NEUTRAL,,,,,,,,,,,,,,,,,,,,,,,,,,,,,,,,,,,,,,,,,,,,,,,,,,,,,
The News,AI’s arrival at work reshaping employers’ hunt for talent,NEUTRAL,NEUTRAL,,,,,,,,,,,,,,,,,,,,,,,,,,,,,,,,,,,,,,,,,,,,,,,,,,,,,
The News,"Gold rates rise Rs1,500 per tola",NEUTRAL,NEUTRAL,,,,,,,,,,,,,,,,,,,,,,,,,,,,,,,,,,,,,,,,,,,,,,,,,,,,,
The News,BankIslami wins Best Campaign Award,POSITIVE,NEUTRAL,,,,,,,,,,,,,,,,,,,,,,,,,,,,,,,,,,,,,,,,,,,,,,,,,,,,,
The News,"Mentorship, not lone geniuses, fuels entrepreneurial success, say experts",POSITIVE,NEUTRAL,,,,,,,,,,,,,,,,,,,,,,,,,,,,,,,,,,,,,,,,,,,,,,,,,,,,,
The News,"LCCI condemns Israeli strike on Iran, urges global action to avert regional escalation",NEUTRAL,NEUTRAL,,,,,,,,,,,,,,,,,,,,,,,,,,,,,,,,,,,,,,,,,,,,,,,,,,,,,
The News,Karachi Basketball elects new office bearers,NEUTRAL,NEUTRAL,,,,,,,,,,,,,,,,,,,,,,,,,,,,,,,,,,,,,,,,,,,,,,,,,,,,,
The News,"After conquering Europe, PSG now have sights set on Club World Cup glory",POSITIVE,POSITIVE,,,,,,,,,,,,,,,,,,,,,,,,,,,,,,,,,,,,,,,,,,,,,,,,,,,,,
The News,Pakistan brace for tough challenge as Nations Cup Hockey starts today,NEUTRAL,NEUTRAL,,,,,,,,,,,,,,,,,,,,,,,,,,,,,,,,,,,,,,,,,,,,,,,,,,,,,
The News,Cummins says WTC final ‘a bridge too far’ for beaten Australia,NEUTRAL,NEUTRAL,,,,,,,,,,,,,,,,,,,,,,,,,,,,,,,,,,,,,,,,,,,,,,,,,,,,,
The News,Markram leads SA to ‘special’ World Test Championship victory,NEUTRAL,NEUTRAL,,,,,,,,,,,,,,,,,,,,,,,,,,,,,,,,,,,,,,,,,,,,,,,,,,,,,
The News,Russell fastest for Mercedes ahead of Norris in second practice,NEUTRAL,NEUTRAL,,,,,,,,,,,,,,,,,,,,,,,,,,,,,,,,,,,,,,,,,,,,,,,,,,,,,
The News,Rain washes out West Indies’ T20 clash in Ireland,NEUTRAL,NEUTRAL,,,,,,,,,,,,,,,,,,,,,,,,,,,,,,,,,,,,,,,,,,,,,,,,,,,,,
The News,Pakistan volleyball to leave for Bahrain today,NEUTRAL,NEUTRAL,,,,,,,,,,,,,,,,,,,,,,,,,,,,,,,,,,,,,,,,,,,,,,,,,,,,,
The News,Pakistan squad for AFC Women’s Asian Cup Qualifiers named,NEUTRAL,NEUTRAL,,,,,,,,,,,,,,,,,,,,,,,,,,,,,,,,,,,,,,,,,,,,,,,,,,,,,
The News,Maria stuns Keys to reach Queen’s final,NEUTRAL,NEUTRAL,,,,,,,,,,,,,,,,,,,,,,,,,,,,,,,,,,,,,,,,,,,,,,,,,,,,,
The News,Five things to look out for as Club World Cup kicks off,NEUTRAL,POSITIVE,,,,,,,,,,,,,,,,,,,,,,,,,,,,,,,,,,,,,,,,,,,,,,,,,,,,,
The News,Rybakina dumped out of Queen’s by qualifier Maria,NEUTRAL,NEUTRAL,,,,,,,,,,,,,,,,,,,,,,,,,,,,,,,,,,,,,,,,,,,,,,,,,,,,,
The News,Burns fires 65 to grab US Open lead as big names stumble,NEUTRAL,NEUTRAL,,,,,,,,,,,,,,,,,,,,,,,,,,,,,,,,,,,,,,,,,,,,,,,,,,,,,
The News,Zverev hopes Stuttgart final is third time lucky on grass,NEUTRAL,NEUTRAL,,,,,,,,,,,,,,,,,,,,,,,,,,,,,,,,,,,,,,,,,,,,,,,,,,,,,
The News,Pacers vow to ‘circle the wagons’ after Thunder loss,NEUTRAL,NEUTRAL,,,,,,,,,,,,,,,,,,,,,,,,,,,,,,,,,,,,,,,,,,,,,,,,,,,,,
The News,Putin tells Trump Russia ready for next round of Ukraine talks,NEUTRAL,NEUTRAL,,,,,,,,,,,,,,,,,,,,,,,,,,,,,,,,,,,,,,,,,,,,,,,,,,,,,
The News,"France says supports Harvard, welcomes foreign students",POSITIVE,NEUTRAL,,,,,,,,,,,,,,,,,,,,,,,,,,,,,,,,,,,,,,,,,,,,,,,,,,,,,
The News,Number of police injured in N Ireland anti-immigrant violence tops 60,NEGATIVE,NEGATIVE,,,,,,,,,,,,,,,,,,,,,,,,,,,,,,,,,,,,,,,,,,,,,,,,,,,,,
The News,UK PM announces U-turn on child-sex scandal inquiry,NEUTRAL,NEUTRAL,,,,,,,,,,,,,,,,,,,,,,,,,,,,,,,,,,,,,,,,,,,,,,,,,,,,,
The News,"Australian shot dead in Bali, another wounded",NEGATIVE,NEUTRAL,,,,,,,,,,,,,,,,,,,,,,,,,,,,,,,,,,,,,,,,,,,,,,,,,,,,,
The News,UK moves warplanes to Middle East amid Iran crisis,NEUTRAL,NEUTRAL,,,,,,,,,,,,,,,,,,,,,,,,,,,,,,,,,,,,,,,,,,,,,,,,,,,,,
The News,Gaza rescuers say 41 killed by Israeli military,NEGATIVE,NEGATIVE,,,,,,,,,,,,,,,,,,,,,,,,,,,,,,,,,,,,,,,,,,,,,,,,,,,,,
The News,"France boosts security, including around Jewish, US sites",NEUTRAL,NEUTRAL,,,,,,,,,,,,,,,,,,,,,,,,,,,,,,,,,,,,,,,,,,,,,,,,,,,,,
The News,Over 600 evacuated as Myanmar military fights anti-coup forces,NEGATIVE,NEUTRAL,,,,,,,,,,,,,,,,,,,,,,,,,,,,,,,,,,,,,,,,,,,,,,,,,,,,,
The News,US protesters hit streets before Trump’s military parade,NEUTRAL,NEUTRAL,,,,,,,,,,,,,,,,,,,,,,,,,,,,,,,,,,,,,,,,,,,,,,,,,,,,,
The News,Trump condemns ‘terrible shooting’ of Minnesota state lawmakers,NEGATIVE,NEGATIVE,,,,,,,,,,,,,,,,,,,,,,,,,,,,,,,,,,,,,,,,,,,,,,,,,,,,,
The News,War only option if India blocks Pakistan’s water: Bilawal,NEGATIVE,NEUTRAL,,,,,,,,,,,,,,,,,,,,,,,,,,,,,,,,,,,,,,,,,,,,,,,,,,,,,
The News,Need to rid finance bill of errors,NEGATIVE,NEUTRAL,,,,,,,,,,,,,,,,,,,,,,,,,,,,,,,,,,,,,,,,,,,,,,,,,,,,,
The News,PTI protests outside Pakistan Embassy in Washington,NEGATIVE,NEUTRAL,,,,,,,,,,,,,,,,,,,,,,,,,,,,,,,,,,,,,,,,,,,,,,,,,,,,,
The News,"Petrol price up by Rs4.80, diesel by Rs7.95 per litre",NEUTRAL,NEUTRAL,,,,,,,,,,,,,,,,,,,,,,,,,,,,,,,,,,,,,,,,,,,,,,,,,,,,,
The News,Govt in talks with ‘crypto mentor’ Michael Saylor on bitcoin reserves,NEUTRAL,POSITIVE,,,,,,,,,,,,,,,,,,,,,,,,,,,,,,,,,,,,,,,,,,,,,,,,,,,,,
The News,"CEC, ECP members appointment: NA secretariat says procedures being followed",NEUTRAL,NEUTRAL,,,,,,,,,,,,,,,,,,,,,,,,,,,,,,,,,,,,,,,,,,,,,,,,,,,,,
The News,Senate panel asks FBR to define tax fraud threshold that would lead to arrest,NEUTRAL,NEUTRAL,,,,,,,,,,,,,,,,,,,,,,,,,,,,,,,,,,,,,,,,,,,,,,,,,,,,,
The News,Revised PPAs with wind power plants expected in next two weeks,NEUTRAL,NEUTRAL,,,,,,,,,,,,,,,,,,,,,,,,,,,,,,,,,,,,,,,,,,,,,,,,,,,,,
The News,"Children of industrial, mine workers can get admission to COMSATS: Maryam",NEUTRAL,NEUTRAL,,,,,,,,,,,,,,,,,,,,,,,,,,,,,,,,,,,,,,,,,,,,,,,,,,,,,
The News,"Ukraine says received another 1,200 bodies from Russia",NEUTRAL,NEUTRAL,,,,,,,,,,,,,,,,,,,,,,,,,,,,,,,,,,,,,,,,,,,,,,,,,,,,,
The News,Ex-president Sarkozy stripped of France’s top honour after conviction,NEGATIVE,NEUTRAL,,,,,,,,,,,,,,,,,,,,,,,,,,,,,,,,,,,,,,,,,,,,,,,,,,,,,
The News,Reuters/Ipsos poll: Americans don’t see Supreme Court as politically neutral,NEUTRAL,NEUTRAL,,,,,,,,,,,,,,,,,,,,,,,,,,,,,,,,,,,,,,,,,,,,,,,,,,,,,
The News,UK’s National Crime Agency asked to investigate grooming gang cases,NEUTRAL,NEUTRAL,,,,,,,,,,,,,,,,,,,,,,,,,,,,,,,,,,,,,,,,,,,,,,,,,,,,,
The News,"Two policemen killed, five injured in Sui firing",NEGATIVE,NEUTRAL,,,,,,,,,,,,,,,,,,,,,,,,,,,,,,,,,,,,,,,,,,,,,,,,,,,,,
The News,JI renews demand for revision of govt’s agreements with IPPs,NEUTRAL,NEUTRAL,,,,,,,,,,,,,,,,,,,,,,,,,,,,,,,,,,,,,,,,,,,,,,,,,,,,,
The News,Philosophy behind socialism with Chinese characteristics,NEUTRAL,NEUTRAL,,,,,,,,,,,,,,,,,,,,,,,,,,,,,,,,,,,,,,,,,,,,,,,,,,,,,
The News,Balochistan to present Rs1tr budget for FY 2025-26 tomorrow,NEUTRAL,NEUTRAL,,,,,,,,,,,,,,,,,,,,,,,,,,,,,,,,,,,,,,,,,,,,,,,,,,,,,
The News,PTI blames govt for sharp decline in purchasing power of Pakistanis,NEGATIVE,NEGATIVE,,,,,,,,,,,,,,,,,,,,,,,,,,,,,,,,,,,,,,,,,,,,,,,,,,,,,
The News,UN delegation visits mango orchard in South Punjab,NEUTRAL,POSITIVE,,,,,,,,,,,,,,,,,,,,,,,,,,,,,,,,,,,,,,,,,,,,,,,,,,,,,
The News,"PBC raises concerns over FBR powers, says budget punishes formal sector",NEGATIVE,NEUTRAL,,,,,,,,,,,,,,,,,,,,,,,,,,,,,,,,,,,,,,,,,,,,,,,,,,,,,
The News,Iran-Israel conflict sparks fuel crisis in Balochistan,NEGATIVE,NEGATIVE,,,,,,,,,,,,,,,,,,,,,,,,,,,,,,,,,,,,,,,,,,,,,,,,,,,,,
The News,Over Rs6.5tr Punjab budget to be tabled today,NEUTRAL,NEUTRAL,,,,,,,,,,,,,,,,,,,,,,,,,,,,,,,,,,,,,,,,,,,,,,,,,,,,,
The News,‘This is a culture’ — TikToker’s murder highlights unease with women online,NEGATIVE,NEGATIVE,,,,,,,,,,,,,,,,,,,,,,,,,,,,,,,,,,,,,,,,,,,,,,,,,,,,,
The News,SC orders DHA not to raise unauthorised structure in public park,NEUTRAL,NEUTRAL,,,,,,,,,,,,,,,,,,,,,,,,,,,,,,,,,,,,,,,,,,,,,,,,,,,,,
The News,"KWSC forms plan to ensure water supply, drainage during Muharram",NEUTRAL,NEUTRAL,,,,,,,,,,,,,,,,,,,,,,,,,,,,,,,,,,,,,,,,,,,,,,,,,,,,,
The News,"‘Over 871,000 in Pakistan died from non-communicable diseases in 2021’",NEGATIVE,NEUTRAL,,,,,,,,,,,,,,,,,,,,,,,,,,,,,,,,,,,,,,,,,,,,,,,,,,,,,
The News,Rangers arrest ‘MQM-L target killer’,NEUTRAL,NEGATIVE,,,,,,,,,,,,,,,,,,,,,,,,,,,,,,,,,,,,,,,,,,,,,,,,,,,,,
The News,HBL holds awareness programme for farmers,NEUTRAL,POSITIVE,,,,,,,,,,,,,,,,,,,,,,,,,,,,,,,,,,,,,,,,,,,,,,,,,,,,,
The News,Two youths drown off Hawkes Bay,NEGATIVE,NEUTRAL,,,,,,,,,,,,,,,,,,,,,,,,,,,,,,,,,,,,,,,,,,,,,,,,,,,,,
The News,Deserving families get sacrificial meat through Chhipa initiative,NEGATIVE,NEUTRAL,,,,,,,,,,,,,,,,,,,,,,,,,,,,,,,,,,,,,,,,,,,,,,,,,,,,,
The News,Official relieved from duty over alleged funds embezzlement,NEUTRAL,NEUTRAL,,,,,,,,,,,,,,,,,,,,,,,,,,,,,,,,,,,,,,,,,,,,,,,,,,,,,
The News,Four children among six injured in jubilation firing; suspect held,NEGATIVE,NEUTRAL,,,,,,,,,,,,,,,,,,,,,,,,,,,,,,,,,,,,,,,,,,,,,,,,,,,,,
The News,"Thunderstorm, heavy rainfall forecast",NEUTRAL,NEUTRAL,,,,,,,,,,,,,,,,,,,,,,,,,,,,,,,,,,,,,,,,,,,,,,,,,,,,,
The News,Jail officials’ ordinary leave banned,NEUTRAL,NEUTRAL,,,,,,,,,,,,,,,,,,,,,,,,,,,,,,,,,,,,,,,,,,,,,,,,,,,,,
The News,12 die on road in 24 hours,NEGATIVE,NEUTRAL,,,,,,,,,,,,,,,,,,,,,,,,,,,,,,,,,,,,,,,,,,,,,,,,,,,,,
The News,Appointed,POSITIVE,NEUTRAL,,,,,,,,,,,,,,,,,,,,,,,,,,,,,,,,,,,,,,,,,,,,,,,,,,,,,
The News,"26,581 appear in UET ECAT Phase-II",NEUTRAL,NEUTRAL,,,,,,,,,,,,,,,,,,,,,,,,,,,,,,,,,,,,,,,,,,,,,,,,,,,,,
The News,"CM summer games Badminton, volleyball finals to be played today",NEUTRAL,NEUTRAL,,,,,,,,,,,,,,,,,,,,,,,,,,,,,,,,,,,,,,,,,,,,,,,,,,,,,
The News,IGP takes notice of triple murder incident,NEUTRAL,NEUTRAL,,,,,,,,,,,,,,,,,,,,,,,,,,,,,,,,,,,,,,,,,,,,,,,,,,,,,
The News,"Over 33,000 register for PU undergraduate programme entrance test",NEUTRAL,NEUTRAL,,,,,,,,,,,,,,,,,,,,,,,,,,,,,,,,,,,,,,,,,,,,,,,,,,,,,
The News,BISP to launch retail based payment model from June 16,NEUTRAL,NEUTRAL,,,,,,,,,,,,,,,,,,,,,,,,,,,,,,,,,,,,,,,,,,,,,,,,,,,,,
The News,Pindiites seek relief from persistent utility shortages,NEUTRAL,NEUTRAL,,,,,,,,,,,,,,,,,,,,,,,,,,,,,,,,,,,,,,,,,,,,,,,,,,,,,
The News,USEFP breaks new ground with first-ever headquarters in Islamabad,NEUTRAL,POSITIVE,,,,,,,,,,,,,,,,,,,,,,,,,,,,,,,,,,,,,,,,,,,,,,,,,,,,,
The News,"Parliamentary secy, Kazakh envoy discuss educational ties",NEUTRAL,NEUTRAL,,,,,,,,,,,,,,,,,,,,,,,,,,,,,,,,,,,,,,,,,,,,,,,,,,,,,
The News,Minister welcomes regional trade connectivity at Gwadar Port,POSITIVE,POSITIVE,,,,,,,,,,,,,,,,,,,,,,,,,,,,,,,,,,,,,,,,,,,,,,,,,,,,,
The News,"‘Major funds approved for development projects, water schemes in Pindi’",NEUTRAL,NEUTRAL,,,,,,,,,,,,,,,,,,,,,,,,,,,,,,,,,,,,,,,,,,,,,,,,,,,,,
The News,Teachers complain about unfair honorarium distribution,NEGATIVE,NEUTRAL,,,,,,,,,,,,,,,,,,,,,,,,,,,,,,,,,,,,,,,,,,,,,,,,,,,,,
The News,Suspects held in Bannu search,NEUTRAL,NEUTRAL,,,,,,,,,,,,,,,,,,,,,,,,,,,,,,,,,,,,,,,,,,,,,,,,,,,,,
The News,KP Rural Investment & Institutional Support Project: Workshop arranged to strengthen coordination in merged districts,NEUTRAL,NEUTRAL,,,,,,,,,,,,,,,,,,,,,,,,,,,,,,,,,,,,,,,,,,,,,,,,,,,,,
The News,Interprovincial gang of car lifters busted,NEUTRAL,NEUTRAL,,,,,,,,,,,,,,,,,,,,,,,,,,,,,,,,,,,,,,,,,,,,,,,,,,,,,
The News,Book on rare topic published,NEUTRAL,NEUTRAL,,,,,,,,,,,,,,,,,,,,,,,,,,,,,,,,,,,,,,,,,,,,,,,,,,,,,
The News,Cop martyred in Bajaur attack,NEGATIVE,NEUTRAL,,,,,,,,,,,,,,,,,,,,,,,,,,,,,,,,,,,,,,,,,,,,,,,,,,,,,
The News,JUI-F leaders want Pakistan to support Iran,NEUTRAL,NEUTRAL,,,,,,,,,,,,,,,,,,,,,,,,,,,,,,,,,,,,,,,,,,,,,,,,,,,,,
The News,DIG visits PM’s aide house after rocket attack,NEUTRAL,NEUTRAL,,,,,,,,,,,,,,,,,,,,,,,,,,,,,,,,,,,,,,,,,,,,,,,,,,,,,
The News,Changes sought to new Customs assessment system,NEUTRAL,NEUTRAL,,,,,,,,,,,,,,,,,,,,,,,,,,,,,,,,,,,,,,,,,,,,,,,,,,,,,
The News,Young polo players question selection for Shandur tourney,NEUTRAL,NEUTRAL,,,,,,,,,,,,,,,,,,,,,,,,,,,,,,,,,,,,,,,,,,,,,,,,,,,,,
The News,"Son of retired SSP awarded merit certificate, cash",NEUTRAL,NEUTRAL,,,,,,,,,,,,,,,,,,,,,,,,,,,,,,,,,,,,,,,,,,,,,,,,,,,,,
The News,De Silva leads Sri Lanka Test squad against Bangladesh,NEUTRAL,NEUTRAL,,,,,,,,,,,,,,,,,,,,,,,,,,,,,,,,,,,,,,,,,,,,,,,,,,,,,
The News,Fritz downs Zverev in Stuttgart to secure first title of year,NEUTRAL,NEUTRAL,,,,,,,,,,,,,,,,,,,,,,,,,,,,,,,,,,,,,,,,,,,,,,,,,,,,,
The News,Pakistan draw 3-3 with Malaysia in FIH Nations Cup,NEUTRAL,NEUTRAL,,,,,,,,,,,,,,,,,,,,,,,,,,,,,,,,,,,,,,,,,,,,,,,,,,,,,
The News,PCB launches skills development camp at NCA,NEUTRAL,NEUTRAL,,,,,,,,,,,,,,,,,,,,,,,,,,,,,,,,,,,,,,,,,,,,,,,,,,,,,
The News,French Open champ Alcaraz ready for Queen’s after Ibiza party,NEUTRAL,POSITIVE,,,,,,,,,,,,,,,,,,,,,,,,,,,,,,,,,,,,,,,,,,,,,,,,,,,,,
The News,Canada’s Conners withdraws from US Open due to injury,NEGATIVE,NEUTRAL,,,,,,,,,,,,,,,,,,,,,,,,,,,,,,,,,,,,,,,,,,,,,,,,,,,,,
The News,Pakistan federations plan participation in Indian events despite significant bilateral confrontation,NEUTRAL,NEUTRAL,,,,,,,,,,,,,,,,,,,,,,,,,,,,,,,,,,,,,,,,,,,,,,,,,,,,,
The News,Messi denied late winner in Club World Cup opener,NEUTRAL,NEUTRAL,,,,,,,,,,,,,,,,,,,,,,,,,,,,,,,,,,,,,,,,,,,,,,,,,,,,,
The News,US Open leader Burns eyes first major title at historic Oakmont,NEUTRAL,POSITIVE,,,,,,,,,,,,,,,,,,,,,,,,,,,,,,,,,,,,,,,,,,,,,,,,,,,,,
The News,Bath hold off Leicester to end 29 year-wait for English title,NEUTRAL,POSITIVE,,,,,,,,,,,,,,,,,,,,,,,,,,,,,,,,,,,,,,,,,,,,,,,,,,,,,
The News,PSL-10 tickets’ refund to begin today,NEUTRAL,NEUTRAL,,,,,,,,,,,,,,,,,,,,,,,,,,,,,,,,,,,,,,,,,,,,,,,,,,,,,
The News,New-look Man City crave winning feeling at Club World Cup,NEUTRAL,NEUTRAL,,,,,,,,,,,,,,,,,,,,,,,,,,,,,,,,,,,,,,,,,,,,,,,,,,,,,
The News,Sinner had ‘sleepless nights’ after dramatic French Open final loss,NEGATIVE,POSITIVE,,,,,,,,,,,,,,,,,,,,,,,,,,,,,,,,,,,,,,,,,,,,,,,,,,,,,
The News,‘Damage limitation’ for McLaren after qualifying woe,NEGATIVE,NEUTRAL,,,,,,,,,,,,,,,,,,,,,,,,,,,,,,,,,,,,,,,,,,,,,,,,,,,,,
The News,Mertens wins 10th WTA Tour title in Netherlands,NEUTRAL,NEUTRAL,,,,,,,,,,,,,,,,,,,,,,,,,,,,,,,,,,,,,,,,,,,,,,,,,,,,,
The News,"Australian PM to press Trump on tariffs, defence pact",NEUTRAL,NEUTRAL,,,,,,,,,,,,,,,,,,,,,,,,,,,,,,,,,,,,,,,,,,,,,,,,,,,,,
The News,Toddler among seven killed in India chopper crash,NEGATIVE,NEUTRAL,,,,,,,,,,,,,,,,,,,,,,,,,,,,,,,,,,,,,,,,,,,,,,,,,,,,,
The News,"Trump administration weighs adding 36 countries to travel ban, says memo",NEUTRAL,NEUTRAL,,,,,,,,,,,,,,,,,,,,,,,,,,,,,,,,,,,,,,,,,,,,,,,,,,,,,
The News,"Macron says Greenland is not to be sold, nor taken",NEUTRAL,NEUTRAL,,,,,,,,,,,,,,,,,,,,,,,,,,,,,,,,,,,,,,,,,,,,,,,,,,,,,
The News,"India a voice for Global South at G7, says foreign minister",NEUTRAL,NEUTRAL,,,,,,,,,,,,,,,,,,,,,,,,,,,,,,,,,,,,,,,,,,,,,,,,,,,,,
The News,"Netanyahu sees Gaza hostage release ‘opening’, orders talks",NEUTRAL,NEUTRAL,,,,,,,,,,,,,,,,,,,,,,,,,,,,,,,,,,,,,,,,,,,,,,,,,,,,,
The News,Modi visits Cyprus to advance trade corridor plans,NEUTRAL,NEUTRAL,,,,,,,,,,,,,,,,,,,,,,,,,,,,,,,,,,,,,,,,,,,,,,,,,,,,,
The News,Israel's strikes on Iran were years in the making: analysts,NEUTRAL,NEUTRAL,,,,,,,,,,,,,,,,,,,,,,,,,,,,,,,,,,,,,,,,,,,,,,,,,,,,,
The News,Families hold funerals for Air India crash victims,NEUTRAL,NEGATIVE,,,,,,,,,,,,,,,,,,,,,,,,,,,,,,,,,,,,,,,,,,,,,,,,,,,,,
The News,Ukraine’s Sumy region on edge as Russian advance closes in,NEUTRAL,NEGATIVE,,,,,,,,,,,,,,,,,,,,,,,,,,,,,,,,,,,,,,,,,,,,,,,,,,,,,
The News,Manhunt continues for suspect in shootings of Minnesota lawmakers,NEUTRAL,NEGATIVE,,,,,,,,,,,,,,,,,,,,,,,,,,,,,,,,,,,,,,,,,,,,,,,,,,,,,
The News,Thousands of UK students caught cheating using AI,NEGATIVE,NEUTRAL,,,,,,,,,,,,,,,,,,,,,,,,,,,,,,,,,,,,,,,,,,,,,,,,,,,,,
The News,One dead after 6.1-magnitude earthquake in Peru,NEGATIVE,NEGATIVE,,,,,,,,,,,,,,,,,,,,,,,,,,,,,,,,,,,,,,,,,,,,,,,,,,,,,
The News,Protesters against overtourism take to the streets of southern Europe,NEUTRAL,NEUTRAL,,,,,,,,,,,,,,,,,,,,,,,,,,,,,,,,,,,,,,,,,,,,,,,,,,,,,
The News,Cyprus says it has been asked by Iran to convey ‘some messages’ to Israel,NEUTRAL,NEUTRAL,,,,,,,,,,,,,,,,,,,,,,,,,,,,,,,,,,,,,,,,,,,,,,,,,,,,,
The News,FMs of 20 Muslim states condemn Israeli attacks on Iran,NEUTRAL,NEUTRAL,,,,,,,,,,,,,,,,,,,,,,,,,,,,,,,,,,,,,,,,,,,,,,,,,,,,,
The News,Pakistan’s deterrence ability for its own security: Dar,NEUTRAL,NEGATIVE,,,,,,,,,,,,,,,,,,,,,,,,,,,,,,,,,,,,,,,,,,,,,,,,,,,,,
The News,Punjab unveils Rs5.335tr tax-free budget,NEUTRAL,NEUTRAL,,,,,,,,,,,,,,,,,,,,,,,,,,,,,,,,,,,,,,,,,,,,,,,,,,,,,
The News,"Under IMF push Banks to flag big spenders as tax breaks end for new SEZs, STZs",NEUTRAL,NEUTRAL,,,,,,,,,,,,,,,,,,,,,,,,,,,,,,,,,,,,,,,,,,,,,,,,,,,,,
The News,PTI asks PPP to boycott budget,NEGATIVE,NEGATIVE,,,,,,,,,,,,,,,,,,,,,,,,,,,,,,,,,,,,,,,,,,,,,,,,,,,,,
The News,SC can't misinterpret Constitution: Justice Mazhar,NEUTRAL,NEUTRAL,,,,,,,,,,,,,,,,,,,,,,,,,,,,,,,,,,,,,,,,,,,,,,,,,,,,,
The News,"Blue economy is a ‘game changer’, says PM",POSITIVE,POSITIVE,,,,,,,,,,,,,,,,,,,,,,,,,,,,,,,,,,,,,,,,,,,,,,,,,,,,,
The News,Airline’s privatization: PIA employees join bidding race as two more submit offers,NEUTRAL,NEUTRAL,,,,,,,,,,,,,,,,,,,,,,,,,,,,,,,,,,,,,,,,,,,,,,,,,,,,,
The News,Low-profile Nawaz 'fully backs hybrid setup',NEUTRAL,NEUTRAL,,,,,,,,,,,,,,,,,,,,,,,,,,,,,,,,,,,,,,,,,,,,,,,,,,,,,
The News,SBP profit expected to reach Rs2.4tr in FY25: governor,NEUTRAL,NEUTRAL,,,,,,,,,,,,,,,,,,,,,,,,,,,,,,,,,,,,,,,,,,,,,,,,,,,,,
The News,Sindh deficit budget hits fiscal framework agreed with IMF,NEUTRAL,NEUTRAL,,,,,,,,,,,,,,,,,,,,,,,,,,,,,,,,,,,,,,,,,,,,,,,,,,,,,
The News,Punjab Assembly passes bill to counter violent extremism,NEUTRAL,NEUTRAL,,,,,,,,,,,,,,,,,,,,,,,,,,,,,,,,,,,,,,,,,,,,,,,,,,,,,
The News,"SC adds KP speaker, govt as party to reserved seats case",NEUTRAL,NEUTRAL,,,,,,,,,,,,,,,,,,,,,,,,,,,,,,,,,,,,,,,,,,,,,,,,,,,,,
The News,NAB chief vows to protect business community,NEUTRAL,NEUTRAL,,,,,,,,,,,,,,,,,,,,,,,,,,,,,,,,,,,,,,,,,,,,,,,,,,,,,
The News,$6bn refinery upgrade: SIFC to work out new proposals as IMF rejects govt’s proposals,NEUTRAL,NEUTRAL,,,,,,,,,,,,,,,,,,,,,,,,,,,,,,,,,,,,,,,,,,,,,,,,,,,,,
The News,TikTok star murder suspect remanded in police custody for four days,NEGATIVE,NEUTRAL,,,,,,,,,,,,,,,,,,,,,,,,,,,,,,,,,,,,,,,,,,,,,,,,,,,,,
The News,Historic temple in Lasbela declared world tourism site,NEUTRAL,NEUTRAL,,,,,,,,,,,,,,,,,,,,,,,,,,,,,,,,,,,,,,,,,,,,,,,,,,,,,
The News,Security forces kill 5 Indian-sponsored terrorists in 2 KP IBOs,NEGATIVE,NEUTRAL,,,,,,,,,,,,,,,,,,,,,,,,,,,,,,,,,,,,,,,,,,,,,,,,,,,,,
The News,Sindh CM’s intervention sought over Rs40bn NICVD audit ‘irregularities’,NEUTRAL,NEUTRAL,,,,,,,,,,,,,,,,,,,,,,,,,,,,,,,,,,,,,,,,,,,,,,,,,,,,,
The News,Kamal calls for unified efforts to eradicate polio,NEUTRAL,NEUTRAL,,,,,,,,,,,,,,,,,,,,,,,,,,,,,,,,,,,,,,,,,,,,,,,,,,,,,
The News,Rabbani slams federal govt over managing Sindh uplift schemes,NEUTRAL,NEUTRAL,,,,,,,,,,,,,,,,,,,,,,,,,,,,,,,,,,,,,,,,,,,,,,,,,,,,,
The News,"Pakistani nationals, Zaireen return home from Iraq, Iran",NEUTRAL,NEUTRAL,,,,,,,,,,,,,,,,,,,,,,,,,,,,,,,,,,,,,,,,,,,,,,,,,,,,,
The News,Iran-Israel conflict: Pakistan shuts border with Iran for indefinite period,NEUTRAL,NEUTRAL,,,,,,,,,,,,,,,,,,,,,,,,,,,,,,,,,,,,,,,,,,,,,,,,,,,,,
The News,"2 killed, several hurt in Rakhni blast",NEGATIVE,NEUTRAL,,,,,,,,,,,,,,,,,,,,,,,,,,,,,,,,,,,,,,,,,,,,,,,,,,,,,
The News,Trump mulls extending travel ban to 36 more nations,NEUTRAL,NEUTRAL,,,,,,,,,,,,,,,,,,,,,,,,,,,,,,,,,,,,,,,,,,,,,,,,,,,,,
The News,Data of Pakistan’s $3.2m HIV survey under fire for ‘fabrication’,NEGATIVE,NEGATIVE,,,,,,,,,,,,,,,,,,,,,,,,,,,,,,,,,,,,,,,,,,,,,,,,,,,,,
The News,Debate in KP Assembly Opposition demands review of budgetary figures,NEUTRAL,NEGATIVE,,,,,,,,,,,,,,,,,,,,,,,,,,,,,,,,,,,,,,,,,,,,,,,,,,,,,
The News,Jirga strikes peace accord in Kurram,NEUTRAL,NEUTRAL,,,,,,,,,,,,,,,,,,,,,,,,,,,,,,,,,,,,,,,,,,,,,,,,,,,,,
The News,Meeting with PTI founder: IHC reserves verdict on contempt plea filed by PTI’s Niazi,NEUTRAL,NEUTRAL,,,,,,,,,,,,,,,,,,,,,,,,,,,,,,,,,,,,,,,,,,,,,,,,,,,,,
The News,Senate panel okays Pakistan Navy bill,NEUTRAL,NEUTRAL,,,,,,,,,,,,,,,,,,,,,,,,,,,,,,,,,,,,,,,,,,,,,,,,,,,,,
The News,Rs25bn allocated in Sindh budget to reduce power costs through solarisation: Nasir,NEUTRAL,NEUTRAL,,,,,,,,,,,,,,,,,,,,,,,,,,,,,,,,,,,,,,,,,,,,,,,,,,,,,
The News,‘Stability of law and order most important responsibility of IGP’,NEUTRAL,NEUTRAL,,,,,,,,,,,,,,,,,,,,,,,,,,,,,,,,,,,,,,,,,,,,,,,,,,,,,
The News,"One killed, five injured in Surjani Town shooting",NEGATIVE,NEUTRAL,,,,,,,,,,,,,,,,,,,,,,,,,,,,,,,,,,,,,,,,,,,,,,,,,,,,,
The News,Intelligence agency official killing case: SHC commutes convict’s death sentence to life imprisonment,NEGATIVE,NEGATIVE,,,,,,,,,,,,,,,,,,,,,,,,,,,,,,,,,,,,,,,,,,,,,,,,,,,,,
The News,"KU okays transfer of admissions for MPhil, PhD programmes from private universities",NEUTRAL,NEUTRAL,,,,,,,,,,,,,,,,,,,,,,,,,,,,,,,,,,,,,,,,,,,,,,,,,,,,,
The News,Inter-family marriages a major cause of inherited diseases in Pakistan: experts,NEGATIVE,NEUTRAL,,,,,,,,,,,,,,,,,,,,,,,,,,,,,,,,,,,,,,,,,,,,,,,,,,,,,
The News,Customs seizes smuggled cell phones in Saddar mobile market raid,NEGATIVE,NEUTRAL,,,,,,,,,,,,,,,,,,,,,,,,,,,,,,,,,,,,,,,,,,,,,,,,,,,,,
The News,Spoiled meat seized as SFA raids Hyderabad restaurant,NEGATIVE,NEUTRAL,,,,,,,,,,,,,,,,,,,,,,,,,,,,,,,,,,,,,,,,,,,,,,,,,,,,,
The News,CTD submits final charge sheet in Karachi airport suicide attack case,NEUTRAL,NEUTRAL,,,,,,,,,,,,,,,,,,,,,,,,,,,,,,,,,,,,,,,,,,,,,,,,,,,,,
The News,‘Gang leader’ killed in police encounter in Shah Latif Town,NEGATIVE,NEUTRAL,,,,,,,,,,,,,,,,,,,,,,,,,,,,,,,,,,,,,,,,,,,,,,,,,,,,,
The News,Tessori pays tribute to overseas Pakistanis as ‘unsung heroes’,POSITIVE,POSITIVE,,,,,,,,,,,,,,,,,,,,,,,,,,,,,,,,,,,,,,,,,,,,,,,,,,,,,
The News,CM provides financial support for boxer Alia Soomro,POSITIVE,NEUTRAL,,,,,,,,,,,,,,,,,,,,,,,,,,,,,,,,,,,,,,,,,,,,,,,,,,,,,
The News,"Bathing, gatherings banned along Hub Canal till July 17",NEGATIVE,NEUTRAL,,,,,,,,,,,,,,,,,,,,,,,,,,,,,,,,,,,,,,,,,,,,,,,,,,,,,
The News,CITY PULSE,NEUTRAL,NEUTRAL,,,,,,,,,,,,,,,,,,,,,,,,,,,,,,,,,,,,,,,,,,,,,,,,,,,,,
The News,Rs811.8bn allocated for education,NEUTRAL,NEUTRAL,,,,,,,,,,,,,,,,,,,,,,,,,,,,,,,,,,,,,,,,,,,,,,,,,,,,,
The News,Career counselling: questions and answers,NEUTRAL,POSITIVE,,,,,,,,,,,,,,,,,,,,,,,,,,,,,,,,,,,,,,,,,,,,,,,,,,,,,
The News,Rs300bn earmarked for law & order,NEUTRAL,NEUTRAL,,,,,,,,,,,,,,,,,,,,,,,,,,,,,,,,,,,,,,,,,,,,,,,,,,,,,
The News,It’s best budget in Punjab’s history: Azma,POSITIVE,NEUTRAL,,,,,,,,,,,,,,,,,,,,,,,,,,,,,,,,,,,,,,,,,,,,,,,,,,,,,
The News,Speaker greets CM on presenting welfare-oriented budget,NEUTRAL,NEUTRAL,,,,,,,,,,,,,,,,,,,,,,,,,,,,,,,,,,,,,,,,,,,,,,,,,,,,,
The News,16 die on road in 24 hours,NEGATIVE,NEUTRAL,,,,,,,,,,,,,,,,,,,,,,,,,,,,,,,,,,,,,,,,,,,,,,,,,,,,,
The News,"JI urges govt to adopt decisive policy on Palestine, Iran-Israel war",NEUTRAL,NEUTRAL,,,,,,,,,,,,,,,,,,,,,,,,,,,,,,,,,,,,,,,,,,,,,,,,,,,,,
The News,Scattered rain lowers mercury in City,NEUTRAL,NEUTRAL,,,,,,,,,,,,,,,,,,,,,,,,,,,,,,,,,,,,,,,,,,,,,,,,,,,,,
The News,UHS Syndicate approves appointment of 25 faculty members,NEUTRAL,NEUTRAL,,,,,,,,,,,,,,,,,,,,,,,,,,,,,,,,,,,,,,,,,,,,,,,,,,,,,
The News,"Agriculture, allied sectors’ budget enhanced",NEUTRAL,NEUTRAL,,,,,,,,,,,,,,,,,,,,,,,,,,,,,,,,,,,,,,,,,,,,,,,,,,,,,
The News,LAHR gets Rs635m,NEUTRAL,NEUTRAL,,,,,,,,,,,,,,,,,,,,,,,,,,,,,,,,,,,,,,,,,,,,,,,,,,,,,
The News,Seven cornea transplants performed free-of-cost at Mayo,NEUTRAL,NEUTRAL,,,,,,,,,,,,,,,,,,,,,,,,,,,,,,,,,,,,,,,,,,,,,,,,,,,,,
The News,"Rs15bn go to environment, climate change",NEUTRAL,NEUTRAL,,,,,,,,,,,,,,,,,,,,,,,,,,,,,,,,,,,,,,,,,,,,,,,,,,,,,
The News,Foolproof security ensured during PA budget session,NEUTRAL,NEUTRAL,,,,,,,,,,,,,,,,,,,,,,,,,,,,,,,,,,,,,,,,,,,,,,,,,,,,,
The News,Transferred,NEUTRAL,NEUTRAL,,,,,,,,,,,,,,,,,,,,,,,,,,,,,,,,,,,,,,,,,,,,,,,,,,,,,
The News,Dog bites and rabies – real threats in summer,NEGATIVE,NEGATIVE,,,,,,,,,,,,,,,,,,,,,,,,,,,,,,,,,,,,,,,,,,,,,,,,,,,,,
The News,FAPUASA observes nationwide black day,NEUTRAL,NEUTRAL,,,,,,,,,,,,,,,,,,,,,,,,,,,,,,,,,,,,,,,,,,,,,,,,,,,,,
The News,‘Cleanliness collective duty of all citizens’,NEUTRAL,POSITIVE,,,,,,,,,,,,,,,,,,,,,,,,,,,,,,,,,,,,,,,,,,,,,,,,,,,,,
The News,Information and broadcasting secretary meets APNS committee,NEUTRAL,NEUTRAL,,,,,,,,,,,,,,,,,,,,,,,,,,,,,,,,,,,,,,,,,,,,,,,,,,,,,
The News,Commissioner orders land identification for Sahulat Bazaars,NEUTRAL,NEUTRAL,,,,,,,,,,,,,,,,,,,,,,,,,,,,,,,,,,,,,,,,,,,,,,,,,,,,,
The News,Meeting reviews prices,NEUTRAL,NEUTRAL,,,,,,,,,,,,,,,,,,,,,,,,,,,,,,,,,,,,,,,,,,,,,,,,,,,,,
The News,Pak Haj Mission honours performance of staff in Makkah,POSITIVE,POSITIVE,,,,,,,,,,,,,,,,,,,,,,,,,,,,,,,,,,,,,,,,,,,,,,,,,,,,,
The News,‘GB ideal region for investment’,NEUTRAL,POSITIVE,,,,,,,,,,,,,,,,,,,,,,,,,,,,,,,,,,,,,,,,,,,,,,,,,,,,,
The News,Muslims urged to follow teachings of Quran,NEUTRAL,NEUTRAL,,,,,,,,,,,,,,,,,,,,,,,,,,,,,,,,,,,,,,,,,,,,,,,,,,,,,
The News,Travel in style: Cross-border membership for hospitality launched,NEUTRAL,POSITIVE,,,,,,,,,,,,,,,,,,,,,,,,,,,,,,,,,,,,,,,,,,,,,,,,,,,,,
The News,PAL represents Pakistani literati in two international conferences in China,NEUTRAL,NEUTRAL,,,,,,,,,,,,,,,,,,,,,,,,,,,,,,,,,,,,,,,,,,,,,,,,,,,,,
The News,IHC hears appeal of workers in May 9 case,NEUTRAL,NEUTRAL,,,,,,,,,,,,,,,,,,,,,,,,,,,,,,,,,,,,,,,,,,,,,,,,,,,,,
The News,How Noor Muqaddam case galvanised public,NEUTRAL,NEUTRAL,,,,,,,,,,,,,,,,,,,,,,,,,,,,,,,,,,,,,,,,,,,,,,,,,,,,,
The News,Temporary ramp built over stream in Kaghan,NEUTRAL,NEUTRAL,,,,,,,,,,,,,,,,,,,,,,,,,,,,,,,,,,,,,,,,,,,,,,,,,,,,,
The News,Serial killer and rapist handed death sentence,NEGATIVE,NEGATIVE,,,,,,,,,,,,,,,,,,,,,,,,,,,,,,,,,,,,,,,,,,,,,,,,,,,,,
The News,Inmate dies in Bannu prison,NEGATIVE,NEUTRAL,,,,,,,,,,,,,,,,,,,,,,,,,,,,,,,,,,,,,,,,,,,,,,,,,,,,,
The News,Protesters want locals recruited in Orakzai,NEUTRAL,NEUTRAL,,,,,,,,,,,,,,,,,,,,,,,,,,,,,,,,,,,,,,,,,,,,,,,,,,,,,
The News,Forest fire guts house,NEUTRAL,NEUTRAL,,,,,,,,,,,,,,,,,,,,,,,,,,,,,,,,,,,,,,,,,,,,,,,,,,,,,
The News,Committee discusses Muharram programmes,NEUTRAL,NEUTRAL,,,,,,,,,,,,,,,,,,,,,,,,,,,,,,,,,,,,,,,,,,,,,,,,,,,,,
The News,Police Facilitation Centre inaugurated,NEUTRAL,NEUTRAL,,,,,,,,,,,,,,,,,,,,,,,,,,,,,,,,,,,,,,,,,,,,,,,,,,,,,
The News,SC rejects bail plea of murder accused,NEGATIVE,NEUTRAL,,,,,,,,,,,,,,,,,,,,,,,,,,,,,,,,,,,,,,,,,,,,,,,,,,,,,
The News,PHC extends Gandapur’s protective bail,NEUTRAL,NEUTRAL,,,,,,,,,,,,,,,,,,,,,,,,,,,,,,,,,,,,,,,,,,,,,,,,,,,,,
The News,"Elders hail police operations in Bannu, Waziristan",NEUTRAL,NEUTRAL,,,,,,,,,,,,,,,,,,,,,,,,,,,,,,,,,,,,,,,,,,,,,,,,,,,,,
The News,Call to promote AI to enhance efficiency in modern agriculture,NEUTRAL,NEUTRAL,,,,,,,,,,,,,,,,,,,,,,,,,,,,,,,,,,,,,,,,,,,,,,,,,,,,,
The News,Campaign launched against five diseases in Multan,NEUTRAL,NEUTRAL,,,,,,,,,,,,,,,,,,,,,,,,,,,,,,,,,,,,,,,,,,,,,,,,,,,,,
The News,Saif says Imran prisoner of conscience,NEUTRAL,NEUTRAL,,,,,,,,,,,,,,,,,,,,,,,,,,,,,,,,,,,,,,,,,,,,,,,,,,,,,
The News,Bikers rally culminates at Thandiani resort,NEUTRAL,NEUTRAL,,,,,,,,,,,,,,,,,,,,,,,,,,,,,,,,,,,,,,,,,,,,,,,,,,,,,
The News,Blood donors termed true heroes,POSITIVE,NEUTRAL,,,,,,,,,,,,,,,,,,,,,,,,,,,,,,,,,,,,,,,,,,,,,,,,,,,,,
The News,"Shipping disruption surges around Hormuz amid Israeli attacks on Iran, say naval agencies",NEGATIVE,NEUTRAL,,,,,,,,,,,,,,,,,,,,,,,,,,,,,,,,,,,,,,,,,,,,,,,,,,,,,
The News,"Oil prices fall over 1%, stocks rise as fears of wider Middle East conflict ease",NEUTRAL,NEUTRAL,,,,,,,,,,,,,,,,,,,,,,,,,,,,,,,,,,,,,,,,,,,,,,,,,,,,,
The News,BUDGET 2025-26: Punjab presents Rs1.24tr development plan,NEUTRAL,NEUTRAL,,,,,,,,,,,,,,,,,,,,,,,,,,,,,,,,,,,,,,,,,,,,,,,,,,,,,
The News,Stocks start week with gain of 82 points,NEUTRAL,NEUTRAL,,,,,,,,,,,,,,,,,,,,,,,,,,,,,,,,,,,,,,,,,,,,,,,,,,,,,
The News,BoI to host regulatory reform conference to boost investment climate,NEUTRAL,NEUTRAL,,,,,,,,,,,,,,,,,,,,,,,,,,,,,,,,,,,,,,,,,,,,,,,,,,,,,
The News,"US-UK trade deal to be completed ‘very soon’, says Starmer",NEUTRAL,NEUTRAL,,,,,,,,,,,,,,,,,,,,,,,,,,,,,,,,,,,,,,,,,,,,,,,,,,,,,
The News,Rupee hits 18-month low amid Middle East tensions,NEGATIVE,NEUTRAL,,,,,,,,,,,,,,,,,,,,,,,,,,,,,,,,,,,,,,,,,,,,,,,,,,,,,
The News,FDI to developing economies halves to 2.3% of GDP since 2008 peak: World Bank,NEUTRAL,NEUTRAL,,,,,,,,,,,,,,,,,,,,,,,,,,,,,,,,,,,,,,,,,,,,,,,,,,,,,
The News,What’s behind the surge in Japan’s rice prices?,NEUTRAL,NEUTRAL,,,,,,,,,,,,,,,,,,,,,,,,,,,,,,,,,,,,,,,,,,,,,,,,,,,,,
The News,Investors want clear ocean management rules to scale up funding,NEUTRAL,NEUTRAL,,,,,,,,,,,,,,,,,,,,,,,,,,,,,,,,,,,,,,,,,,,,,,,,,,,,,
The News,Sri Lanka economy reports 4.8% growth in Q1,NEUTRAL,NEUTRAL,,,,,,,,,,,,,,,,,,,,,,,,,,,,,,,,,,,,,,,,,,,,,,,,,,,,,
The News,"FBATI criticises federal, provincial budgets as anti-industry",NEGATIVE,NEUTRAL,,,,,,,,,,,,,,,,,,,,,,,,,,,,,,,,,,,,,,,,,,,,,,,,,,,,,
The News,Gold prices drop Rs700 per tola,NEUTRAL,NEUTRAL,,,,,,,,,,,,,,,,,,,,,,,,,,,,,,,,,,,,,,,,,,,,,,,,,,,,,
The News,"PTCL, TPL Insurance partner to power business digitalisation",NEUTRAL,NEUTRAL,,,,,,,,,,,,,,,,,,,,,,,,,,,,,,,,,,,,,,,,,,,,,,,,,,,,,
The News,Thal Ltd goes live with SAP digital transformation,NEUTRAL,POSITIVE,,,,,,,,,,,,,,,,,,,,,,,,,,,,,,,,,,,,,,,,,,,,,,,,,,,,,
The News,Russell triumphs in Canada as McLaren drivers crash,NEUTRAL,POSITIVE,,,,,,,,,,,,,,,,,,,,,,,,,,,,,,,,,,,,,,,,,,,,,,,,,,,,,
The News,Sky Warrior causes major upset at LRC,NEGATIVE,NEUTRAL,,,,,,,,,,,,,,,,,,,,,,,,,,,,,,,,,,,,,,,,,,,,,,,,,,,,,
The News,PCB to hold U-19 skills assessment camp,NEUTRAL,NEUTRAL,,,,,,,,,,,,,,,,,,,,,,,,,,,,,,,,,,,,,,,,,,,,,,,,,,,,,
The News,Stuttgart triumph lifts Fritz back to fourth in ATP rankings,POSITIVE,NEUTRAL,,,,,,,,,,,,,,,,,,,,,,,,,,,,,,,,,,,,,,,,,,,,,,,,,,,,,
The News,"Punjab allocates Rs7.6b for sports, youth affairs",NEUTRAL,NEUTRAL,,,,,,,,,,,,,,,,,,,,,,,,,,,,,,,,,,,,,,,,,,,,,,,,,,,,,
The News,No doubt Delap will be England number nine: Chelsea’s Maresca,NEUTRAL,POSITIVE,,,,,,,,,,,,,,,,,,,,,,,,,,,,,,,,,,,,,,,,,,,,,,,,,,,,,
The News,Olympic champ Ingebrigtsen’s father acquitted of abusing son,NEUTRAL,NEUTRAL,,,,,,,,,,,,,,,,,,,,,,,,,,,,,,,,,,,,,,,,,,,,,,,,,,,,,
The News,Salernitana players hospitalised with food poisoning after Samp play-off,NEGATIVE,NEUTRAL,,,,,,,,,,,,,,,,,,,,,,,,,,,,,,,,,,,,,,,,,,,,,,,,,,,,,
The News,Pakistan edge Japan to get closer to semis berth,NEUTRAL,NEUTRAL,,,,,,,,,,,,,,,,,,,,,,,,,,,,,,,,,,,,,,,,,,,,,,,,,,,,,
The News,Spaun creates his magic moment to win first major at US Open,POSITIVE,NEUTRAL,,,,,,,,,,,,,,,,,,,,,,,,,,,,,,,,,,,,,,,,,,,,,,,,,,,,,
The News,Sri Lanka’s Mathews hails ‘dream run’ in final Test against Bangladesh,NEUTRAL,NEUTRAL,,,,,,,,,,,,,,,,,,,,,,,,,,,,,,,,,,,,,,,,,,,,,,,,,,,,,
The News,Arshad named in Forbes’ 30 under 30 Asia list,NEUTRAL,POSITIVE,,,,,,,,,,,,,,,,,,,,,,,,,,,,,,,,,,,,,,,,,,,,,,,,,,,,,
The News,Gilani optimistic about football’s revival after government support,POSITIVE,POSITIVE,,,,,,,,,,,,,,,,,,,,,,,,,,,,,,,,,,,,,,,,,,,,,,,,,,,,,
The News,"Double crowns for Abubakar, Rashid in junior tennis",NEUTRAL,NEUTRAL,,,,,,,,,,,,,,,,,,,,,,,,,,,,,,,,,,,,,,,,,,,,,,,,,,,,,
The News,PCB’s national skills development camp begins,NEUTRAL,NEUTRAL,,,,,,,,,,,,,,,,,,,,,,,,,,,,,,,,,,,,,,,,,,,,,,,,,,,,,
The News,Relatives wait for remains after Air India crash,NEUTRAL,NEUTRAL,,,,,,,,,,,,,,,,,,,,,,,,,,,,,,,,,,,,,,,,,,,,,,,,,,,,,
The News,France shuts Israeli weapons booths at Paris Air Show,NEUTRAL,NEUTRAL,,,,,,,,,,,,,,,,,,,,,,,,,,,,,,,,,,,,,,,,,,,,,,,,,,,,,
The News,Russia says US has cancelled next round of talks,NEUTRAL,NEUTRAL,,,,,,,,,,,,,,,,,,,,,,,,,,,,,,,,,,,,,,,,,,,,,,,,,,,,,
The News,How much damage has Israel inflicted on Iran’s nuclear programme?,NEGATIVE,NEUTRAL,,,,,,,,,,,,,,,,,,,,,,,,,,,,,,,,,,,,,,,,,,,,,,,,,,,,,
The News,Israeli fire kills 50 Palestinians waiting for aid in Gaza,NEGATIVE,NEGATIVE,,,,,,,,,,,,,,,,,,,,,,,,,,,,,,,,,,,,,,,,,,,,,,,,,,,,,
The News,Britain appoints first female head of MI6 spy agency,NEUTRAL,NEUTRAL,,,,,,,,,,,,,,,,,,,,,,,,,,,,,,,,,,,,,,,,,,,,,,,,,,,,,
The News,Bangladesh orders Hasina to return to face trial,NEUTRAL,NEGATIVE,,,,,,,,,,,,,,,,,,,,,,,,,,,,,,,,,,,,,,,,,,,,,,,,,,,,,
The News,UN slashes global aid plan over ‘deepest funding cuts ever’,NEGATIVE,NEUTRAL,,,,,,,,,,,,,,,,,,,,,,,,,,,,,,,,,,,,,,,,,,,,,,,,,,,,,
The News,Trump orders deportation drive targeting Democratic cities,NEGATIVE,NEUTRAL,,,,,,,,,,,,,,,,,,,,,,,,,,,,,,,,,,,,,,,,,,,,,,,,,,,,,
The News,Indian tribes visit UK museum to bring home ancestors’ remains,NEUTRAL,NEUTRAL,,,,,,,,,,,,,,,,,,,,,,,,,,,,,,,,,,,,,,,,,,,,,,,,,,,,,
The News,Denmark deploys marine drones in Baltic and North seas,NEUTRAL,NEUTRAL,,,,,,,,,,,,,,,,,,,,,,,,,,,,,,,,,,,,,,,,,,,,,,,,,,,,,
The News,Zelensky says to discuss buying US weapons with Trump,NEUTRAL,NEUTRAL,,,,,,,,,,,,,,,,,,,,,,,,,,,,,,,,,,,,,,,,,,,,,,,,,,,,,
The News,"Tehran residents flee Israeli attacks, sparking huge jams",NEGATIVE,NEUTRAL,,,,,,,,,,,,,,,,,,,,,,,,,,,,,,,,,,,,,,,,,,,,,,,,,,,,,
The News,Suspected US shooter went to homes of four lawmakers during rampage,NEUTRAL,NEUTRAL,,,,,,,,,,,,,,,,,,,,,,,,,,,,,,,,,,,,,,,,,,,,,,,,,,,,,
The News,US moves to protect all species of pangolin,NEUTRAL,NEUTRAL,,,,,,,,,,,,,,,,,,,,,,,,,,,,,,,,,,,,,,,,,,,,,,,,,,,,,
The News,Analysis: How much damage has Israel inflicted on Iran’s nuclear programme?,NEGATIVE,NEUTRAL,,,,,,,,,,,,,,,,,,,,,,,,,,,,,,,,,,,,,,,,,,,,,,,,,,,,,
The News,"BUDGET FY26: Balochistan govt presents Rs1,028bn surplus budget for FY26",NEUTRAL,NEUTRAL,,,,,,,,,,,,,,,,,,,,,,,,,,,,,,,,,,,,,,,,,,,,,,,,,,,,,
The News,PTI puts off protest drive for two weeks,NEUTRAL,NEUTRAL,,,,,,,,,,,,,,,,,,,,,,,,,,,,,,,,,,,,,,,,,,,,,,,,,,,,,
The News,Iran will never yield to US pressure: envoy to Pakistan,NEUTRAL,NEUTRAL,,,,,,,,,,,,,,,,,,,,,,,,,,,,,,,,,,,,,,,,,,,,,,,,,,,,,
The News,"Senate panel backs move to collect GST from former Fata, Pata",NEUTRAL,NEUTRAL,,,,,,,,,,,,,,,,,,,,,,,,,,,,,,,,,,,,,,,,,,,,,,,,,,,,,
The News,"President, PM discuss political, economic situation",NEUTRAL,NEUTRAL,,,,,,,,,,,,,,,,,,,,,,,,,,,,,,,,,,,,,,,,,,,,,,,,,,,,,
The News,NA body rejects 18% solar panel tax amid IMF pressure,NEUTRAL,NEUTRAL,,,,,,,,,,,,,,,,,,,,,,,,,,,,,,,,,,,,,,,,,,,,,,,,,,,,,
The News,FBR eyes Rs65bn from e-commerce tax measures,NEUTRAL,NEUTRAL,,,,,,,,,,,,,,,,,,,,,,,,,,,,,,,,,,,,,,,,,,,,,,,,,,,,,
The News,"Pakistan’s factory output rises 2.3% in April, but 10-month trend still negative",NEUTRAL,NEUTRAL,,,,,,,,,,,,,,,,,,,,,,,,,,,,,,,,,,,,,,,,,,,,,,,,,,,,,
The News,Senators slam budget over provincial funding concerns,NEGATIVE,NEUTRAL,,,,,,,,,,,,,,,,,,,,,,,,,,,,,,,,,,,,,,,,,,,,,,,,,,,,,
The News,Reserved seats case: SIC asks SC to dismiss ECP review petitions,NEUTRAL,NEUTRAL,,,,,,,,,,,,,,,,,,,,,,,,,,,,,,,,,,,,,,,,,,,,,,,,,,,,,
The News,Maryam satisfied as budget has ‘biggest’ uplift outlay,POSITIVE,NEUTRAL,,,,,,,,,,,,,,,,,,,,,,,,,,,,,,,,,,,,,,,,,,,,,,,,,,,,,
The News,SC judge regrets transferred judges called ‘deputationists’ by plaintiffs,NEGATIVE,NEUTRAL,,,,,,,,,,,,,,,,,,,,,,,,,,,,,,,,,,,,,,,,,,,,,,,,,,,,,
The News,"PPP, MQM trade barbs in NA budget session",NEUTRAL,NEUTRAL,,,,,,,,,,,,,,,,,,,,,,,,,,,,,,,,,,,,,,,,,,,,,,,,,,,,,
The News,‘Changing IHC rules without full court meeting is unlawful’,NEGATIVE,NEUTRAL,,,,,,,,,,,,,,,,,,,,,,,,,,,,,,,,,,,,,,,,,,,,,,,,,,,,,
The News,"School, seminary reclaimed from militants",NEUTRAL,NEUTRAL,,,,,,,,,,,,,,,,,,,,,,,,,,,,,,,,,,,,,,,,,,,,,,,,,,,,,
The News,US envoy inaugurates restored mosque and temple at Lahore Fort,NEUTRAL,POSITIVE,,,,,,,,,,,,,,,,,,,,,,,,,,,,,,,,,,,,,,,,,,,,,,,,,,,,,
The News,"Zardari praises PAF’s exemplary professionalism, commitment",POSITIVE,POSITIVE,,,,,,,,,,,,,,,,,,,,,,,,,,,,,,,,,,,,,,,,,,,,,,,,,,,,,
The News,Ministry of Law and Justice removes Section 354 from Anti-Rape Act,NEUTRAL,NEUTRAL,,,,,,,,,,,,,,,,,,,,,,,,,,,,,,,,,,,,,,,,,,,,,,,,,,,,,
The News,Israeli terrorism put region in chaos: JI,NEGATIVE,NEGATIVE,,,,,,,,,,,,,,,,,,,,,,,,,,,,,,,,,,,,,,,,,,,,,,,,,,,,,
The News,Alarm as militants intercept car of Maulana Fazl’s son,NEUTRAL,NEUTRAL,,,,,,,,,,,,,,,,,,,,,,,,,,,,,,,,,,,,,,,,,,,,,,,,,,,,,
The News,"Rabbani opposes power given to FBR to arrest CEOs, CFOs, board directors",NEGATIVE,NEGATIVE,,,,,,,,,,,,,,,,,,,,,,,,,,,,,,,,,,,,,,,,,,,,,,,,,,,,,
The News,"Diamer-Bhasha Dam security top priority, GB apex committee told",NEUTRAL,NEUTRAL,,,,,,,,,,,,,,,,,,,,,,,,,,,,,,,,,,,,,,,,,,,,,,,,,,,,,
The News,JI to stage sit-in outside PA on June 21 for Karachi’s rights,NEUTRAL,NEUTRAL,,,,,,,,,,,,,,,,,,,,,,,,,,,,,,,,,,,,,,,,,,,,,,,,,,,,,
The News,"1,295th Urs of Abdullah Shah Ghazi begins",NEUTRAL,NEUTRAL,,,,,,,,,,,,,,,,,,,,,,,,,,,,,,,,,,,,,,,,,,,,,,,,,,,,,
The News,Court orders Preedy SHO to take action for removal of encroachments,NEUTRAL,NEUTRAL,,,,,,,,,,,,,,,,,,,,,,,,,,,,,,,,,,,,,,,,,,,,,,,,,,,,,
The News,EFP hosts 5th Women Empowerment and Gender Equality Awards,NEUTRAL,POSITIVE,,,,,,,,,,,,,,,,,,,,,,,,,,,,,,,,,,,,,,,,,,,,,,,,,,,,,
The News,SHC tells govt to ensure funds to release special judicial allowance,NEUTRAL,NEUTRAL,,,,,,,,,,,,,,,,,,,,,,,,,,,,,,,,,,,,,,,,,,,,,,,,,,,,,
The News,Sharjeel asks JI chief to stop levelling baseless allegations against Sindh govt,NEUTRAL,NEGATIVE,,,,,,,,,,,,,,,,,,,,,,,,,,,,,,,,,,,,,,,,,,,,,,,,,,,,,
The News,53 of 225 inmates who escaped during Malir jailbreak still at large,NEUTRAL,NEUTRAL,,,,,,,,,,,,,,,,,,,,,,,,,,,,,,,,,,,,,,,,,,,,,,,,,,,,,
The News,Mother of five shot dead in Orangi Town,NEGATIVE,NEUTRAL,,,,,,,,,,,,,,,,,,,,,,,,,,,,,,,,,,,,,,,,,,,,,,,,,,,,,
The News,"One dead, three hurt in Korangi factory roof collapse",NEGATIVE,NEGATIVE,,,,,,,,,,,,,,,,,,,,,,,,,,,,,,,,,,,,,,,,,,,,,,,,,,,,,
The News,Governor wants UN role in reducing Iran-Israel tension,NEUTRAL,NEUTRAL,,,,,,,,,,,,,,,,,,,,,,,,,,,,,,,,,,,,,,,,,,,,,,,,,,,,,
The News,"BD varsities, PU to collaborate on research",NEUTRAL,NEUTRAL,,,,,,,,,,,,,,,,,,,,,,,,,,,,,,,,,,,,,,,,,,,,,,,,,,,,,
The News,"PKLI team lauded for completing 1,000 kidney transplants",POSITIVE,POSITIVE,,,,,,,,,,,,,,,,,,,,,,,,,,,,,,,,,,,,,,,,,,,,,,,,,,,,,
The News,City receives scattered rain,NEUTRAL,NEUTRAL,,,,,,,,,,,,,,,,,,,,,,,,,,,,,,,,,,,,,,,,,,,,,,,,,,,,,
The News,Awareness session on domestic workers’ laws,NEUTRAL,NEUTRAL,,,,,,,,,,,,,,,,,,,,,,,,,,,,,,,,,,,,,,,,,,,,,,,,,,,,,
The News,PHA enhances parks beautification measures,POSITIVE,NEUTRAL,,,,,,,,,,,,,,,,,,,,,,,,,,,,,,,,,,,,,,,,,,,,,,,,,,,,,
The News,Rs2.71bn UHS annual budget approved,NEUTRAL,NEUTRAL,,,,,,,,,,,,,,,,,,,,,,,,,,,,,,,,,,,,,,,,,,,,,,,,,,,,,
The News,SparkTank showcase features seven startups,NEUTRAL,NEUTRAL,,,,,,,,,,,,,,,,,,,,,,,,,,,,,,,,,,,,,,,,,,,,,,,,,,,,,
The News,Clerk murdered by robbers on resistance,NEGATIVE,NEUTRAL,,,,,,,,,,,,,,,,,,,,,,,,,,,,,,,,,,,,,,,,,,,,,,,,,,,,,
The News,Moot ends with pledge to reshape communication narratives,NEUTRAL,NEUTRAL,,,,,,,,,,,,,,,,,,,,,,,,,,,,,,,,,,,,,,,,,,,,,,,,,,,,,
The News,Fumigation key to safety of agri products,NEUTRAL,NEUTRAL,,,,,,,,,,,,,,,,,,,,,,,,,,,,,,,,,,,,,,,,,,,,,,,,,,,,,
The News,Meeting focuses on leveraging global alliances to fight poverty,NEUTRAL,NEUTRAL,,,,,,,,,,,,,,,,,,,,,,,,,,,,,,,,,,,,,,,,,,,,,,,,,,,,,
The News,Minister to open NSU National Peace Festival today,NEUTRAL,NEUTRAL,,,,,,,,,,,,,,,,,,,,,,,,,,,,,,,,,,,,,,,,,,,,,,,,,,,,,
The News,CPC leader holds interaction with representatives of Pakistani media,NEUTRAL,POSITIVE,,,,,,,,,,,,,,,,,,,,,,,,,,,,,,,,,,,,,,,,,,,,,,,,,,,,,
The News,CDA terminates parking system contract,NEUTRAL,NEUTRAL,,,,,,,,,,,,,,,,,,,,,,,,,,,,,,,,,,,,,,,,,,,,,,,,,,,,,
The News,Accused in student’s murder sent to jail for identity parade,NEGATIVE,NEUTRAL,,,,,,,,,,,,,,,,,,,,,,,,,,,,,,,,,,,,,,,,,,,,,,,,,,,,,
The News,Study on Pakistan’s energy sector launched,NEUTRAL,NEUTRAL,,,,,,,,,,,,,,,,,,,,,,,,,,,,,,,,,,,,,,,,,,,,,,,,,,,,,
The News,Roots IVY graduation ceremony held,NEUTRAL,POSITIVE,,,,,,,,,,,,,,,,,,,,,,,,,,,,,,,,,,,,,,,,,,,,,,,,,,,,,
The News,GB has affordable tourism potential,POSITIVE,POSITIVE,,,,,,,,,,,,,,,,,,,,,,,,,,,,,,,,,,,,,,,,,,,,,,,,,,,,,
The News,NIFC inaugurated at NUML,NEUTRAL,NEUTRAL,,,,,,,,,,,,,,,,,,,,,,,,,,,,,,,,,,,,,,,,,,,,,,,,,,,,,
The News,"Prolonged loadshedding: KP people being punished for supporting PTI, says Asad",NEGATIVE,NEGATIVE,,,,,,,,,,,,,,,,,,,,,,,,,,,,,,,,,,,,,,,,,,,,,,,,,,,,,
The News,PHC directs PTI MNA to approach relevant forum,NEUTRAL,NEUTRAL,,,,,,,,,,,,,,,,,,,,,,,,,,,,,,,,,,,,,,,,,,,,,,,,,,,,,
The News,Kutcheri Compound construction’s master plan reviewed: CJP wants project developed along modern lines,NEUTRAL,NEUTRAL,,,,,,,,,,,,,,,,,,,,,,,,,,,,,,,,,,,,,,,,,,,,,,,,,,,,,
The News,Public library inaugurated in Upper South Waziristan,NEUTRAL,NEUTRAL,,,,,,,,,,,,,,,,,,,,,,,,,,,,,,,,,,,,,,,,,,,,,,,,,,,,,
The News,JI slams govts for ignoring Malakand,NEGATIVE,NEUTRAL,,,,,,,,,,,,,,,,,,,,,,,,,,,,,,,,,,,,,,,,,,,,,,,,,,,,,
The News,‘Several energy projects near completion’,NEUTRAL,NEUTRAL,,,,,,,,,,,,,,,,,,,,,,,,,,,,,,,,,,,,,,,,,,,,,,,,,,,,,
The News,Commissioner asked to help solve encroachment issue in Mardan,NEUTRAL,NEUTRAL,,,,,,,,,,,,,,,,,,,,,,,,,,,,,,,,,,,,,,,,,,,,,,,,,,,,,
The News,PAL’s regional offices proposed merger opposed,NEUTRAL,NEUTRAL,,,,,,,,,,,,,,,,,,,,,,,,,,,,,,,,,,,,,,,,,,,,,,,,,,,,,
The News,Nurse commits suicide at Bannu hospital,NEGATIVE,NEUTRAL,,,,,,,,,,,,,,,,,,,,,,,,,,,,,,,,,,,,,,,,,,,,,,,,,,,,,
The News,2 arrested for running fake currency factory,NEGATIVE,NEUTRAL,,,,,,,,,,,,,,,,,,,,,,,,,,,,,,,,,,,,,,,,,,,,,,,,,,,,,
The News,Saif says Centre drops ‘petrol bomb’ on people,NEGATIVE,NEGATIVE,,,,,,,,,,,,,,,,,,,,,,,,,,,,,,,,,,,,,,,,,,,,,,,,,,,,,
The News,Commissioner defends ‘Drug-Free Peshawar’ campaign,NEUTRAL,NEUTRAL,,,,,,,,,,,,,,,,,,,,,,,,,,,,,,,,,,,,,,,,,,,,,,,,,,,,,
The News,‘Tank hospital being transformed into model institution’,NEUTRAL,NEUTRAL,,,,,,,,,,,,,,,,,,,,,,,,,,,,,,,,,,,,,,,,,,,,,,,,,,,,,
The News,Seminar held to combat harassment against women,NEUTRAL,NEUTRAL,,,,,,,,,,,,,,,,,,,,,,,,,,,,,,,,,,,,,,,,,,,,,,,,,,,,,
The News,KP lawyers to boycott courts against tax imposition,NEGATIVE,NEUTRAL,,,,,,,,,,,,,,,,,,,,,,,,,,,,,,,,,,,,,,,,,,,,,,,,,,,,,
The News,"Oil prices climb 2%, stocks slide as traders track Israel-Iran crisis",NEUTRAL,NEUTRAL,,,,,,,,,,,,,,,,,,,,,,,,,,,,,,,,,,,,,,,,,,,,,,,,,,,,,
The News,FDI falls 8% to $1.97bn in July-May,NEUTRAL,NEUTRAL,,,,,,,,,,,,,,,,,,,,,,,,,,,,,,,,,,,,,,,,,,,,,,,,,,,,,
The News,Modi misses chance to push for US trade deal as Trump leaves G-7,NEUTRAL,NEUTRAL,,,,,,,,,,,,,,,,,,,,,,,,,,,,,,,,,,,,,,,,,,,,,,,,,,,,,
The News,IT exports decline marginally in May; 11MFY25 still posts 19% growth,NEUTRAL,POSITIVE,,,,,,,,,,,,,,,,,,,,,,,,,,,,,,,,,,,,,,,,,,,,,,,,,,,,,
The News,KSE-100 down 254 points as geopolitical tensions escalate,NEGATIVE,NEUTRAL,,,,,,,,,,,,,,,,,,,,,,,,,,,,,,,,,,,,,,,,,,,,,,,,,,,,,
The News,REER index depreciates to 97.8 in May,NEUTRAL,NEUTRAL,,,,,,,,,,,,,,,,,,,,,,,,,,,,,,,,,,,,,,,,,,,,,,,,,,,,,
The News,"Retailers seek revisions to e-commerce, retail tax measures in Finance Bill 2025-26",NEUTRAL,NEUTRAL,,,,,,,,,,,,,,,,,,,,,,,,,,,,,,,,,,,,,,,,,,,,,,,,,,,,,
The News,FPCCI warns of shutdown over business harassment,NEGATIVE,NEUTRAL,,,,,,,,,,,,,,,,,,,,,,,,,,,,,,,,,,,,,,,,,,,,,,,,,,,,,
The News,Exporters warn budget measures threaten $11bn value-added sector,NEGATIVE,NEUTRAL,,,,,,,,,,,,,,,,,,,,,,,,,,,,,,,,,,,,,,,,,,,,,,,,,,,,,
The News,Prolonged Israel-Iran conflict could derail Pakistan’s economic stability,NEGATIVE,NEGATIVE,,,,,,,,,,,,,,,,,,,,,,,,,,,,,,,,,,,,,,,,,,,,,,,,,,,,,
The News,"UK automakers cheer US trade deal, as steel tariffs left in limbo",NEUTRAL,NEUTRAL,,,,,,,,,,,,,,,,,,,,,,,,,,,,,,,,,,,,,,,,,,,,,,,,,,,,,
The News,SITE Association criticises SBP’s decision to hold policy rate at 11pc,NEGATIVE,NEUTRAL,,,,,,,,,,,,,,,,,,,,,,,,,,,,,,,,,,,,,,,,,,,,,,,,,,,,,
The News,"Gold prices drop Rs1,000 per tola",NEUTRAL,NEUTRAL,,,,,,,,,,,,,,,,,,,,,,,,,,,,,,,,,,,,,,,,,,,,,,,,,,,,,
The News,Pakistan marks its first-ever conviction for insider trading,NEUTRAL,NEUTRAL,,,,,,,,,,,,,,,,,,,,,,,,,,,,,,,,,,,,,,,,,,,,,,,,,,,,,
The News,Samsonova downs Osaka as Keys crashes out in Berlin,NEUTRAL,NEUTRAL,,,,,,,,,,,,,,,,,,,,,,,,,,,,,,,,,,,,,,,,,,,,,,,,,,,,,
The News,"Roma not aiming for Serie A title ‘but you never know’, says Gasperini",NEUTRAL,NEUTRAL,,,,,,,,,,,,,,,,,,,,,,,,,,,,,,,,,,,,,,,,,,,,,,,,,,,,,
The News,Pak cueists’ global participation uncertain as PBSA faces financial crisis,NEGATIVE,NEUTRAL,,,,,,,,,,,,,,,,,,,,,,,,,,,,,,,,,,,,,,,,,,,,,,,,,,,,,
The News,Club World Cup ‘tough’ but ‘beautiful’ for Mamelodi Sundowns,POSITIVE,POSITIVE,,,,,,,,,,,,,,,,,,,,,,,,,,,,,,,,,,,,,,,,,,,,,,,,,,,,,
The News,"Anderson, Salman among top nominees for star-studded BBL draft",NEUTRAL,NEUTRAL,,,,,,,,,,,,,,,,,,,,,,,,,,,,,,,,,,,,,,,,,,,,,,,,,,,,,
The News,New Zealand women’s captain Sophie Devine to retire from ODIs,NEUTRAL,NEUTRAL,,,,,,,,,,,,,,,,,,,,,,,,,,,,,,,,,,,,,,,,,,,,,,,,,,,,,
The News,Chelsea defeat LAFC in poorly-attended Club World Cup opener,NEGATIVE,NEUTRAL,,,,,,,,,,,,,,,,,,,,,,,,,,,,,,,,,,,,,,,,,,,,,,,,,,,,,
The News,All Sindh Women’s Volleyball event begins today,NEUTRAL,NEUTRAL,,,,,,,,,,,,,,,,,,,,,,,,,,,,,,,,,,,,,,,,,,,,,,,,,,,,,
The News,"PSB serves legal notice on POA, OCA-recognised federation",NEUTRAL,NEUTRAL,,,,,,,,,,,,,,,,,,,,,,,,,,,,,,,,,,,,,,,,,,,,,,,,,,,,,
The News,Record stand puts Bangladesh in command in first Sri Lanka Test,NEUTRAL,POSITIVE,,,,,,,,,,,,,,,,,,,,,,,,,,,,,,,,,,,,,,,,,,,,,,,,,,,,,
The News,Alcaraz and Raducanu sign up for US Open mixed doubles,NEUTRAL,NEUTRAL,,,,,,,,,,,,,,,,,,,,,,,,,,,,,,,,,,,,,,,,,,,,,,,,,,,,,
The News,Hockey clubs’ activities hit hard by ground fee hike,NEGATIVE,NEUTRAL,,,,,,,,,,,,,,,,,,,,,,,,,,,,,,,,,,,,,,,,,,,,,,,,,,,,,
The News,"Alcaraz wins testing Queen’s opener, Draper cruises",NEUTRAL,NEUTRAL,,,,,,,,,,,,,,,,,,,,,,,,,,,,,,,,,,,,,,,,,,,,,,,,,,,,,
The News,Pakistan off to winning start in AVC Cup,POSITIVE,POSITIVE,,,,,,,,,,,,,,,,,,,,,,,,,,,,,,,,,,,,,,,,,,,,,,,,,,,,,
The News,ASCF sponsors rising squash stars Sana and Saif,NEUTRAL,NEUTRAL,,,,,,,,,,,,,,,,,,,,,,,,,,,,,,,,,,,,,,,,,,,,,,,,,,,,,
The News,France urged to apologise for Polynesia nuclear tests,NEUTRAL,NEUTRAL,,,,,,,,,,,,,,,,,,,,,,,,,,,,,,,,,,,,,,,,,,,,,,,,,,,,,
The News,"Charred bodies, shattered lives after gunmen kill 100 in Nigeria",NEGATIVE,NEUTRAL,,,,,,,,,,,,,,,,,,,,,,,,,,,,,,,,,,,,,,,,,,,,,,,,,,,,,
The News,"UK parliament votes to decriminalise abortion, repeal Victorian-era law",NEUTRAL,NEUTRAL,,,,,,,,,,,,,,,,,,,,,,,,,,,,,,,,,,,,,,,,,,,,,,,,,,,,,
The News,Tom Cruise to receive honourary Oscar in career first,NEUTRAL,NEUTRAL,,,,,,,,,,,,,,,,,,,,,,,,,,,,,,,,,,,,,,,,,,,,,,,,,,,,,
The News,Dutch suggest social media ban for under-15s,NEGATIVE,NEUTRAL,,,,,,,,,,,,,,,,,,,,,,,,,,,,,,,,,,,,,,,,,,,,,,,,,,,,,
The News,Hungary scraps campaign spending limits ahead of 2026 vote,NEUTRAL,NEUTRAL,,,,,,,,,,,,,,,,,,,,,,,,,,,,,,,,,,,,,,,,,,,,,,,,,,,,,
The News,"India regulator asks Air India for training data of pilots, dispatcher of crashed plane",NEUTRAL,NEUTRAL,,,,,,,,,,,,,,,,,,,,,,,,,,,,,,,,,,,,,,,,,,,,,,,,,,,,,
The News,Russian strikes kill 16 in ‘horrific’ attack on Kyiv,NEGATIVE,NEGATIVE,,,,,,,,,,,,,,,,,,,,,,,,,,,,,,,,,,,,,,,,,,,,,,,,,,,,,
The News,G7 rallies behind Ukraine after abrupt Trump exit,NEUTRAL,NEUTRAL,,,,,,,,,,,,,,,,,,,,,,,,,,,,,,,,,,,,,,,,,,,,,,,,,,,,,
The News,EU lawmakers seek to end time limit for child sex abuse cases,NEGATIVE,NEUTRAL,,,,,,,,,,,,,,,,,,,,,,,,,,,,,,,,,,,,,,,,,,,,,,,,,,,,,
The News,Spain says ‘overvoltage’ caused huge April blackout,NEGATIVE,NEGATIVE,,,,,,,,,,,,,,,,,,,,,,,,,,,,,,,,,,,,,,,,,,,,,,,,,,,,,
The News,"24 rescued as oil tankers collide off UAE, sparking fire",NEUTRAL,NEUTRAL,,,,,,,,,,,,,,,,,,,,,,,,,,,,,,,,,,,,,,,,,,,,,,,,,,,,,
The News,"Nine dead, 26 injured in China fireworks factory blast",NEGATIVE,NEUTRAL,,,,,,,,,,,,,,,,,,,,,,,,,,,,,,,,,,,,,,,,,,,,,,,,,,,,,
The News,What is bunker buster bomb?,NEUTRAL,NEUTRAL,,,,,,,,,,,,,,,,,,,,,,,,,,,,,,,,,,,,,,,,,,,,,,,,,,,,,
The News,US military arsenal in Middle East,NEUTRAL,NEUTRAL,,,,,,,,,,,,,,,,,,,,,,,,,,,,,,,,,,,,,,,,,,,,,,,,,,,,,
The News,Bill binding gazetted officials to declare assets passed by Senate,NEUTRAL,NEUTRAL,,,,,,,,,,,,,,,,,,,,,,,,,,,,,,,,,,,,,,,,,,,,,,,,,,,,,
The News,5 bidders join race to buy PIA in revived privatisation push,NEUTRAL,NEUTRAL,,,,,,,,,,,,,,,,,,,,,,,,,,,,,,,,,,,,,,,,,,,,,,,,,,,,,
The News,‘100% the same’: Pakistan’s unwavering support for Iran after Trump-Munir meeting,NEUTRAL,NEUTRAL,,,,,,,,,,,,,,,,,,,,,,,,,,,,,,,,,,,,,,,,,,,,,,,,,,,,,
The News,"Pakistan eyes EV boom, funds subsidies through new car levies",NEUTRAL,NEUTRAL,,,,,,,,,,,,,,,,,,,,,,,,,,,,,,,,,,,,,,,,,,,,,,,,,,,,,
The News,"Trump, Field Marshal Asim Munir stress resolution of Iran-Israel conflict: ISPR",NEUTRAL,POSITIVE,,,,,,,,,,,,,,,,,,,,,,,,,,,,,,,,,,,,,,,,,,,,,,,,,,,,,
The News,Senate panel opposes Rs2.5 per litre carbon levy on fuel,NEUTRAL,NEUTRAL,,,,,,,,,,,,,,,,,,,,,,,,,,,,,,,,,,,,,,,,,,,,,,,,,,,,,
The News,How Field Marshal’s meeting with Trump was arranged,NEUTRAL,NEUTRAL,,,,,,,,,,,,,,,,,,,,,,,,,,,,,,,,,,,,,,,,,,,,,,,,,,,,,
The News,"Fazl urges govt to stand with Gaza, Iran",NEUTRAL,NEUTRAL,,,,,,,,,,,,,,,,,,,,,,,,,,,,,,,,,,,,,,,,,,,,,,,,,,,,,
The News,"Aseefa calls budget IMF-centric, stresses people-first economic vision",NEUTRAL,NEUTRAL,,,,,,,,,,,,,,,,,,,,,,,,,,,,,,,,,,,,,,,,,,,,,,,,,,,,,
The News,SC can reverse any unconstitutional decision: Justice Amin,NEUTRAL,NEUTRAL,,,,,,,,,,,,,,,,,,,,,,,,,,,,,,,,,,,,,,,,,,,,,,,,,,,,,
The News,Task to finalise increased gas sale price outsourced,NEUTRAL,NEUTRAL,,,,,,,,,,,,,,,,,,,,,,,,,,,,,,,,,,,,,,,,,,,,,,,,,,,,,
The News,BS-18 officer dismissed for being absent for 12 years,NEGATIVE,NEUTRAL,,,,,,,,,,,,,,,,,,,,,,,,,,,,,,,,,,,,,,,,,,,,,,,,,,,,,
The News,Trump’s reception for COAS Asim outrages India: report,NEUTRAL,NEUTRAL,,,,,,,,,,,,,,,,,,,,,,,,,,,,,,,,,,,,,,,,,,,,,,,,,,,,,
The News,"Relieved Pakistanis recall ‘horrifying nights’ as Israel, Iran trade strikes",NEUTRAL,NEGATIVE,,,,,,,,,,,,,,,,,,,,,,,,,,,,,,,,,,,,,,,,,,,,,,,,,,,,,
The News,"PTI urges OIC, global community to counter Israel-India nexus",NEUTRAL,NEUTRAL,,,,,,,,,,,,,,,,,,,,,,,,,,,,,,,,,,,,,,,,,,,,,,,,,,,,,
The News,"President visits naval headquarters, lauds PN’s response to Indian aggression",NEUTRAL,POSITIVE,,,,,,,,,,,,,,,,,,,,,,,,,,,,,,,,,,,,,,,,,,,,,,,,,,,,,
The News,ANF seizes Rs396m drugs across country,NEUTRAL,NEUTRAL,,,,,,,,,,,,,,,,,,,,,,,,,,,,,,,,,,,,,,,,,,,,,,,,,,,,,
The News,Budget debate crosses 43 hours,NEUTRAL,NEUTRAL,,,,,,,,,,,,,,,,,,,,,,,,,,,,,,,,,,,,,,,,,,,,,,,,,,,,,
The News,KSrelief concludes series of eye treatment camps across Pakistan,NEGATIVE,NEUTRAL,,,,,,,,,,,,,,,,,,,,,,,,,,,,,,,,,,,,,,,,,,,,,,,,,,,,,
The News,Court cancels Gandapur’s arrest warrants,NEUTRAL,NEUTRAL,,,,,,,,,,,,,,,,,,,,,,,,,,,,,,,,,,,,,,,,,,,,,,,,,,,,,
The News,Larkana Division police rewarded for action against riverine dacoits,NEUTRAL,NEUTRAL,,,,,,,,,,,,,,,,,,,,,,,,,,,,,,,,,,,,,,,,,,,,,,,,,,,,,
The News,Homeland insecurity: Expelled Afghans seek swift return to Pakistan,NEUTRAL,NEUTRAL,,,,,,,,,,,,,,,,,,,,,,,,,,,,,,,,,,,,,,,,,,,,,,,,,,,,,
The News,LHC seeks response over plea against PIA privatisation,NEUTRAL,NEUTRAL,,,,,,,,,,,,,,,,,,,,,,,,,,,,,,,,,,,,,,,,,,,,,,,,,,,,,
The News,"‘Society, successive govts consistently overlook intellectual property rights’",NEGATIVE,NEUTRAL,,,,,,,,,,,,,,,,,,,,,,,,,,,,,,,,,,,,,,,,,,,,,,,,,,,,,
The News,Health experts alarmed as Congo virus claims two lives in Karachi in as many days,NEGATIVE,NEGATIVE,,,,,,,,,,,,,,,,,,,,,,,,,,,,,,,,,,,,,,,,,,,,,,,,,,,,,
The News,Three missing Hindu girls recovered from Karachi,NEUTRAL,NEUTRAL,,,,,,,,,,,,,,,,,,,,,,,,,,,,,,,,,,,,,,,,,,,,,,,,,,,,,
The News,"Woman, minor girl killed as dumper overturns onto SUV",NEGATIVE,NEUTRAL,,,,,,,,,,,,,,,,,,,,,,,,,,,,,,,,,,,,,,,,,,,,,,,,,,,,,
The News,JI demands compensation for fire-affected shopkeepers,NEUTRAL,NEUTRAL,,,,,,,,,,,,,,,,,,,,,,,,,,,,,,,,,,,,,,,,,,,,,,,,,,,,,
The News,Murad orders acquisition of land for M-6 by August 7,NEUTRAL,NEUTRAL,,,,,,,,,,,,,,,,,,,,,,,,,,,,,,,,,,,,,,,,,,,,,,,,,,,,,
The News,Murad urges public to follow noble path laid down by Sufi saints,NEUTRAL,NEUTRAL,,,,,,,,,,,,,,,,,,,,,,,,,,,,,,,,,,,,,,,,,,,,,,,,,,,,,
The News,Man jailed for killing policeman while attempting to evade arrest,NEGATIVE,NEUTRAL,,,,,,,,,,,,,,,,,,,,,,,,,,,,,,,,,,,,,,,,,,,,,,,,,,,,,
The News,Veteran actress Ayesha Khan passes away,NEGATIVE,NEUTRAL,,,,,,,,,,,,,,,,,,,,,,,,,,,,,,,,,,,,,,,,,,,,,,,,,,,,,
The News,Odho orders addressing concerns over arrangements for Muharram,NEUTRAL,NEUTRAL,,,,,,,,,,,,,,,,,,,,,,,,,,,,,,,,,,,,,,,,,,,,,,,,,,,,,
The News,"SHC grants bail to businessman, guard in DHA assault case",NEUTRAL,NEUTRAL,,,,,,,,,,,,,,,,,,,,,,,,,,,,,,,,,,,,,,,,,,,,,,,,,,,,,
The News,"Sindh completes 1,450 development schemes, opposes federal tax on solar systems",NEUTRAL,NEUTRAL,,,,,,,,,,,,,,,,,,,,,,,,,,,,,,,,,,,,,,,,,,,,,,,,,,,,,
The News,Eight-member committee formed to appoint HEC chairman,NEUTRAL,NEUTRAL,,,,,,,,,,,,,,,,,,,,,,,,,,,,,,,,,,,,,,,,,,,,,,,,,,,,,
The News,Sindh govt promotes 90 inspectors to DSP rank,NEUTRAL,NEUTRAL,,,,,,,,,,,,,,,,,,,,,,,,,,,,,,,,,,,,,,,,,,,,,,,,,,,,,
The News,CITY PULSE,NEUTRAL,NEUTRAL,,,,,,,,,,,,,,,,,,,,,,,,,,,,,,,,,,,,,,,,,,,,,,,,,,,,,
The News,Baker gunned down in broad daylight,NEGATIVE,NEGATIVE,,,,,,,,,,,,,,,,,,,,,,,,,,,,,,,,,,,,,,,,,,,,,,,,,,,,,
The News,Holding interfaith events need of hour: Arora,NEUTRAL,NEUTRAL,,,,,,,,,,,,,,,,,,,,,,,,,,,,,,,,,,,,,,,,,,,,,,,,,,,,,
The News,Youth empowerment plan unveiled,NEUTRAL,NEUTRAL,,,,,,,,,,,,,,,,,,,,,,,,,,,,,,,,,,,,,,,,,,,,,,,,,,,,,
The News,Internal Accountability Board established in Housing Dept,NEUTRAL,NEUTRAL,,,,,,,,,,,,,,,,,,,,,,,,,,,,,,,,,,,,,,,,,,,,,,,,,,,,,
The News,PU improves ranking,NEUTRAL,NEUTRAL,,,,,,,,,,,,,,,,,,,,,,,,,,,,,,,,,,,,,,,,,,,,,,,,,,,,,
The News,Muharram security plan finalised,NEUTRAL,NEUTRAL,,,,,,,,,,,,,,,,,,,,,,,,,,,,,,,,,,,,,,,,,,,,,,,,,,,,,
The News,LWMC initiates cleaning operation on 40 roads,NEUTRAL,NEUTRAL,,,,,,,,,,,,,,,,,,,,,,,,,,,,,,,,,,,,,,,,,,,,,,,,,,,,,
The News,ORS mixed water facility at LGH,NEUTRAL,NEUTRAL,,,,,,,,,,,,,,,,,,,,,,,,,,,,,,,,,,,,,,,,,,,,,,,,,,,,,
The News,Warning given to SHOs,NEUTRAL,NEUTRAL,,,,,,,,,,,,,,,,,,,,,,,,,,,,,,,,,,,,,,,,,,,,,,,,,,,,,
The News,Death anniversary,NEGATIVE,NEUTRAL,,,,,,,,,,,,,,,,,,,,,,,,,,,,,,,,,,,,,,,,,,,,,,,,,,,,,
The News,Senate body on finance recommends FAPUASA demands on higher education,NEUTRAL,NEUTRAL,,,,,,,,,,,,,,,,,,,,,,,,,,,,,,,,,,,,,,,,,,,,,,,,,,,,,
The News,NHA auctions 68 toll plazas,NEUTRAL,NEUTRAL,,,,,,,,,,,,,,,,,,,,,,,,,,,,,,,,,,,,,,,,,,,,,,,,,,,,,
The News,‘GDI key to coastal development’,NEUTRAL,POSITIVE,,,,,,,,,,,,,,,,,,,,,,,,,,,,,,,,,,,,,,,,,,,,,,,,,,,,,
The News,"Israeli offensive aims to undermine Iran’s potential, overshadow Gaza: experts",NEUTRAL,NEUTRAL,,,,,,,,,,,,,,,,,,,,,,,,,,,,,,,,,,,,,,,,,,,,,,,,,,,,,
The News,‘MRV enables climate investment and finance readiness’,NEUTRAL,NEUTRAL,,,,,,,,,,,,,,,,,,,,,,,,,,,,,,,,,,,,,,,,,,,,,,,,,,,,,
The News,ATC sentences five to 65 years in explosives case,NEGATIVE,NEUTRAL,,,,,,,,,,,,,,,,,,,,,,,,,,,,,,,,,,,,,,,,,,,,,,,,,,,,,
The News,"PHA unveils beautification plans for Pindi, Murree",NEUTRAL,POSITIVE,,,,,,,,,,,,,,,,,,,,,,,,,,,,,,,,,,,,,,,,,,,,,,,,,,,,,
The News,‘Pakistan’s position on IWT needs to be based on international principles’,NEUTRAL,NEUTRAL,,,,,,,,,,,,,,,,,,,,,,,,,,,,,,,,,,,,,,,,,,,,,,,,,,,,,
The News,Creativity of special children at summer camp lauded,POSITIVE,NEUTRAL,,,,,,,,,,,,,,,,,,,,,,,,,,,,,,,,,,,,,,,,,,,,,,,,,,,,,
The News,Power supply disconnection to Fata Secretariat resented,NEUTRAL,NEUTRAL,,,,,,,,,,,,,,,,,,,,,,,,,,,,,,,,,,,,,,,,,,,,,,,,,,,,,
The News,"Cop, relative injured in Shangla militants’ attack",NEGATIVE,NEUTRAL,,,,,,,,,,,,,,,,,,,,,,,,,,,,,,,,,,,,,,,,,,,,,,,,,,,,,
The News,2 women among three killed in Kohat firing,NEGATIVE,NEUTRAL,,,,,,,,,,,,,,,,,,,,,,,,,,,,,,,,,,,,,,,,,,,,,,,,,,,,,
The News,AWKUM wins maximum grants at tech competition,POSITIVE,NEUTRAL,,,,,,,,,,,,,,,,,,,,,,,,,,,,,,,,,,,,,,,,,,,,,,,,,,,,,
The News,Shandur Polo Festival gets underway today,NEUTRAL,NEUTRAL,,,,,,,,,,,,,,,,,,,,,,,,,,,,,,,,,,,,,,,,,,,,,,,,,,,,,
The News,Saif blasts Maryam for naming projects after Nawaz,NEUTRAL,NEUTRAL,,,,,,,,,,,,,,,,,,,,,,,,,,,,,,,,,,,,,,,,,,,,,,,,,,,,,
The News,Security measures upped in Kurram ahead of Muharram,NEUTRAL,NEUTRAL,,,,,,,,,,,,,,,,,,,,,,,,,,,,,,,,,,,,,,,,,,,,,,,,,,,,,
The News,Reply sought in petition against video sharing by Swabi DC,NEUTRAL,NEUTRAL,,,,,,,,,,,,,,,,,,,,,,,,,,,,,,,,,,,,,,,,,,,,,,,,,,,,,
The News,PHC upholds convict’s death penalty,NEGATIVE,NEGATIVE,,,,,,,,,,,,,,,,,,,,,,,,,,,,,,,,,,,,,,,,,,,,,,,,,,,,,
The News,Water crisis worsens in Razmak,NEGATIVE,NEGATIVE,,,,,,,,,,,,,,,,,,,,,,,,,,,,,,,,,,,,,,,,,,,,,,,,,,,,,
The News,BoK opens 2nd women-centric branch at SBBWU,NEUTRAL,NEUTRAL,,,,,,,,,,,,,,,,,,,,,,,,,,,,,,,,,,,,,,,,,,,,,,,,,,,,,
The News,Businessman sees bid to derail commercial project,NEGATIVE,NEUTRAL,,,,,,,,,,,,,,,,,,,,,,,,,,,,,,,,,,,,,,,,,,,,,,,,,,,,,
The News,"140 S&T researchers, innovators awarded",NEUTRAL,POSITIVE,,,,,,,,,,,,,,,,,,,,,,,,,,,,,,,,,,,,,,,,,,,,,,,,,,,,,
The News,Youth role in peace building underlined,NEUTRAL,NEUTRAL,,,,,,,,,,,,,,,,,,,,,,,,,,,,,,,,,,,,,,,,,,,,,,,,,,,,,
The News,PHC disposes of Mashal Yousafzai case,NEUTRAL,NEUTRAL,,,,,,,,,,,,,,,,,,,,,,,,,,,,,,,,,,,,,,,,,,,,,,,,,,,,,
The News,ST PETERSBURG INTERNATIONAL ECONOMIC FORUM: Pakistan discusses mining sector reforms at SPIEF 2025,NEUTRAL,POSITIVE,,,,,,,,,,,,,,,,,,,,,,,,,,,,,,,,,,,,,,,,,,,,,,,,,,,,,
The News,SBP forex reserves rise by $46m to $11.72bn,NEUTRAL,NEUTRAL,,,,,,,,,,,,,,,,,,,,,,,,,,,,,,,,,,,,,,,,,,,,,,,,,,,,,
The News,"Oil, war and tariffs tear up markets’ central bank roadmap",NEGATIVE,NEUTRAL,,,,,,,,,,,,,,,,,,,,,,,,,,,,,,,,,,,,,,,,,,,,,,,,,,,,,
The News,"Global IPO activity slumps in 2025 as tariffs, volatility weigh",NEGATIVE,NEUTRAL,,,,,,,,,,,,,,,,,,,,,,,,,,,,,,,,,,,,,,,,,,,,,,,,,,,,,
The News,Salaried class demands meaningful relief in Finance Bill,NEUTRAL,NEUTRAL,,,,,,,,,,,,,,,,,,,,,,,,,,,,,,,,,,,,,,,,,,,,,,,,,,,,,
The News,KSE-100 down 463 points amid profit-taking,NEUTRAL,NEUTRAL,,,,,,,,,,,,,,,,,,,,,,,,,,,,,,,,,,,,,,,,,,,,,,,,,,,,,
The News,Rupee drops to 283.64 per dollar in interbank market,NEUTRAL,NEUTRAL,,,,,,,,,,,,,,,,,,,,,,,,,,,,,,,,,,,,,,,,,,,,,,,,,,,,,
The News,"Palm oil vital for Pakistan’s food, economic security, say experts",NEUTRAL,NEUTRAL,,,,,,,,,,,,,,,,,,,,,,,,,,,,,,,,,,,,,,,,,,,,,,,,,,,,,
The News,Japan’s exports post first drop in eight months as US tariffs hit auto firms,NEGATIVE,NEUTRAL,,,,,,,,,,,,,,,,,,,,,,,,,,,,,,,,,,,,,,,,,,,,,,,,,,,,,
The News,"Southeast Asia’s budget airlines bet on travel demand, despite competition woes",NEUTRAL,NEUTRAL,,,,,,,,,,,,,,,,,,,,,,,,,,,,,,,,,,,,,,,,,,,,,,,,,,,,,
The News,Gold prices drop Rs460 per tola,NEUTRAL,NEUTRAL,,,,,,,,,,,,,,,,,,,,,,,,,,,,,,,,,,,,,,,,,,,,,,,,,,,,,
The News,Czech champion Kvitova calls time on tennis career,NEUTRAL,NEUTRAL,,,,,,,,,,,,,,,,,,,,,,,,,,,,,,,,,,,,,,,,,,,,,,,,,,,,,
The News,Onley pips Almeida to Tour of Switzerland fifth stage win,NEUTRAL,NEUTRAL,,,,,,,,,,,,,,,,,,,,,,,,,,,,,,,,,,,,,,,,,,,,,,,,,,,,,
The News,Donnarumma warns PSG ‘hungry’ for more success at Club World Cup,NEUTRAL,NEUTRAL,,,,,,,,,,,,,,,,,,,,,,,,,,,,,,,,,,,,,,,,,,,,,,,,,,,,,
The News,Gattuso convinced Italy can reach World Cup,POSITIVE,NEUTRAL,,,,,,,,,,,,,,,,,,,,,,,,,,,,,,,,,,,,,,,,,,,,,,,,,,,,,
The News,Bodybuilding federation elections in Lahore today,NEUTRAL,NEUTRAL,,,,,,,,,,,,,,,,,,,,,,,,,,,,,,,,,,,,,,,,,,,,,,,,,,,,,
The News,Mbappe hospitalised with stomach bug,NEGATIVE,NEUTRAL,,,,,,,,,,,,,,,,,,,,,,,,,,,,,,,,,,,,,,,,,,,,,,,,,,,,,
The News,Bordeaux-Begles ‘underdogs’ before Top 14 semis despite Champions Cup triumph,NEUTRAL,NEUTRAL,,,,,,,,,,,,,,,,,,,,,,,,,,,,,,,,,,,,,,,,,,,,,,,,,,,,,
The News,Pakistan face dual challenge ahead of France semi-final,NEUTRAL,NEUTRAL,,,,,,,,,,,,,,,,,,,,,,,,,,,,,,,,,,,,,,,,,,,,,,,,,,,,,
The News,Nissanka’s 187 leads Sri Lanka fightback in first Bangladesh Test,NEUTRAL,NEUTRAL,,,,,,,,,,,,,,,,,,,,,,,,,,,,,,,,,,,,,,,,,,,,,,,,,,,,,
The News,"Test series win in England bigger prize than IPL, says India captain Gill",NEUTRAL,NEUTRAL,,,,,,,,,,,,,,,,,,,,,,,,,,,,,,,,,,,,,,,,,,,,,,,,,,,,,
The News,Pakistan edge Chinese Taipei to enter quarters,NEUTRAL,POSITIVE,,,,,,,,,,,,,,,,,,,,,,,,,,,,,,,,,,,,,,,,,,,,,,,,,,,,,
The News,"Dropping Pope for India Test would have been ‘remarkable’, says Stokes",NEUTRAL,NEUTRAL,,,,,,,,,,,,,,,,,,,,,,,,,,,,,,,,,,,,,,,,,,,,,,,,,,,,,
The News,National cricketers undergo intensive skills development training,NEUTRAL,NEUTRAL,,,,,,,,,,,,,,,,,,,,,,,,,,,,,,,,,,,,,,,,,,,,,,,,,,,,,
The News,"Pakistan, West Indies likely to play five or six T20Is",NEUTRAL,NEUTRAL,,,,,,,,,,,,,,,,,,,,,,,,,,,,,,,,,,,,,,,,,,,,,,,,,,,,,
The News,Under-19 skills assessment camp begins,NEUTRAL,NEUTRAL,,,,,,,,,,,,,,,,,,,,,,,,,,,,,,,,,,,,,,,,,,,,,,,,,,,,,
The News,Warning signs on climate flashing bright red: top scientists,NEUTRAL,NEUTRAL,,,,,,,,,,,,,,,,,,,,,,,,,,,,,,,,,,,,,,,,,,,,,,,,,,,,,
The News,Greenpeace warns of ‘potential disaster’ after oil spill off UAE,NEGATIVE,NEGATIVE,,,,,,,,,,,,,,,,,,,,,,,,,,,,,,,,,,,,,,,,,,,,,,,,,,,,,
The News,Musk’s SpaceX Starship explodes during routine test,NEGATIVE,NEUTRAL,,,,,,,,,,,,,,,,,,,,,,,,,,,,,,,,,,,,,,,,,,,,,,,,,,,,,
The News,Two million Syrians return home since Assad’s fall: UN,NEUTRAL,NEUTRAL,,,,,,,,,,,,,,,,,,,,,,,,,,,,,,,,,,,,,,,,,,,,,,,,,,,,,
The News,Trump administration puts new limits on Congress visits to immigration centres,NEUTRAL,NEUTRAL,,,,,,,,,,,,,,,,,,,,,,,,,,,,,,,,,,,,,,,,,,,,,,,,,,,,,
The News,Chinese student gets life in UK jail for ‘campaign of rape’,NEGATIVE,NEGATIVE,,,,,,,,,,,,,,,,,,,,,,,,,,,,,,,,,,,,,,,,,,,,,,,,,,,,,
The News,France mulls intercepting UK-bound migrant boats at sea,NEUTRAL,NEUTRAL,,,,,,,,,,,,,,,,,,,,,,,,,,,,,,,,,,,,,,,,,,,,,,,,,,,,,
The News,Thai PM clings on as crisis threatens to topple govt,NEGATIVE,NEGATIVE,,,,,,,,,,,,,,,,,,,,,,,,,,,,,,,,,,,,,,,,,,,,,,,,,,,,,
The News,Trump extends deadline for TikTok sale by 90 days,NEUTRAL,NEUTRAL,,,,,,,,,,,,,,,,,,,,,,,,,,,,,,,,,,,,,,,,,,,,,,,,,,,,,
The News,"2,000-year-old Roman wall paintings unearthed in London",NEUTRAL,NEUTRAL,,,,,,,,,,,,,,,,,,,,,,,,,,,,,,,,,,,,,,,,,,,,,,,,,,,,,
The News,Argentine nurse gets life sentence for murder of five babies,NEGATIVE,NEGATIVE,,,,,,,,,,,,,,,,,,,,,,,,,,,,,,,,,,,,,,,,,,,,,,,,,,,,,
The News,Kyiv says Russia has been rejecting ceasefire calls for 100 days,NEGATIVE,NEUTRAL,,,,,,,,,,,,,,,,,,,,,,,,,,,,,,,,,,,,,,,,,,,,,,,,,,,,,
The News,Arrest only to be made over Rs50m tax fraud: Kayani,NEGATIVE,NEUTRAL,,,,,,,,,,,,,,,,,,,,,,,,,,,,,,,,,,,,,,,,,,,,,,,,,,,,,
The News,PM visits Maulana Fazl,NEUTRAL,NEUTRAL,,,,,,,,,,,,,,,,,,,,,,,,,,,,,,,,,,,,,,,,,,,,,,,,,,,,,
The News,Sugar import may not help cut price,NEGATIVE,NEUTRAL,,,,,,,,,,,,,,,,,,,,,,,,,,,,,,,,,,,,,,,,,,,,,,,,,,,,,
The News,Pakistan recommends Trump for 2026 Nobel Peace Prize,NEUTRAL,NEUTRAL,,,,,,,,,,,,,,,,,,,,,,,,,,,,,,,,,,,,,,,,,,,,,,,,,,,,,
The News,Govt allows commercial import of five-year-old vehicles,NEUTRAL,NEUTRAL,,,,,,,,,,,,,,,,,,,,,,,,,,,,,,,,,,,,,,,,,,,,,,,,,,,,,
The News,Govt signs Rs1.275tr loans with local banks to ease circular debt,NEUTRAL,NEUTRAL,,,,,,,,,,,,,,,,,,,,,,,,,,,,,,,,,,,,,,,,,,,,,,,,,,,,,
The News,Nadra amends registration rules to guard against fraud,NEUTRAL,NEUTRAL,,,,,,,,,,,,,,,,,,,,,,,,,,,,,,,,,,,,,,,,,,,,,,,,,,,,,
The News,Gandapur threatens to dissolve KP Assembly,NEUTRAL,NEUTRAL,,,,,,,,,,,,,,,,,,,,,,,,,,,,,,,,,,,,,,,,,,,,,,,,,,,,,
The News,From planning to followup: PM fully in loop on Trump-COAS meeting,NEUTRAL,NEUTRAL,,,,,,,,,,,,,,,,,,,,,,,,,,,,,,,,,,,,,,,,,,,,,,,,,,,,,
The News,‘Vulnerable’ US bases in Middle East,NEUTRAL,NEUTRAL,,,,,,,,,,,,,,,,,,,,,,,,,,,,,,,,,,,,,,,,,,,,,,,,,,,,,
The News,Power theft in KP causes Rs193.4bn losses in 11 months,NEGATIVE,NEGATIVE,,,,,,,,,,,,,,,,,,,,,,,,,,,,,,,,,,,,,,,,,,,,,,,,,,,,,
The News,"In call with PM, Rubio encourages Pakistan role in Iran peace efforts",NEUTRAL,POSITIVE,,,,,,,,,,,,,,,,,,,,,,,,,,,,,,,,,,,,,,,,,,,,,,,,,,,,,
The News,"Pakistan triumphed over India militarily, diplomatically: Bilawal",NEUTRAL,NEUTRAL,,,,,,,,,,,,,,,,,,,,,,,,,,,,,,,,,,,,,,,,,,,,,,,,,,,,,
The News,Omar Ayub highlights six ‘key flaws’ in WB’s tariff reform modelling,NEGATIVE,NEUTRAL,,,,,,,,,,,,,,,,,,,,,,,,,,,,,,,,,,,,,,,,,,,,,,,,,,,,,
The News,Lawmaker calls for reviving Aghaze Haqooqe Balochistan package,NEUTRAL,NEUTRAL,,,,,,,,,,,,,,,,,,,,,,,,,,,,,,,,,,,,,,,,,,,,,,,,,,,,,
The News,Attacks on peaceful nuclear programmes undermine NPT’s legitimacy: Italian scholar,NEGATIVE,NEUTRAL,,,,,,,,,,,,,,,,,,,,,,,,,,,,,,,,,,,,,,,,,,,,,,,,,,,,,
The News,"No shortage of fuel, essential goods at Iran-Balochistan border: CM",NEUTRAL,NEUTRAL,,,,,,,,,,,,,,,,,,,,,,,,,,,,,,,,,,,,,,,,,,,,,,,,,,,,,
The News,"Pakistani talent, Chinese technology invincible wall for peace: Mushahid",NEUTRAL,NEUTRAL,,,,,,,,,,,,,,,,,,,,,,,,,,,,,,,,,,,,,,,,,,,,,,,,,,,,,
The News,DPM attends Islamic youth forum in Turkiye,NEUTRAL,NEUTRAL,,,,,,,,,,,,,,,,,,,,,,,,,,,,,,,,,,,,,,,,,,,,,,,,,,,,,
The News,"Pakistan, Russia to further strengthen energy ties",NEUTRAL,NEUTRAL,,,,,,,,,,,,,,,,,,,,,,,,,,,,,,,,,,,,,,,,,,,,,,,,,,,,,
The News,Pak mission dismantled India’s hostile narrative: Sherry,NEUTRAL,NEUTRAL,,,,,,,,,,,,,,,,,,,,,,,,,,,,,,,,,,,,,,,,,,,,,,,,,,,,,
The News,Five jail officials suspended over torturing prisoner,NEGATIVE,NEUTRAL,,,,,,,,,,,,,,,,,,,,,,,,,,,,,,,,,,,,,,,,,,,,,,,,,,,,,
The News,JI demands OIC summit on Mideast,NEUTRAL,NEGATIVE,,,,,,,,,,,,,,,,,,,,,,,,,,,,,,,,,,,,,,,,,,,,,,,,,,,,,
The News,SHC allows access of Sindh Assembly speaker to Governor House as acting governor,NEUTRAL,NEUTRAL,,,,,,,,,,,,,,,,,,,,,,,,,,,,,,,,,,,,,,,,,,,,,,,,,,,,,
The News,PMDC increases required percentage from 60 to 65 for MDCAT,NEUTRAL,NEUTRAL,,,,,,,,,,,,,,,,,,,,,,,,,,,,,,,,,,,,,,,,,,,,,,,,,,,,,
The News,Your scent lingers on,NEUTRAL,NEUTRAL,,,,,,,,,,,,,,,,,,,,,,,,,,,,,,,,,,,,,,,,,,,,,,,,,,,,,
The News,PA budget debate overshadowed by acting governor getting access denied to Governor House,NEGATIVE,NEUTRAL,,,,,,,,,,,,,,,,,,,,,,,,,,,,,,,,,,,,,,,,,,,,,,,,,,,,,
The News,Governor House blames misunderstanding on acting governor’s part,NEGATIVE,NEUTRAL,,,,,,,,,,,,,,,,,,,,,,,,,,,,,,,,,,,,,,,,,,,,,,,,,,,,,
The News,CITY PULSE,NEUTRAL,NEUTRAL,,,,,,,,,,,,,,,,,,,,,,,,,,,,,,,,,,,,,,,,,,,,,,,,,,,,,
The News,New policy for college admissions approved,NEUTRAL,NEUTRAL,,,,,,,,,,,,,,,,,,,,,,,,,,,,,,,,,,,,,,,,,,,,,,,,,,,,,
The News,Fahd Haroon attends reception aboard ITS Antonio Marceglia,NEUTRAL,POSITIVE,,,,,,,,,,,,,,,,,,,,,,,,,,,,,,,,,,,,,,,,,,,,,,,,,,,,,
The News,2nd Edition of HR Pinnacle Awards held,NEUTRAL,POSITIVE,,,,,,,,,,,,,,,,,,,,,,,,,,,,,,,,,,,,,,,,,,,,,,,,,,,,,
The News,"Mental health among youth has reached critical point, warn experts",NEUTRAL,POSITIVE,,,,,,,,,,,,,,,,,,,,,,,,,,,,,,,,,,,,,,,,,,,,,,,,,,,,,
The News,JI demands action against fraudulent allotments in cooperative societies,NEGATIVE,NEUTRAL,,,,,,,,,,,,,,,,,,,,,,,,,,,,,,,,,,,,,,,,,,,,,,,,,,,,,
The News,Lawyers’ bodies demand urgent reforms to improve City Courts,NEUTRAL,NEUTRAL,,,,,,,,,,,,,,,,,,,,,,,,,,,,,,,,,,,,,,,,,,,,,,,,,,,,,
The News,Bilawal has clearly presented Pakistan’s stance on global stage: Sharjeel,NEUTRAL,NEUTRAL,,,,,,,,,,,,,,,,,,,,,,,,,,,,,,,,,,,,,,,,,,,,,,,,,,,,,
The News,170kg unhygienic meat seized; vehicle driver arrested,NEGATIVE,NEUTRAL,,,,,,,,,,,,,,,,,,,,,,,,,,,,,,,,,,,,,,,,,,,,,,,,,,,,,
The News,Abbasi orders making railway station escalators operational by 25th,NEUTRAL,NEUTRAL,,,,,,,,,,,,,,,,,,,,,,,,,,,,,,,,,,,,,,,,,,,,,,,,,,,,,
The News,"Punjab govt to set up 2,000 charging stations for e-buses",NEUTRAL,NEUTRAL,,,,,,,,,,,,,,,,,,,,,,,,,,,,,,,,,,,,,,,,,,,,,,,,,,,,,
The News,10 die on road in 24 hours,NEGATIVE,NEUTRAL,,,,,,,,,,,,,,,,,,,,,,,,,,,,,,,,,,,,,,,,,,,,,,,,,,,,,
The News,Electricity workers urge PM to lift ban on hiring,NEUTRAL,NEUTRAL,,,,,,,,,,,,,,,,,,,,,,,,,,,,,,,,,,,,,,,,,,,,,,,,,,,,,
The News,"PFA, EPA jointly conduct vehicle inspection",NEUTRAL,NEUTRAL,,,,,,,,,,,,,,,,,,,,,,,,,,,,,,,,,,,,,,,,,,,,,,,,,,,,,
The News,Relief for special children as Sports Complex opens doors to them,POSITIVE,NEUTRAL,,,,,,,,,,,,,,,,,,,,,,,,,,,,,,,,,,,,,,,,,,,,,,,,,,,,,
The News,Cleaning around mosques carried out,NEUTRAL,NEUTRAL,,,,,,,,,,,,,,,,,,,,,,,,,,,,,,,,,,,,,,,,,,,,,,,,,,,,,
The News,Rs346m grant approval for PIC welcomed,POSITIVE,NEUTRAL,,,,,,,,,,,,,,,,,,,,,,,,,,,,,,,,,,,,,,,,,,,,,,,,,,,,,
The News,SBP to conduct yoga classes for young athletes’ mothers,NEUTRAL,POSITIVE,,,,,,,,,,,,,,,,,,,,,,,,,,,,,,,,,,,,,,,,,,,,,,,,,,,,,
The News,Benazir Bhutto’s birth anniversary celebrated,POSITIVE,NEUTRAL,,,,,,,,,,,,,,,,,,,,,,,,,,,,,,,,,,,,,,,,,,,,,,,,,,,,,
The News,"Directive to upgrade parks, greenbelts",POSITIVE,NEUTRAL,,,,,,,,,,,,,,,,,,,,,,,,,,,,,,,,,,,,,,,,,,,,,,,,,,,,,
The News,PU awards PhD degrees to 12 scholars,NEUTRAL,NEUTRAL,,,,,,,,,,,,,,,,,,,,,,,,,,,,,,,,,,,,,,,,,,,,,,,,,,,,,
The News,Health deptt employees observe strike,NEUTRAL,NEUTRAL,,,,,,,,,,,,,,,,,,,,,,,,,,,,,,,,,,,,,,,,,,,,,,,,,,,,,
The News,Belgian envoy hails law on minority rights,NEUTRAL,NEUTRAL,,,,,,,,,,,,,,,,,,,,,,,,,,,,,,,,,,,,,,,,,,,,,,,,,,,,,
The News,Pak-Uzbek joint working group to boost blue economy,NEUTRAL,NEUTRAL,,,,,,,,,,,,,,,,,,,,,,,,,,,,,,,,,,,,,,,,,,,,,,,,,,,,,
The News,Islamabad records 49°C ‘feel like’ temp,NEUTRAL,NEUTRAL,,,,,,,,,,,,,,,,,,,,,,,,,,,,,,,,,,,,,,,,,,,,,,,,,,,,,
The News,AIOU closes swift centres,NEUTRAL,NEUTRAL,,,,,,,,,,,,,,,,,,,,,,,,,,,,,,,,,,,,,,,,,,,,,,,,,,,,,
The News,Pakistan leads Erasmus again with 114 scholarships,NEUTRAL,NEUTRAL,,,,,,,,,,,,,,,,,,,,,,,,,,,,,,,,,,,,,,,,,,,,,,,,,,,,,
The News,JI to host digital youth summit tomorrow,NEUTRAL,NEUTRAL,,,,,,,,,,,,,,,,,,,,,,,,,,,,,,,,,,,,,,,,,,,,,,,,,,,,,
The News,"MoU inked for research, knowledge exchange",NEUTRAL,NEUTRAL,,,,,,,,,,,,,,,,,,,,,,,,,,,,,,,,,,,,,,,,,,,,,,,,,,,,,
The News,Retired cop shot dead,NEGATIVE,NEUTRAL,,,,,,,,,,,,,,,,,,,,,,,,,,,,,,,,,,,,,,,,,,,,,,,,,,,,,
The News,KP to procure 50 more buses for BRT,NEUTRAL,NEUTRAL,,,,,,,,,,,,,,,,,,,,,,,,,,,,,,,,,,,,,,,,,,,,,,,,,,,,,
The News,Early construction of check dams in South Waziristan sought,NEUTRAL,NEUTRAL,,,,,,,,,,,,,,,,,,,,,,,,,,,,,,,,,,,,,,,,,,,,,,,,,,,,,
The News,Hindko Academy publishes 10th issue of journal,NEUTRAL,NEUTRAL,,,,,,,,,,,,,,,,,,,,,,,,,,,,,,,,,,,,,,,,,,,,,,,,,,,,,
The News,No cop from KP posted against top slot anywhere in country,NEUTRAL,NEUTRAL,,,,,,,,,,,,,,,,,,,,,,,,,,,,,,,,,,,,,,,,,,,,,,,,,,,,,
The News,IGP vows foolproof security in Muharram,NEUTRAL,NEUTRAL,,,,,,,,,,,,,,,,,,,,,,,,,,,,,,,,,,,,,,,,,,,,,,,,,,,,,
The News,Three of family die as snow falls on tourists,NEGATIVE,NEUTRAL,,,,,,,,,,,,,,,,,,,,,,,,,,,,,,,,,,,,,,,,,,,,,,,,,,,,,
The News,PHC seeks response on FIR registered under Peca,NEUTRAL,NEUTRAL,,,,,,,,,,,,,,,,,,,,,,,,,,,,,,,,,,,,,,,,,,,,,,,,,,,,,
The News,PHC reserves verdict on petition against placement of names on ECL,NEUTRAL,NEUTRAL,,,,,,,,,,,,,,,,,,,,,,,,,,,,,,,,,,,,,,,,,,,,,,,,,,,,,
The News,Crackdown ordered on overpricing in Swabi,NEUTRAL,NEUTRAL,,,,,,,,,,,,,,,,,,,,,,,,,,,,,,,,,,,,,,,,,,,,,,,,,,,,,
The News,Agreement inked between UoP and Prisons Dept,NEUTRAL,NEUTRAL,,,,,,,,,,,,,,,,,,,,,,,,,,,,,,,,,,,,,,,,,,,,,,,,,,,,,
The News,Abbottabad and Haripur facing severe water crisis,NEGATIVE,NEGATIVE,,,,,,,,,,,,,,,,,,,,,,,,,,,,,,,,,,,,,,,,,,,,,,,,,,,,,
The News,Shandur Polo Festival gets underway,NEUTRAL,POSITIVE,,,,,,,,,,,,,,,,,,,,,,,,,,,,,,,,,,,,,,,,,,,,,,,,,,,,,
The News,Profiling of NCP vehicles in Kohistan begins,NEUTRAL,NEUTRAL,,,,,,,,,,,,,,,,,,,,,,,,,,,,,,,,,,,,,,,,,,,,,,,,,,,,,
The News,Rupee falls against dollar,NEUTRAL,NEUTRAL,,,,,,,,,,,,,,,,,,,,,,,,,,,,,,,,,,,,,,,,,,,,,,,,,,,,,
The News,Steel industry warns tariff cuts could lead to shutdowns,NEGATIVE,NEUTRAL,,,,,,,,,,,,,,,,,,,,,,,,,,,,,,,,,,,,,,,,,,,,,,,,,,,,,
The News,Stocks close flat amid cautious activity,NEUTRAL,NEUTRAL,,,,,,,,,,,,,,,,,,,,,,,,,,,,,,,,,,,,,,,,,,,,,,,,,,,,,
The News,Crude sinks 2% as Trump delays decision on Iran strike,NEGATIVE,NEUTRAL,,,,,,,,,,,,,,,,,,,,,,,,,,,,,,,,,,,,,,,,,,,,,,,,,,,,,
The News,Sugar prices exceed govt-set Rs164 per kg in most cities: PBS,NEUTRAL,NEUTRAL,,,,,,,,,,,,,,,,,,,,,,,,,,,,,,,,,,,,,,,,,,,,,,,,,,,,,
The News,Global equity funds log biggest outflows in three months on Mideast tensions,NEGATIVE,NEUTRAL,,,,,,,,,,,,,,,,,,,,,,,,,,,,,,,,,,,,,,,,,,,,,,,,,,,,,
The News,"Under shadow of Trump warning, Africa pioneers non-dollar payments systems",NEUTRAL,NEUTRAL,,,,,,,,,,,,,,,,,,,,,,,,,,,,,,,,,,,,,,,,,,,,,,,,,,,,,
The News,Shipping firm Maersk temporarily pauses Haifa port calls,NEUTRAL,NEUTRAL,,,,,,,,,,,,,,,,,,,,,,,,,,,,,,,,,,,,,,,,,,,,,,,,,,,,,
The News,What if Iran tries to close the Strait of Hormuz?,NEUTRAL,NEGATIVE,,,,,,,,,,,,,,,,,,,,,,,,,,,,,,,,,,,,,,,,,,,,,,,,,,,,,
The News,"Gold prices drop Rs1,595 per tola",NEUTRAL,NEUTRAL,,,,,,,,,,,,,,,,,,,,,,,,,,,,,,,,,,,,,,,,,,,,,,,,,,,,,
The News,"FTO orders FBR to suspend shop sealing, train field staff",NEUTRAL,NEUTRAL,,,,,,,,,,,,,,,,,,,,,,,,,,,,,,,,,,,,,,,,,,,,,,,,,,,,,
The News,PSB holds elections of 3 federations,NEUTRAL,NEUTRAL,,,,,,,,,,,,,,,,,,,,,,,,,,,,,,,,,,,,,,,,,,,,,,,,,,,,,
The News,Ton-up Jaiswal makes England toil in first Test as India take control,NEUTRAL,NEUTRAL,,,,,,,,,,,,,,,,,,,,,,,,,,,,,,,,,,,,,,,,,,,,,,,,,,,,,
The News,Australia drop struggling Labuschagne for first West Indies Test,NEUTRAL,NEUTRAL,,,,,,,,,,,,,,,,,,,,,,,,,,,,,,,,,,,,,,,,,,,,,,,,,,,,,
The News,Squad for Asian Snooker named,NEUTRAL,NEUTRAL,,,,,,,,,,,,,,,,,,,,,,,,,,,,,,,,,,,,,,,,,,,,,,,,,,,,,
The News,Pakistan upset France to reach Nations Cup final,NEUTRAL,NEUTRAL,,,,,,,,,,,,,,,,,,,,,,,,,,,,,,,,,,,,,,,,,,,,,,,,,,,,,
The News,Gilani discusses football collaboration with FIFA executives,NEUTRAL,NEUTRAL,,,,,,,,,,,,,,,,,,,,,,,,,,,,,,,,,,,,,,,,,,,,,,,,,,,,,
The News,Shaheen eyes BBL brilliance,NEUTRAL,NEUTRAL,,,,,,,,,,,,,,,,,,,,,,,,,,,,,,,,,,,,,,,,,,,,,,,,,,,,,
The News,PCB chief meets FIFA president,NEUTRAL,POSITIVE,,,,,,,,,,,,,,,,,,,,,,,,,,,,,,,,,,,,,,,,,,,,,,,,,,,,,
The News,NBA great Vlade Divac injured in Montenegro motorcycle crash,NEUTRAL,NEUTRAL,,,,,,,,,,,,,,,,,,,,,,,,,,,,,,,,,,,,,,,,,,,,,,,,,,,,,
The News,Salah among nominees for PFA Player of the Year award,NEUTRAL,POSITIVE,,,,,,,,,,,,,,,,,,,,,,,,,,,,,,,,,,,,,,,,,,,,,,,,,,,,,
The News,Three-time world champion figure skater Sakamoto to retire,NEUTRAL,NEUTRAL,,,,,,,,,,,,,,,,,,,,,,,,,,,,,,,,,,,,,,,,,,,,,,,,,,,,,
The News,Liverpool agree for Bournemouth’s Kerkez: reports,NEUTRAL,NEUTRAL,,,,,,,,,,,,,,,,,,,,,,,,,,,,,,,,,,,,,,,,,,,,,,,,,,,,,
The News,Foreign keepers to play in South Korea after 27 years,NEUTRAL,NEUTRAL,,,,,,,,,,,,,,,,,,,,,,,,,,,,,,,,,,,,,,,,,,,,,,,,,,,,,
The News,PSG stunned by Botafogo after Messi lights up Club World Cup,NEUTRAL,NEUTRAL,,,,,,,,,,,,,,,,,,,,,,,,,,,,,,,,,,,,,,,,,,,,,,,,,,,,,
The News,US refuses visa for members of Senegal women’s basketball team: Dakar,NEGATIVE,NEUTRAL,,,,,,,,,,,,,,,,,,,,,,,,,,,,,,,,,,,,,,,,,,,,,,,,,,,,,
The News,Seven arrested in London over Iran embassy ‘altercation’,NEGATIVE,NEUTRAL,,,,,,,,,,,,,,,,,,,,,,,,,,,,,,,,,,,,,,,,,,,,,,,,,,,,,
The News,"More than 53,000 evacuated in central China over heavy rain",NEGATIVE,NEUTRAL,,,,,,,,,,,,,,,,,,,,,,,,,,,,,,,,,,,,,,,,,,,,,,,,,,,,,
The News,Australian trial says tech for social media teen ban can work,NEUTRAL,NEUTRAL,,,,,,,,,,,,,,,,,,,,,,,,,,,,,,,,,,,,,,,,,,,,,,,,,,,,,
The News,Venice divided ahead of billionaire Bezos’ ‘wedding of the century’,NEUTRAL,NEUTRAL,,,,,,,,,,,,,,,,,,,,,,,,,,,,,,,,,,,,,,,,,,,,,,,,,,,,,
The News,Thousands protest in Iraq against Iran-Israel war,NEUTRAL,NEUTRAL,,,,,,,,,,,,,,,,,,,,,,,,,,,,,,,,,,,,,,,,,,,,,,,,,,,,,
The News,"Russia might try to take Ukrainian city of Sumy, says Putin",NEUTRAL,NEGATIVE,,,,,,,,,,,,,,,,,,,,,,,,,,,,,,,,,,,,,,,,,,,,,,,,,,,,,
The News,Thai PM meets army commander in attempt to defuse political crisis,NEUTRAL,NEGATIVE,,,,,,,,,,,,,,,,,,,,,,,,,,,,,,,,,,,,,,,,,,,,,,,,,,,,,
The News,Over 400 asylum seekers on Greece’s Gavdos island: coastguard,NEUTRAL,NEUTRAL,,,,,,,,,,,,,,,,,,,,,,,,,,,,,,,,,,,,,,,,,,,,,,,,,,,,,
The News,UK MPs vote in favour of assisted dying bill in historic step,NEUTRAL,NEUTRAL,,,,,,,,,,,,,,,,,,,,,,,,,,,,,,,,,,,,,,,,,,,,,,,,,,,,,
The News,Most of Europe’s bathing waters safe for swimming: report,POSITIVE,NEUTRAL,,,,,,,,,,,,,,,,,,,,,,,,,,,,,,,,,,,,,,,,,,,,,,,,,,,,,
The News,US appeals court allows Trump control of National Guard in Los Angeles,NEUTRAL,NEUTRAL,,,,,,,,,,,,,,,,,,,,,,,,,,,,,,,,,,,,,,,,,,,,,,,,,,,,,
The News,Israeli forces kill 60 Palestinian aid seekers,NEGATIVE,NEGATIVE,,,,,,,,,,,,,,,,,,,,,,,,,,,,,,,,,,,,,,,,,,,,,,,,,,,,,
The News,US judge orders release of pro-Palestinian activist Khalil,NEUTRAL,NEUTRAL,,,,,,,,,,,,,,,,,,,,,,,,,,,,,,,,,,,,,,,,,,,,,,,,,,,,,
The News,Pro-Palestinian activists break into UK’s largest air base,NEGATIVE,NEUTRAL,,,,,,,,,,,,,,,,,,,,,,,,,,,,,,,,,,,,,,,,,,,,,,,,,,,,,
The News,Macron says Europe must become ‘space power’ again,NEUTRAL,NEUTRAL,,,,,,,,,,,,,,,,,,,,,,,,,,,,,,,,,,,,,,,,,,,,,,,,,,,,,
The News,Audit report finds over ‘Rs1tr irregularities’ in Punjab,NEGATIVE,NEUTRAL,,,,,,,,,,,,,,,,,,,,,,,,,,,,,,,,,,,,,,,,,,,,,,,,,,,,,
The News,Benazir Hunarmand Programme: Zardari launches initiative to equip youth with skills,NEUTRAL,POSITIVE,,,,,,,,,,,,,,,,,,,,,,,,,,,,,,,,,,,,,,,,,,,,,,,,,,,,,
The News,"IMF has nixed 25% rebate for teachers, NA panel told",NEUTRAL,NEUTRAL,,,,,,,,,,,,,,,,,,,,,,,,,,,,,,,,,,,,,,,,,,,,,,,,,,,,,
The News,"Moro violence: Police register FIRs, make arrests",NEUTRAL,NEGATIVE,,,,,,,,,,,,,,,,,,,,,,,,,,,,,,,,,,,,,,,,,,,,,,,,,,,,,
The News,Tens of thousands join pro-Palestinian marches in London and Berlin,NEUTRAL,NEGATIVE,,,,,,,,,,,,,,,,,,,,,,,,,,,,,,,,,,,,,,,,,,,,,,,,,,,,,
The News,"Tax on salaries, imported solar panels cut",NEUTRAL,NEUTRAL,,,,,,,,,,,,,,,,,,,,,,,,,,,,,,,,,,,,,,,,,,,,,,,,,,,,,
The News,Ogra flags fuel stock readiness amid regional tensions,NEUTRAL,NEUTRAL,,,,,,,,,,,,,,,,,,,,,,,,,,,,,,,,,,,,,,,,,,,,,,,,,,,,,
The News,"In suit against Imran, PM says defence wasting court’s time",NEGATIVE,NEUTRAL,,,,,,,,,,,,,,,,,,,,,,,,,,,,,,,,,,,,,,,,,,,,,,,,,,,,,
The News,"Finance Bill: Safeguards in place to prevent misuse of arrest powers, says FBR",NEUTRAL,NEUTRAL,,,,,,,,,,,,,,,,,,,,,,,,,,,,,,,,,,,,,,,,,,,,,,,,,,,,,
The News,Maryam announces Rs2bn package for rural women,NEUTRAL,NEUTRAL,,,,,,,,,,,,,,,,,,,,,,,,,,,,,,,,,,,,,,,,,,,,,,,,,,,,,
The News,Israel signals it could act on Fordow before Trump’s deadline expires: sources,NEUTRAL,NEUTRAL,,,,,,,,,,,,,,,,,,,,,,,,,,,,,,,,,,,,,,,,,,,,,,,,,,,,,
The News,"PTI ready for serious, result-oriented talks: Gohar",NEUTRAL,NEUTRAL,,,,,,,,,,,,,,,,,,,,,,,,,,,,,,,,,,,,,,,,,,,,,,,,,,,,,
The News,All SC judges must be nominated to Constitutional Bench: Justice Mansoor,NEUTRAL,NEUTRAL,,,,,,,,,,,,,,,,,,,,,,,,,,,,,,,,,,,,,,,,,,,,,,,,,,,,,
The News,"Israeli fire kills 8 near Gaza aid centres, 4 others: rescuers",NEGATIVE,NEUTRAL,,,,,,,,,,,,,,,,,,,,,,,,,,,,,,,,,,,,,,,,,,,,,,,,,,,,,
The News,"New Pak	US ties to help reduce tension in region: Hoti",NEUTRAL,NEUTRAL,,,,,,,,,,,,,,,,,,,,,,,,,,,,,,,,,,,,,,,,,,,,,,,,,,,,,
The News,"Barrister Gohar, Omar Ayub, others acquitted in two cases",NEUTRAL,NEUTRAL,,,,,,,,,,,,,,,,,,,,,,,,,,,,,,,,,,,,,,,,,,,,,,,,,,,,,
The News,"Investigators say int'l terror outfit behind attack on JUI-S chief, others",NEGATIVE,NEUTRAL,,,,,,,,,,,,,,,,,,,,,,,,,,,,,,,,,,,,,,,,,,,,,,,,,,,,,
The News,Two cops martyred in Swabi,NEGATIVE,NEUTRAL,,,,,,,,,,,,,,,,,,,,,,,,,,,,,,,,,,,,,,,,,,,,,,,,,,,,,
The News,Sana Yousuf’s killer should get strictest punishment: Tarar,NEGATIVE,NEUTRAL,,,,,,,,,,,,,,,,,,,,,,,,,,,,,,,,,,,,,,,,,,,,,,,,,,,,,
The News,Four killed in Kurram mortar shell hit,NEGATIVE,NEUTRAL,,,,,,,,,,,,,,,,,,,,,,,,,,,,,,,,,,,,,,,,,,,,,,,,,,,,,
The News,"PPP, JUI-F chief discuss evolving political landscape, budget",NEUTRAL,NEUTRAL,,,,,,,,,,,,,,,,,,,,,,,,,,,,,,,,,,,,,,,,,,,,,,,,,,,,,
The News,JI stages demo outside PA against denying Karachi its due share in budget,NEUTRAL,NEGATIVE,,,,,,,,,,,,,,,,,,,,,,,,,,,,,,,,,,,,,,,,,,,,,,,,,,,,,
The News,Followers of all religions are equal citizens in Pakistan: ISPR DG,NEUTRAL,NEUTRAL,,,,,,,,,,,,,,,,,,,,,,,,,,,,,,,,,,,,,,,,,,,,,,,,,,,,,
The News,The News Education Expo 2025 brings various higher education institutes under one roof,NEUTRAL,POSITIVE,,,,,,,,,,,,,,,,,,,,,,,,,,,,,,,,,,,,,,,,,,,,,,,,,,,,,
The News,Mayor complains of Karachi’s exclusion from Export Development Fund to federal minister,NEGATIVE,NEUTRAL,,,,,,,,,,,,,,,,,,,,,,,,,,,,,,,,,,,,,,,,,,,,,,,,,,,,,
The News,"One killed, two hurt as street light pole falls on family",NEGATIVE,NEUTRAL,,,,,,,,,,,,,,,,,,,,,,,,,,,,,,,,,,,,,,,,,,,,,,,,,,,,,
The News,Airport cop suspended after ‘bribery’ video goes viral,NEGATIVE,NEUTRAL,,,,,,,,,,,,,,,,,,,,,,,,,,,,,,,,,,,,,,,,,,,,,,,,,,,,,
The News,Installation ceremony of Ikebana International Karachi Chapter 204 held,NEUTRAL,POSITIVE,,,,,,,,,,,,,,,,,,,,,,,,,,,,,,,,,,,,,,,,,,,,,,,,,,,,,
The News,Various parts of city receive drizzle for second day,NEUTRAL,NEUTRAL,,,,,,,,,,,,,,,,,,,,,,,,,,,,,,,,,,,,,,,,,,,,,,,,,,,,,
The News,‘Taxing solar panels to not reverse transition towards clean energy’,NEUTRAL,NEUTRAL,,,,,,,,,,,,,,,,,,,,,,,,,,,,,,,,,,,,,,,,,,,,,,,,,,,,,
The News,Security policy for banks issued by South Range,NEUTRAL,NEUTRAL,,,,,,,,,,,,,,,,,,,,,,,,,,,,,,,,,,,,,,,,,,,,,,,,,,,,,
The News,"Non-duty paid cigarettes, other material worth Rs648m destroyed",NEGATIVE,NEUTRAL,,,,,,,,,,,,,,,,,,,,,,,,,,,,,,,,,,,,,,,,,,,,,,,,,,,,,
The News,Glowing tribute paid to BB,POSITIVE,NEUTRAL,,,,,,,,,,,,,,,,,,,,,,,,,,,,,,,,,,,,,,,,,,,,,,,,,,,,,
The News,"PFA discards 3,000 litres of adulterated milk",NEGATIVE,NEUTRAL,,,,,,,,,,,,,,,,,,,,,,,,,,,,,,,,,,,,,,,,,,,,,,,,,,,,,
The News,World Punjabi Conference starts,NEUTRAL,NEUTRAL,,,,,,,,,,,,,,,,,,,,,,,,,,,,,,,,,,,,,,,,,,,,,,,,,,,,,
The News,Punjab eyes target of 6m cotton bales,NEUTRAL,NEUTRAL,,,,,,,,,,,,,,,,,,,,,,,,,,,,,,,,,,,,,,,,,,,,,,,,,,,,,
The News,"Budget-making process, financial regulations highlighted at PA’s technical session",NEUTRAL,NEUTRAL,,,,,,,,,,,,,,,,,,,,,,,,,,,,,,,,,,,,,,,,,,,,,,,,,,,,,
The News,5 cornea transplant surgeries performed,NEUTRAL,NEUTRAL,,,,,,,,,,,,,,,,,,,,,,,,,,,,,,,,,,,,,,,,,,,,,,,,,,,,,
The News,FJMU among world’s top 200 varsities,NEUTRAL,NEUTRAL,,,,,,,,,,,,,,,,,,,,,,,,,,,,,,,,,,,,,,,,,,,,,,,,,,,,,
The News,Ex-VP PHF Women Wing passes away,NEGATIVE,NEUTRAL,,,,,,,,,,,,,,,,,,,,,,,,,,,,,,,,,,,,,,,,,,,,,,,,,,,,,
The News,Singer enthrals audience,NEUTRAL,NEUTRAL,,,,,,,,,,,,,,,,,,,,,,,,,,,,,,,,,,,,,,,,,,,,,,,,,,,,,
The News,‘Modern skills in police system need of hour’,NEUTRAL,NEUTRAL,,,,,,,,,,,,,,,,,,,,,,,,,,,,,,,,,,,,,,,,,,,,,,,,,,,,,
The News,Experts call for leveraging renewed international interest in Kashmir dispute,NEUTRAL,NEUTRAL,,,,,,,,,,,,,,,,,,,,,,,,,,,,,,,,,,,,,,,,,,,,,,,,,,,,,
The News,Sports complex opens doors to special children,POSITIVE,POSITIVE,,,,,,,,,,,,,,,,,,,,,,,,,,,,,,,,,,,,,,,,,,,,,,,,,,,,,
The News,Visa applicants denied basic facilities by visa processing companies,NEGATIVE,NEGATIVE,,,,,,,,,,,,,,,,,,,,,,,,,,,,,,,,,,,,,,,,,,,,,,,,,,,,,
The News,Commercial Market Satellite Town: a blend of tradition and modernity,NEUTRAL,NEUTRAL,,,,,,,,,,,,,,,,,,,,,,,,,,,,,,,,,,,,,,,,,,,,,,,,,,,,,
The News,NUTECH holds graduation ceremony of differently abled students,NEUTRAL,NEUTRAL,,,,,,,,,,,,,,,,,,,,,,,,,,,,,,,,,,,,,,,,,,,,,,,,,,,,,
The News,Climate threats leave coastal hospitals vulnerable,NEGATIVE,NEUTRAL,,,,,,,,,,,,,,,,,,,,,,,,,,,,,,,,,,,,,,,,,,,,,,,,,,,,,
The News,Cheques distributed among RWMC workers for successful Eidul Azha cleanliness drive,POSITIVE,POSITIVE,,,,,,,,,,,,,,,,,,,,,,,,,,,,,,,,,,,,,,,,,,,,,,,,,,,,,
The News,"NUML, Korean university sign LOI for academic collaboration",NEUTRAL,POSITIVE,,,,,,,,,,,,,,,,,,,,,,,,,,,,,,,,,,,,,,,,,,,,,,,,,,,,,
The News,Lawyers urged to help end deprivations of people of KP's merged districts,NEUTRAL,NEUTRAL,,,,,,,,,,,,,,,,,,,,,,,,,,,,,,,,,,,,,,,,,,,,,,,,,,,,,
The News,Efforts urged to ensure peaceful Muharram,NEUTRAL,NEUTRAL,,,,,,,,,,,,,,,,,,,,,,,,,,,,,,,,,,,,,,,,,,,,,,,,,,,,,
The News,"Foolproof security being provided to tourists, says IGP",NEUTRAL,POSITIVE,,,,,,,,,,,,,,,,,,,,,,,,,,,,,,,,,,,,,,,,,,,,,,,,,,,,,
The News,"May 9 events: Officials directed to produce witnesses, case property in next hearings",NEUTRAL,NEGATIVE,,,,,,,,,,,,,,,,,,,,,,,,,,,,,,,,,,,,,,,,,,,,,,,,,,,,,
The News,Three persons drown as boat capsizes in Swat,NEGATIVE,NEUTRAL,,,,,,,,,,,,,,,,,,,,,,,,,,,,,,,,,,,,,,,,,,,,,,,,,,,,,
The News,ICCI stresses globally accredited training to boost skilled workforce,POSITIVE,POSITIVE,,,,,,,,,,,,,,,,,,,,,,,,,,,,,,,,,,,,,,,,,,,,,,,,,,,,,
The News,US President Trump discloses $57m earnings from crypto venture,NEUTRAL,NEUTRAL,,,,,,,,,,,,,,,,,,,,,,,,,,,,,,,,,,,,,,,,,,,,,,,,,,,,,
The News,Tesla set to open India showrooms in July with Made-in-China EVs,NEUTRAL,NEUTRAL,,,,,,,,,,,,,,,,,,,,,,,,,,,,,,,,,,,,,,,,,,,,,,,,,,,,,
The News,Rupee seen stabilising around 285 next week,NEUTRAL,NEUTRAL,,,,,,,,,,,,,,,,,,,,,,,,,,,,,,,,,,,,,,,,,,,,,,,,,,,,,
The News,Middle East tensions put investors on alert,NEUTRAL,NEUTRAL,,,,,,,,,,,,,,,,,,,,,,,,,,,,,,,,,,,,,,,,,,,,,,,,,,,,,
The News,"Telecom sector’s average revenue per user climbs 50% in five years, says brokerage firm",NEUTRAL,NEUTRAL,,,,,,,,,,,,,,,,,,,,,,,,,,,,,,,,,,,,,,,,,,,,,,,,,,,,,
The News,"Budget dialogue urges climate fund, end to fossil subsidies",NEUTRAL,NEUTRAL,,,,,,,,,,,,,,,,,,,,,,,,,,,,,,,,,,,,,,,,,,,,,,,,,,,,,
The News,"FPCCI criticises budget powers for tax officials, seeks policy revisions",NEUTRAL,NEUTRAL,,,,,,,,,,,,,,,,,,,,,,,,,,,,,,,,,,,,,,,,,,,,,,,,,,,,,
The News,Untapped mineral wealth holds strategic promise for Pakistan,POSITIVE,NEUTRAL,,,,,,,,,,,,,,,,,,,,,,,,,,,,,,,,,,,,,,,,,,,,,,,,,,,,,
The News,"‘Survive, nothing more’: Cuba’s elderly live hand to mouth",NEUTRAL,NEUTRAL,,,,,,,,,,,,,,,,,,,,,,,,,,,,,,,,,,,,,,,,,,,,,,,,,,,,,
The News,South Korea’s chief trade negotiator to visit US,NEUTRAL,NEUTRAL,,,,,,,,,,,,,,,,,,,,,,,,,,,,,,,,,,,,,,,,,,,,,,,,,,,,,
The News,"Gold rates rise Rs1,465 per tola",NEUTRAL,NEUTRAL,,,,,,,,,,,,,,,,,,,,,,,,,,,,,,,,,,,,,,,,,,,,,,,,,,,,,
The News,Pakistan seeks furniture export boost with industry training in Peshawar,NEUTRAL,NEUTRAL,,,,,,,,,,,,,,,,,,,,,,,,,,,,,,,,,,,,,,,,,,,,,,,,,,,,,
The News,"Pakistan showed grit, says Tahir Zaman",NEUTRAL,POSITIVE,,,,,,,,,,,,,,,,,,,,,,,,,,,,,,,,,,,,,,,,,,,,,,,,,,,,,
The News,"Pakistan in semis,to take on Qatar",NEUTRAL,NEUTRAL,,,,,,,,,,,,,,,,,,,,,,,,,,,,,,,,,,,,,,,,,,,,,,,,,,,,,
The News,Australian opener Konstas says he has ‘come a long way’,POSITIVE,NEUTRAL,,,,,,,,,,,,,,,,,,,,,,,,,,,,,,,,,,,,,,,,,,,,,,,,,,,,,
The News,Infantino endorses Pakistan’s vision,NEUTRAL,POSITIVE,,,,,,,,,,,,,,,,,,,,,,,,,,,,,,,,,,,,,,,,,,,,,,,,,,,,,
The News,Naqvi meets former chief Dr Naseem,NEUTRAL,NEUTRAL,,,,,,,,,,,,,,,,,,,,,,,,,,,,,,,,,,,,,,,,,,,,,,,,,,,,,
The News,Bumrah strikes before Duckett and Pope hold firm in 1st Test,NEUTRAL,NEUTRAL,,,,,,,,,,,,,,,,,,,,,,,,,,,,,,,,,,,,,,,,,,,,,,,,,,,,,
The News,"Flamengo floor Chelsea at Club World Cup, Bayern edge out Boca",NEUTRAL,NEUTRAL,,,,,,,,,,,,,,,,,,,,,,,,,,,,,,,,,,,,,,,,,,,,,,,,,,,,,
The News,Lehecka stuns Draper to reach Queen’s final,POSITIVE,NEUTRAL,,,,,,,,,,,,,,,,,,,,,,,,,,,,,,,,,,,,,,,,,,,,,,,,,,,,,
The News,Benfica knock out Auckland in delayed Club World Cup romp,NEUTRAL,NEUTRAL,,,,,,,,,,,,,,,,,,,,,,,,,,,,,,,,,,,,,,,,,,,,,,,,,,,,,
The News,Teams from ‘south’ have Club World Cup heat advantage: Kovac,NEUTRAL,NEUTRAL,,,,,,,,,,,,,,,,,,,,,,,,,,,,,,,,,,,,,,,,,,,,,,,,,,,,,
The News,Alvarez promises Crawford bout will be one of his ‘best’,NEUTRAL,POSITIVE,,,,,,,,,,,,,,,,,,,,,,,,,,,,,,,,,,,,,,,,,,,,,,,,,,,,,
The News,Marquez continues dominance with Italian MotoGP sprint win,POSITIVE,POSITIVE,,,,,,,,,,,,,,,,,,,,,,,,,,,,,,,,,,,,,,,,,,,,,,,,,,,,,
The News,First phase of PCB skills development camp ends,NEUTRAL,NEUTRAL,,,,,,,,,,,,,,,,,,,,,,,,,,,,,,,,,,,,,,,,,,,,,,,,,,,,,
The News,Lions slump to warm-up defeat by Argentina,NEGATIVE,NEUTRAL,,,,,,,,,,,,,,,,,,,,,,,,,,,,,,,,,,,,,,,,,,,,,,,,,,,,,
The News,Mbappe out of second Real Madrid Club World Cup clash,NEUTRAL,NEUTRAL,,,,,,,,,,,,,,,,,,,,,,,,,,,,,,,,,,,,,,,,,,,,,,,,,,,,,
The News,Macron says Europeans to ‘accelerate talks’ with Iran,NEUTRAL,NEUTRAL,,,,,,,,,,,,,,,,,,,,,,,,,,,,,,,,,,,,,,,,,,,,,,,,,,,,,
The News,Yemen’s Huthis threaten to attack US ships if it strikes Iran,NEGATIVE,NEGATIVE,,,,,,,,,,,,,,,,,,,,,,,,,,,,,,,,,,,,,,,,,,,,,,,,,,,,,
The News,VP Vance says US troops still ‘necessary’ in LA,NEUTRAL,NEUTRAL,,,,,,,,,,,,,,,,,,,,,,,,,,,,,,,,,,,,,,,,,,,,,,,,,,,,,
The News,Suicide blast kills 20 anti-jihadists in Nigeria,NEGATIVE,NEUTRAL,,,,,,,,,,,,,,,,,,,,,,,,,,,,,,,,,,,,,,,,,,,,,,,,,,,,,
The News,News Analysis: Pakistan’s wobbly tightrope between DC and Tehran,NEUTRAL,NEUTRAL,,,,,,,,,,,,,,,,,,,,,,,,,,,,,,,,,,,,,,,,,,,,,,,,,,,,,
The News,Origins and future prospects of Iran’s nuclear programme,NEUTRAL,NEUTRAL,,,,,,,,,,,,,,,,,,,,,,,,,,,,,,,,,,,,,,,,,,,,,,,,,,,,,
The News,"Countries call for restraint, return to talks",NEUTRAL,NEUTRAL,,,,,,,,,,,,,,,,,,,,,,,,,,,,,,,,,,,,,,,,,,,,,,,,,,,,,
The News,US bombing of Iran started with a fake-out,NEGATIVE,NEUTRAL,,,,,,,,,,,,,,,,,,,,,,,,,,,,,,,,,,,,,,,,,,,,,,,,,,,,,
The News,B-2 stealth bomber priciest warplane on earth used in Iran strikes,NEUTRAL,NEUTRAL,,,,,,,,,,,,,,,,,,,,,,,,,,,,,,,,,,,,,,,,,,,,,,,,,,,,,
The News,"Trump betrayed not only Iran, but his own voters as well: Araghchi",NEGATIVE,NEGATIVE,,,,,,,,,,,,,,,,,,,,,,,,,,,,,,,,,,,,,,,,,,,,,,,,,,,,,
The News,Govt mulls three taxation measures to raise Rs36bn,NEUTRAL,NEUTRAL,,,,,,,,,,,,,,,,,,,,,,,,,,,,,,,,,,,,,,,,,,,,,,,,,,,,,
The News,AGP flags Rs147bn 'non-transparent contracts' in KP govt audit,NEGATIVE,NEGATIVE,,,,,,,,,,,,,,,,,,,,,,,,,,,,,,,,,,,,,,,,,,,,,,,,,,,,,
The News,What if Iran blocks Strait of Hormuz?,NEUTRAL,NEGATIVE,,,,,,,,,,,,,,,,,,,,,,,,,,,,,,,,,,,,,,,,,,,,,,,,,,,,,
The News,Israel-Iran conflict: Dozens of passenger aircraft stranded,NEGATIVE,NEGATIVE,,,,,,,,,,,,,,,,,,,,,,,,,,,,,,,,,,,,,,,,,,,,,,,,,,,,,
The News,Strikes on Iran mark Trump’s biggest and riskiest foreign policy gamble,NEGATIVE,NEUTRAL,,,,,,,,,,,,,,,,,,,,,,,,,,,,,,,,,,,,,,,,,,,,,,,,,,,,,
The News,"Pakistan-India ceasefire hinged on dialogue, but ‘that is not happening’: Bilawal",NEUTRAL,NEGATIVE,,,,,,,,,,,,,,,,,,,,,,,,,,,,,,,,,,,,,,,,,,,,,,,,,,,,,
The News,1124 helpline set up to redress public complaints,NEUTRAL,NEUTRAL,,,,,,,,,,,,,,,,,,,,,,,,,,,,,,,,,,,,,,,,,,,,,,,,,,,,,
The News,Key Bangladesh party files case on alleged election rigging,NEUTRAL,NEGATIVE,,,,,,,,,,,,,,,,,,,,,,,,,,,,,,,,,,,,,,,,,,,,,,,,,,,,,
The News,Twenty killed in suicide bombing at Damascus church,NEGATIVE,NEGATIVE,,,,,,,,,,,,,,,,,,,,,,,,,,,,,,,,,,,,,,,,,,,,,,,,,,,,,
The News,JI chief says US destroyed global peace by attacking Iran,NEGATIVE,NEGATIVE,,,,,,,,,,,,,,,,,,,,,,,,,,,,,,,,,,,,,,,,,,,,,,,,,,,,,
The News,Leghari orders no power cuts during Muharram,NEUTRAL,NEUTRAL,,,,,,,,,,,,,,,,,,,,,,,,,,,,,,,,,,,,,,,,,,,,,,,,,,,,,
The News,"PTI seeks immediate release of Imran, inclusion in strategic decision-making",NEUTRAL,NEUTRAL,,,,,,,,,,,,,,,,,,,,,,,,,,,,,,,,,,,,,,,,,,,,,,,,,,,,,
The News,Kashmir settlement imperative for lasting peace: Dar,NEUTRAL,NEGATIVE,,,,,,,,,,,,,,,,,,,,,,,,,,,,,,,,,,,,,,,,,,,,,,,,,,,,,
The News,Iran to continue its nuclear programme: ambassador,NEUTRAL,NEUTRAL,,,,,,,,,,,,,,,,,,,,,,,,,,,,,,,,,,,,,,,,,,,,,,,,,,,,,
The News,Widow appeals for protection & justice,NEUTRAL,NEGATIVE,,,,,,,,,,,,,,,,,,,,,,,,,,,,,,,,,,,,,,,,,,,,,,,,,,,,,
The News,Without ‘buyback guarantee’ pharma firms won’t invest in vaccine production: officials,NEGATIVE,NEUTRAL,,,,,,,,,,,,,,,,,,,,,,,,,,,,,,,,,,,,,,,,,,,,,,,,,,,,,
The News,11 FIA officials suspended over Lesco corruption charges,NEGATIVE,NEUTRAL,,,,,,,,,,,,,,,,,,,,,,,,,,,,,,,,,,,,,,,,,,,,,,,,,,,,,
The News,KSA trusted friend of Pakistan: NA speaker,NEUTRAL,POSITIVE,,,,,,,,,,,,,,,,,,,,,,,,,,,,,,,,,,,,,,,,,,,,,,,,,,,,,
The News,Baloch leader killed in Khuzdar attack,NEGATIVE,NEUTRAL,,,,,,,,,,,,,,,,,,,,,,,,,,,,,,,,,,,,,,,,,,,,,,,,,,,,,
The News,Six dead in Bannu clash,NEGATIVE,NEGATIVE,,,,,,,,,,,,,,,,,,,,,,,,,,,,,,,,,,,,,,,,,,,,,,,,,,,,,
The News,"US attack on Iran brings world to the brink of war, says Rabbani",NEGATIVE,NEGATIVE,,,,,,,,,,,,,,,,,,,,,,,,,,,,,,,,,,,,,,,,,,,,,,,,,,,,,
The News,Governor concerned over governance in KP,NEUTRAL,NEUTRAL,,,,,,,,,,,,,,,,,,,,,,,,,,,,,,,,,,,,,,,,,,,,,,,,,,,,,
The News,Transgender person found dead,NEGATIVE,NEGATIVE,,,,,,,,,,,,,,,,,,,,,,,,,,,,,,,,,,,,,,,,,,,,,,,,,,,,,
The News,Federal budget — from blueprint to action,NEUTRAL,NEGATIVE,,,,,,,,,,,,,,,,,,,,,,,,,,,,,,,,,,,,,,,,,,,,,,,,,,,,,
The News,The News Education Expo concludes after disseminating information about higher education prospects,NEUTRAL,NEUTRAL,,,,,,,,,,,,,,,,,,,,,,,,,,,,,,,,,,,,,,,,,,,,,,,,,,,,,
The News,"Robber killed, another injured in police encounter in FB Area",NEGATIVE,NEGATIVE,,,,,,,,,,,,,,,,,,,,,,,,,,,,,,,,,,,,,,,,,,,,,,,,,,,,,
The News,Zinda Hai Bhutto Zinda Hai!,NEUTRAL,NEUTRAL,,,,,,,,,,,,,,,,,,,,,,,,,,,,,,,,,,,,,,,,,,,,,,,,,,,,,
The News,‘Women suffering in silence due to shortage of female gastroenterologists in Pakistan’,NEGATIVE,NEUTRAL,,,,,,,,,,,,,,,,,,,,,,,,,,,,,,,,,,,,,,,,,,,,,,,,,,,,,
The News,Faisal Edhi praises Benazir for her humanitarian services,POSITIVE,POSITIVE,,,,,,,,,,,,,,,,,,,,,,,,,,,,,,,,,,,,,,,,,,,,,,,,,,,,,
The News,SHC dismisses appeal of convict in drug smuggling case,NEGATIVE,NEUTRAL,,,,,,,,,,,,,,,,,,,,,,,,,,,,,,,,,,,,,,,,,,,,,,,,,,,,,
The News,Experts highlight misconceptions about vitiligo at awareness seminar,NEUTRAL,NEUTRAL,,,,,,,,,,,,,,,,,,,,,,,,,,,,,,,,,,,,,,,,,,,,,,,,,,,,,
The News,CITY PULSE,NEUTRAL,NEUTRAL,,,,,,,,,,,,,,,,,,,,,,,,,,,,,,,,,,,,,,,,,,,,,,,,,,,,,
The News,Rs5bn recovered from electricity defaulters,NEUTRAL,NEUTRAL,,,,,,,,,,,,,,,,,,,,,,,,,,,,,,,,,,,,,,,,,,,,,,,,,,,,,
The News,Career counselling: questions and answers,NEUTRAL,POSITIVE,,,,,,,,,,,,,,,,,,,,,,,,,,,,,,,,,,,,,,,,,,,,,,,,,,,,,
The News,Pre-monsoon rain turns weather pleasant,POSITIVE,NEUTRAL,,,,,,,,,,,,,,,,,,,,,,,,,,,,,,,,,,,,,,,,,,,,,,,,,,,,,
The News,Seven injured in roof collapse,NEGATIVE,NEUTRAL,,,,,,,,,,,,,,,,,,,,,,,,,,,,,,,,,,,,,,,,,,,,,,,,,,,,,
The News,13 die on road in 24 hours,NEGATIVE,NEUTRAL,,,,,,,,,,,,,,,,,,,,,,,,,,,,,,,,,,,,,,,,,,,,,,,,,,,,,
The News,Two held for robbing people on pretext of home delivery,NEGATIVE,NEUTRAL,,,,,,,,,,,,,,,,,,,,,,,,,,,,,,,,,,,,,,,,,,,,,,,,,,,,,
The News,Convention stresses joint efforts for inclusive development,POSITIVE,NEUTRAL,,,,,,,,,,,,,,,,,,,,,,,,,,,,,,,,,,,,,,,,,,,,,,,,,,,,,
The News,‘Pakistan can emerge as regional digital hub with strategic reforms’,POSITIVE,POSITIVE,,,,,,,,,,,,,,,,,,,,,,,,,,,,,,,,,,,,,,,,,,,,,,,,,,,,,
The News,Lahore Development Plan No compromise on quality of work: DC,NEUTRAL,NEUTRAL,,,,,,,,,,,,,,,,,,,,,,,,,,,,,,,,,,,,,,,,,,,,,,,,,,,,,
The News,Sanitary workers given cheques,NEUTRAL,NEUTRAL,,,,,,,,,,,,,,,,,,,,,,,,,,,,,,,,,,,,,,,,,,,,,,,,,,,,,
The News,LGH organises clinical training camp for young doctors,NEUTRAL,NEUTRAL,,,,,,,,,,,,,,,,,,,,,,,,,,,,,,,,,,,,,,,,,,,,,,,,,,,,,
The News,Inclusive investor-friendly industrial policy vital for economic revival,POSITIVE,NEUTRAL,,,,,,,,,,,,,,,,,,,,,,,,,,,,,,,,,,,,,,,,,,,,,,,,,,,,,
The News,"26,489 licences issued in 24 hours",NEUTRAL,NEUTRAL,,,,,,,,,,,,,,,,,,,,,,,,,,,,,,,,,,,,,,,,,,,,,,,,,,,,,
The News,Pak food products shine at China Expo,POSITIVE,POSITIVE,,,,,,,,,,,,,,,,,,,,,,,,,,,,,,,,,,,,,,,,,,,,,,,,,,,,,
The News,KP Assembly speaker condemns US attack on Iran,NEUTRAL,NEUTRAL,,,,,,,,,,,,,,,,,,,,,,,,,,,,,,,,,,,,,,,,,,,,,,,,,,,,,
The News,18 stone crushing plants sealed in Bajaur,NEUTRAL,NEUTRAL,,,,,,,,,,,,,,,,,,,,,,,,,,,,,,,,,,,,,,,,,,,,,,,,,,,,,
The News,Multiple entry visa policy for Afghan drivers supported,NEUTRAL,NEUTRAL,,,,,,,,,,,,,,,,,,,,,,,,,,,,,,,,,,,,,,,,,,,,,,,,,,,,,
The News,"­Razmak residents seek potable water, merit in internship",NEUTRAL,NEUTRAL,,,,,,,,,,,,,,,,,,,,,,,,,,,,,,,,,,,,,,,,,,,,,,,,,,,,,
The News,Dealers want tea reclassified as essential commodity,NEUTRAL,NEUTRAL,,,,,,,,,,,,,,,,,,,,,,,,,,,,,,,,,,,,,,,,,,,,,,,,,,,,,
The News,KP needs anti-drone system after attack on police station,NEGATIVE,NEGATIVE,,,,,,,,,,,,,,,,,,,,,,,,,,,,,,,,,,,,,,,,,,,,,,,,,,,,,
The News,IGP visits hydropower projects in Mansehra,NEUTRAL,NEUTRAL,,,,,,,,,,,,,,,,,,,,,,,,,,,,,,,,,,,,,,,,,,,,,,,,,,,,,
The News,Diploma in Public-Private Partnership launched,NEUTRAL,NEUTRAL,,,,,,,,,,,,,,,,,,,,,,,,,,,,,,,,,,,,,,,,,,,,,,,,,,,,,
The News,Swat’s plum orchards facing climate threats,NEGATIVE,POSITIVE,,,,,,,,,,,,,,,,,,,,,,,,,,,,,,,,,,,,,,,,,,,,,,,,,,,,,
The News,Peace and brotherhood stressed in Murharram,POSITIVE,NEUTRAL,,,,,,,,,,,,,,,,,,,,,,,,,,,,,,,,,,,,,,,,,,,,,,,,,,,,,
The News,Faisalabad lacks system to use rainwater,NEGATIVE,NEGATIVE,,,,,,,,,,,,,,,,,,,,,,,,,,,,,,,,,,,,,,,,,,,,,,,,,,,,,
The News,Call to save children from diseases,NEUTRAL,NEUTRAL,,,,,,,,,,,,,,,,,,,,,,,,,,,,,,,,,,,,,,,,,,,,,,,,,,,,,
The News,Energy secretary says work progressing on projects,NEUTRAL,NEUTRAL,,,,,,,,,,,,,,,,,,,,,,,,,,,,,,,,,,,,,,,,,,,,,,,,,,,,,
The News,Vondrousova warms up for Wimbledon with Berlin title,NEUTRAL,NEUTRAL,,,,,,,,,,,,,,,,,,,,,,,,,,,,,,,,,,,,,,,,,,,,,,,,,,,,,
The News,Lau becomes Asian squash champ,NEUTRAL,NEUTRAL,,,,,,,,,,,,,,,,,,,,,,,,,,,,,,,,,,,,,,,,,,,,,,,,,,,,,
The News,Election for chess federation’s SVP on July 7,NEUTRAL,NEUTRAL,,,,,,,,,,,,,,,,,,,,,,,,,,,,,,,,,,,,,,,,,,,,,,,,,,,,,
The News,Kessler beats Yastremska to win Nottingham Open,NEUTRAL,NEUTRAL,,,,,,,,,,,,,,,,,,,,,,,,,,,,,,,,,,,,,,,,,,,,,,,,,,,,,
The News,"Pakistan’s Awais, Asif, Sajjad excel in Asian Snooker",POSITIVE,NEUTRAL,,,,,,,,,,,,,,,,,,,,,,,,,,,,,,,,,,,,,,,,,,,,,,,,,,,,,
The News,Bumrah shines but Brook brings England almost level with India,POSITIVE,NEUTRAL,,,,,,,,,,,,,,,,,,,,,,,,,,,,,,,,,,,,,,,,,,,,,,,,,,,,,
The News,"Inter Milan, Dortmund claim first wins at Club World Cup",NEUTRAL,NEUTRAL,,,,,,,,,,,,,,,,,,,,,,,,,,,,,,,,,,,,,,,,,,,,,,,,,,,,,
The News,South American teams lay down the gauntlet to Europe at Club World Cup,NEUTRAL,NEUTRAL,,,,,,,,,,,,,,,,,,,,,,,,,,,,,,,,,,,,,,,,,,,,,,,,,,,,,
The News,Man City squad must be trimmed: Guardiola,NEUTRAL,NEUTRAL,,,,,,,,,,,,,,,,,,,,,,,,,,,,,,,,,,,,,,,,,,,,,,,,,,,,,
The News,Minjee Lee grabs four-shot lead at Women’s PGA Championship,NEUTRAL,NEUTRAL,,,,,,,,,,,,,,,,,,,,,,,,,,,,,,,,,,,,,,,,,,,,,,,,,,,,,
The News,Former England fast bowler David Lawrence dead at 61,NEUTRAL,NEUTRAL,,,,,,,,,,,,,,,,,,,,,,,,,,,,,,,,,,,,,,,,,,,,,,,,,,,,,
The News,West Zone Whites victorious in Inter-District,NEUTRAL,NEUTRAL,,,,,,,,,,,,,,,,,,,,,,,,,,,,,,,,,,,,,,,,,,,,,,,,,,,,,
The News,"Army, WAPDA crowned national karate champs",NEUTRAL,POSITIVE,,,,,,,,,,,,,,,,,,,,,,,,,,,,,,,,,,,,,,,,,,,,,,,,,,,,,
The News,Bublik sees off Medvedev to claim fifth AFP title in Halle,NEUTRAL,NEUTRAL,,,,,,,,,,,,,,,,,,,,,,,,,,,,,,,,,,,,,,,,,,,,,,,,,,,,,
The News,Sports federations to review their international participations amid Iran-Israel war,NEUTRAL,NEUTRAL,,,,,,,,,,,,,,,,,,,,,,,,,,,,,,,,,,,,,,,,,,,,,,,,,,,,,
The News,"Syria announces 200 per cent public sector wage, pension increase",NEUTRAL,NEUTRAL,,,,,,,,,,,,,,,,,,,,,,,,,,,,,,,,,,,,,,,,,,,,,,,,,,,,,
The News,Spain claims exemption after Nato agrees 5% spending deal,NEUTRAL,NEUTRAL,,,,,,,,,,,,,,,,,,,,,,,,,,,,,,,,,,,,,,,,,,,,,,,,,,,,,
The News,Freed Belarus opposition leader urges Trump to help release all prisoners,NEUTRAL,NEUTRAL,,,,,,,,,,,,,,,,,,,,,,,,,,,,,,,,,,,,,,,,,,,,,,,,,,,,,
The News,Wildfire forces asylum seekers from Greece camp,NEUTRAL,NEUTRAL,,,,,,,,,,,,,,,,,,,,,,,,,,,,,,,,,,,,,,,,,,,,,,,,,,,,,
The News,India arrests two for harbouring held Kashmir attackers,NEGATIVE,NEGATIVE,,,,,,,,,,,,,,,,,,,,,,,,,,,,,,,,,,,,,,,,,,,,,,,,,,,,,
The News,Israeli army says bodies of three hostages recovered in Gaza,NEGATIVE,NEGATIVE,,,,,,,,,,,,,,,,,,,,,,,,,,,,,,,,,,,,,,,,,,,,,,,,,,,,,
The News,Turkiye detains prominent journalist for allegedly threatening Erdogan,NEGATIVE,NEGATIVE,,,,,,,,,,,,,,,,,,,,,,,,,,,,,,,,,,,,,,,,,,,,,,,,,,,,,
The News,Thai PM claims she has coalition support after resignation calls,NEUTRAL,NEUTRAL,,,,,,,,,,,,,,,,,,,,,,,,,,,,,,,,,,,,,,,,,,,,,,,,,,,,,
The News,Democrats assail ‘erratic’ Trump over Iran strikes,NEUTRAL,NEGATIVE,,,,,,,,,,,,,,,,,,,,,,,,,,,,,,,,,,,,,,,,,,,,,,,,,,,,,
The News,Tokyo votes in local election seen as key test for ruling party,NEUTRAL,NEUTRAL,,,,,,,,,,,,,,,,,,,,,,,,,,,,,,,,,,,,,,,,,,,,,,,,,,,,,
The News,More than 250 Air India crash victims identified,NEUTRAL,NEGATIVE,,,,,,,,,,,,,,,,,,,,,,,,,,,,,,,,,,,,,,,,,,,,,,,,,,,,,
The News,Somalia Al-Shabaab clash kills seven Uganda soldiers: army,NEGATIVE,NEGATIVE,,,,,,,,,,,,,,,,,,,,,,,,,,,,,,,,,,,,,,,,,,,,,,,,,,,,,
The News,"Over 65,000 Israelis have returned to the country since start of Iran war: minister",NEUTRAL,NEUTRAL,,,,,,,,,,,,,,,,,,,,,,,,,,,,,,,,,,,,,,,,,,,,,,,,,,,,,
The News,"French teen charged over plot to attack synagogues, public gatherings",NEGATIVE,NEUTRAL,,,,,,,,,,,,,,,,,,,,,,,,,,,,,,,,,,,,,,,,,,,,,,,,,,,,,
The News,Hot-air balloon crash in Brazil kills eight people,NEGATIVE,NEUTRAL,,,,,,,,,,,,,,,,,,,,,,,,,,,,,,,,,,,,,,,,,,,,,,,,,,,,,
The News,"Many ME flights remain suspended, PIA cancels flights",NEGATIVE,NEUTRAL,,,,,,,,,,,,,,,,,,,,,,,,,,,,,,,,,,,,,,,,,,,,,,,,,,,,,
The News,Govt okays import of 0.5m tonnes of sugar months after allowing exports,NEUTRAL,NEUTRAL,,,,,,,,,,,,,,,,,,,,,,,,,,,,,,,,,,,,,,,,,,,,,,,,,,,,,
The News,"Budget public-, industry-friendly: Aurangzeb",NEUTRAL,NEUTRAL,,,,,,,,,,,,,,,,,,,,,,,,,,,,,,,,,,,,,,,,,,,,,,,,,,,,,
The News,"NA witnesses physical showdown, exchange of harsh words",NEUTRAL,NEUTRAL,,,,,,,,,,,,,,,,,,,,,,,,,,,,,,,,,,,,,,,,,,,,,,,,,,,,,
The News,"Iranian strikes Shehbaz calls Qatari, Saudi envoys, urges de-escalation",NEUTRAL,NEUTRAL,,,,,,,,,,,,,,,,,,,,,,,,,,,,,,,,,,,,,,,,,,,,,,,,,,,,,
The News,Pakistan extends airspace closure for all Indian aircraft to July 24,NEUTRAL,NEUTRAL,,,,,,,,,,,,,,,,,,,,,,,,,,,,,,,,,,,,,,,,,,,,,,,,,,,,,
The News,"Power purchase price set at Rs25.98 per unit for next fiscal, down 3.77%",NEUTRAL,NEUTRAL,,,,,,,,,,,,,,,,,,,,,,,,,,,,,,,,,,,,,,,,,,,,,,,,,,,,,
The News,Pakistan seeking to get two loans of $3.3bn from Chinese banks,NEUTRAL,NEUTRAL,,,,,,,,,,,,,,,,,,,,,,,,,,,,,,,,,,,,,,,,,,,,,,,,,,,,,
The News,Analysis: White House faces risk of economic fallout from Iran strike,NEGATIVE,NEUTRAL,,,,,,,,,,,,,,,,,,,,,,,,,,,,,,,,,,,,,,,,,,,,,,,,,,,,,
The News,Strait of Hormuz closure to put Pakistan in a tight spot,NEUTRAL,NEUTRAL,,,,,,,,,,,,,,,,,,,,,,,,,,,,,,,,,,,,,,,,,,,,,,,,,,,,,
The News,"No need for panic or rationing, says petroleum minister",NEUTRAL,NEUTRAL,,,,,,,,,,,,,,,,,,,,,,,,,,,,,,,,,,,,,,,,,,,,,,,,,,,,,
The News,AGP flags Rs 836bn discrepancies in Sindh audit,NEUTRAL,NEGATIVE,,,,,,,,,,,,,,,,,,,,,,,,,,,,,,,,,,,,,,,,,,,,,,,,,,,,,
The News,EU seeks Gaza progress after Israel found in breach of cooperation deal,NEUTRAL,NEUTRAL,,,,,,,,,,,,,,,,,,,,,,,,,,,,,,,,,,,,,,,,,,,,,,,,,,,,,
The News,Maryam inspects uplift projects in Lahore,NEUTRAL,NEUTRAL,,,,,,,,,,,,,,,,,,,,,,,,,,,,,,,,,,,,,,,,,,,,,,,,,,,,,
The News,"Life skills education in schools: SC summons federal, provincial secretaries",NEUTRAL,NEUTRAL,,,,,,,,,,,,,,,,,,,,,,,,,,,,,,,,,,,,,,,,,,,,,,,,,,,,,
The News,"AGP’s report on Rs1,000bn irregularities charge sheet against Maryam: PTI",NEUTRAL,NEGATIVE,,,,,,,,,,,,,,,,,,,,,,,,,,,,,,,,,,,,,,,,,,,,,,,,,,,,,
The News,Pakistan collects $1.1bn from tobacco taxes as reforms slash cigarette production: WHO,NEUTRAL,NEUTRAL,,,,,,,,,,,,,,,,,,,,,,,,,,,,,,,,,,,,,,,,,,,,,,,,,,,,,
The News,Asad gets bail in one case: ATC issues arrest warrants for absent PTI workers in cases registered on Nov 26,NEUTRAL,NEUTRAL,,,,,,,,,,,,,,,,,,,,,,,,,,,,,,,,,,,,,,,,,,,,,,,,,,,,,
The News,LHC reserves verdict on Imran’s 8 bail pleas in May 9 cases,NEUTRAL,NEUTRAL,,,,,,,,,,,,,,,,,,,,,,,,,,,,,,,,,,,,,,,,,,,,,,,,,,,,,
The News,TikToker murder: Accused sent on judicial remand,NEGATIVE,NEGATIVE,,,,,,,,,,,,,,,,,,,,,,,,,,,,,,,,,,,,,,,,,,,,,,,,,,,,,
The News,"At UNSC, Pakistan says unilateral military actions only deepen conflicts",NEGATIVE,NEUTRAL,,,,,,,,,,,,,,,,,,,,,,,,,,,,,,,,,,,,,,,,,,,,,,,,,,,,,
The News,Iranian envoy calls for enhanced trade ties with Pakistan,NEUTRAL,NEUTRAL,,,,,,,,,,,,,,,,,,,,,,,,,,,,,,,,,,,,,,,,,,,,,,,,,,,,,
The News,Kohistan mega scandal Azam Swati fails to appear before NAB,NEGATIVE,NEUTRAL,,,,,,,,,,,,,,,,,,,,,,,,,,,,,,,,,,,,,,,,,,,,,,,,,,,,,
The News,PPP slams PTI for disrupting Bilawal’s speech in NA,NEGATIVE,NEUTRAL,,,,,,,,,,,,,,,,,,,,,,,,,,,,,,,,,,,,,,,,,,,,,,,,,,,,,
The News,Dar leads delegation to 12th session of Pak-UAE Joint Ministerial Commission,NEUTRAL,NEUTRAL,,,,,,,,,,,,,,,,,,,,,,,,,,,,,,,,,,,,,,,,,,,,,,,,,,,,,
The News,26kg narcotics recovered in ANF raids,NEUTRAL,NEUTRAL,,,,,,,,,,,,,,,,,,,,,,,,,,,,,,,,,,,,,,,,,,,,,,,,,,,,,
The News,"Power supply from Iran disrupted, restored via national grid: QESCO",NEUTRAL,NEUTRAL,,,,,,,,,,,,,,,,,,,,,,,,,,,,,,,,,,,,,,,,,,,,,,,,,,,,,
The News,18 Levies personnel dismissed over negligence in Mastung terror attack,NEGATIVE,NEUTRAL,,,,,,,,,,,,,,,,,,,,,,,,,,,,,,,,,,,,,,,,,,,,,,,,,,,,,
The News,"Climate change to claim 15.6m lives by 2050, warn experts",NEUTRAL,NEGATIVE,,,,,,,,,,,,,,,,,,,,,,,,,,,,,,,,,,,,,,,,,,,,,,,,,,,,,
The News,SHC disposes of PA speaker’s plea for access to Governor House,NEUTRAL,NEUTRAL,,,,,,,,,,,,,,,,,,,,,,,,,,,,,,,,,,,,,,,,,,,,,,,,,,,,,
The News,Tessori receives warm welcome on return from Haj,POSITIVE,NEUTRAL,,,,,,,,,,,,,,,,,,,,,,,,,,,,,,,,,,,,,,,,,,,,,,,,,,,,,
The News,Motorcyclist killed in collision with speeding water tanker in Korangi,NEGATIVE,NEUTRAL,,,,,,,,,,,,,,,,,,,,,,,,,,,,,,,,,,,,,,,,,,,,,,,,,,,,,
The News,Police foil secret burial attempt after woman’s murder in Afghan Basti,NEGATIVE,NEUTRAL,,,,,,,,,,,,,,,,,,,,,,,,,,,,,,,,,,,,,,,,,,,,,,,,,,,,,
The News,Two most-wanted suspects linked to MQM-L held: Rangers,NEUTRAL,NEUTRAL,,,,,,,,,,,,,,,,,,,,,,,,,,,,,,,,,,,,,,,,,,,,,,,,,,,,,
The News,"Lawyers slam US, Israeli military strikes against Iran as ‘illegal aggression and war crime’",NEGATIVE,NEGATIVE,,,,,,,,,,,,,,,,,,,,,,,,,,,,,,,,,,,,,,,,,,,,,,,,,,,,,
The News,JI condemns attack on Iran in Hyderabad protest,NEGATIVE,NEUTRAL,,,,,,,,,,,,,,,,,,,,,,,,,,,,,,,,,,,,,,,,,,,,,,,,,,,,,
The News,"Shia scholars, IGP agree on cooperation for Muharram security",NEUTRAL,NEUTRAL,,,,,,,,,,,,,,,,,,,,,,,,,,,,,,,,,,,,,,,,,,,,,,,,,,,,,
The News,SHC issues show-cause notice in Arif Alvi accounts freeze case,NEUTRAL,NEUTRAL,,,,,,,,,,,,,,,,,,,,,,,,,,,,,,,,,,,,,,,,,,,,,,,,,,,,,
The News,"TDAP, FOSPAH jointly organize seminar on workplace harassment Act",NEUTRAL,NEUTRAL,,,,,,,,,,,,,,,,,,,,,,,,,,,,,,,,,,,,,,,,,,,,,,,,,,,,,
The News,CITY PULSE,NEUTRAL,NEUTRAL,,,,,,,,,,,,,,,,,,,,,,,,,,,,,,,,,,,,,,,,,,,,,,,,,,,,,
The News,"Dusty winds, rain spell from tomorrow",NEUTRAL,NEUTRAL,,,,,,,,,,,,,,,,,,,,,,,,,,,,,,,,,,,,,,,,,,,,,,,,,,,,,
The News,"Woman kills husband, niece over suspicion",NEGATIVE,NEUTRAL,,,,,,,,,,,,,,,,,,,,,,,,,,,,,,,,,,,,,,,,,,,,,,,,,,,,,
The News,"Suspension of bonuses, medical facilities: PSQCA employees launch nationwide pen-down strike",NEUTRAL,NEGATIVE,,,,,,,,,,,,,,,,,,,,,,,,,,,,,,,,,,,,,,,,,,,,,,,,,,,,,
The News,PO killed in ‘encounter’ by accomplices’ firing,NEGATIVE,NEGATIVE,,,,,,,,,,,,,,,,,,,,,,,,,,,,,,,,,,,,,,,,,,,,,,,,,,,,,
The News,Eight injured as school van overturns,NEGATIVE,NEGATIVE,,,,,,,,,,,,,,,,,,,,,,,,,,,,,,,,,,,,,,,,,,,,,,,,,,,,,
The News,"Punjab inclusive cities programme: Workshop reviews environmental, social systems",NEUTRAL,NEUTRAL,,,,,,,,,,,,,,,,,,,,,,,,,,,,,,,,,,,,,,,,,,,,,,,,,,,,,
The News,Govt decision to revoke tax rebate for teachers condemned,NEUTRAL,NEUTRAL,,,,,,,,,,,,,,,,,,,,,,,,,,,,,,,,,,,,,,,,,,,,,,,,,,,,,
The News,Active community participation key to cleaner environment: PA Speaker,POSITIVE,NEUTRAL,,,,,,,,,,,,,,,,,,,,,,,,,,,,,,,,,,,,,,,,,,,,,,,,,,,,,
The News,Ombudsman orders action against traders of unhygienic food,NEGATIVE,NEUTRAL,,,,,,,,,,,,,,,,,,,,,,,,,,,,,,,,,,,,,,,,,,,,,,,,,,,,,
The News,PU students to work in social sectors during summer break,NEUTRAL,NEUTRAL,,,,,,,,,,,,,,,,,,,,,,,,,,,,,,,,,,,,,,,,,,,,,,,,,,,,,
The News,25 filtration plants installed at UET main campus,NEUTRAL,NEUTRAL,,,,,,,,,,,,,,,,,,,,,,,,,,,,,,,,,,,,,,,,,,,,,,,,,,,,,
The News,‘Summer sports camps launched to promote healthy activities among youth’,POSITIVE,NEUTRAL,,,,,,,,,,,,,,,,,,,,,,,,,,,,,,,,,,,,,,,,,,,,,,,,,,,,,
The News,15 die on road in 24 hours,NEGATIVE,NEUTRAL,,,,,,,,,,,,,,,,,,,,,,,,,,,,,,,,,,,,,,,,,,,,,,,,,,,,,
The News,"PSPA launches clean water drive in schools, madrasas",NEUTRAL,NEUTRAL,,,,,,,,,,,,,,,,,,,,,,,,,,,,,,,,,,,,,,,,,,,,,,,,,,,,,
The News,Call to include animal welfare education in syllabus,NEUTRAL,NEUTRAL,,,,,,,,,,,,,,,,,,,,,,,,,,,,,,,,,,,,,,,,,,,,,,,,,,,,,
The News,MoU inked to expand digital learning,NEUTRAL,POSITIVE,,,,,,,,,,,,,,,,,,,,,,,,,,,,,,,,,,,,,,,,,,,,,,,,,,,,,
The News,"Confirmed CCHF patient stable, another 2 suspects reported",NEUTRAL,NEUTRAL,,,,,,,,,,,,,,,,,,,,,,,,,,,,,,,,,,,,,,,,,,,,,,,,,,,,,
The News,Muharram arrangements reviewed,NEUTRAL,NEUTRAL,,,,,,,,,,,,,,,,,,,,,,,,,,,,,,,,,,,,,,,,,,,,,,,,,,,,,
The News,Ahsan Iqbal gets lifetime achievement award by ICESCO,POSITIVE,POSITIVE,,,,,,,,,,,,,,,,,,,,,,,,,,,,,,,,,,,,,,,,,,,,,,,,,,,,,
The News,Promoting e-vehicles vital to drive sustainable transport future,POSITIVE,POSITIVE,,,,,,,,,,,,,,,,,,,,,,,,,,,,,,,,,,,,,,,,,,,,,,,,,,,,,
The News,Partnerships between stakeholders imperative for better AI policy in Pakistan,NEUTRAL,NEUTRAL,,,,,,,,,,,,,,,,,,,,,,,,,,,,,,,,,,,,,,,,,,,,,,,,,,,,,
The News,Teachers to undergo training in France,NEUTRAL,NEUTRAL,,,,,,,,,,,,,,,,,,,,,,,,,,,,,,,,,,,,,,,,,,,,,,,,,,,,,
The News,Kundi inaugurates TMUC campus,NEUTRAL,POSITIVE,,,,,,,,,,,,,,,,,,,,,,,,,,,,,,,,,,,,,,,,,,,,,,,,,,,,,
The News,Higher seat of learning target of thieves,NEUTRAL,NEUTRAL,,,,,,,,,,,,,,,,,,,,,,,,,,,,,,,,,,,,,,,,,,,,,,,,,,,,,
The News,Programme for climate-conscious startups concludes,NEUTRAL,NEUTRAL,,,,,,,,,,,,,,,,,,,,,,,,,,,,,,,,,,,,,,,,,,,,,,,,,,,,,
The News,NUST among top 400 varsities,NEUTRAL,NEUTRAL,,,,,,,,,,,,,,,,,,,,,,,,,,,,,,,,,,,,,,,,,,,,,,,,,,,,,
The News,"NIDM, ISSI sign LOA",NEUTRAL,NEUTRAL,,,,,,,,,,,,,,,,,,,,,,,,,,,,,,,,,,,,,,,,,,,,,,,,,,,,,
The News,FAPUASA rejects abolition of tax rebate under IMF pressure,NEGATIVE,NEGATIVE,,,,,,,,,,,,,,,,,,,,,,,,,,,,,,,,,,,,,,,,,,,,,,,,,,,,,
The News,Contract system for riverbank hunting spots opposed,NEUTRAL,NEGATIVE,,,,,,,,,,,,,,,,,,,,,,,,,,,,,,,,,,,,,,,,,,,,,,,,,,,,,
The News,Ex-DG health’s pre-arrest bail extended,NEUTRAL,NEUTRAL,,,,,,,,,,,,,,,,,,,,,,,,,,,,,,,,,,,,,,,,,,,,,,,,,,,,,
The News,Kundi for collective efforts to maintain peace in Muharram,NEUTRAL,NEUTRAL,,,,,,,,,,,,,,,,,,,,,,,,,,,,,,,,,,,,,,,,,,,,,,,,,,,,,
The News,CS stresses coordination on Peshawar-DI Khan Motorway Project,NEUTRAL,NEUTRAL,,,,,,,,,,,,,,,,,,,,,,,,,,,,,,,,,,,,,,,,,,,,,,,,,,,,,
The News,PTI camp burning case: PPP leader terms FIR political victimisation,NEGATIVE,NEUTRAL,,,,,,,,,,,,,,,,,,,,,,,,,,,,,,,,,,,,,,,,,,,,,,,,,,,,,
The News,Wards of fallen cops appointed junior clerks,NEUTRAL,NEUTRAL,,,,,,,,,,,,,,,,,,,,,,,,,,,,,,,,,,,,,,,,,,,,,,,,,,,,,
The News,Three children die as metal gate collapses on them,NEGATIVE,NEGATIVE,,,,,,,,,,,,,,,,,,,,,,,,,,,,,,,,,,,,,,,,,,,,,,,,,,,,,
The News,Seminar on impacts of GSP Plus status: SCCI urges govt to help boost export from KP,NEUTRAL,NEUTRAL,,,,,,,,,,,,,,,,,,,,,,,,,,,,,,,,,,,,,,,,,,,,,,,,,,,,,
The News,Budget approval process: QWP says PTI fostering uncertainty in KP,NEUTRAL,NEGATIVE,,,,,,,,,,,,,,,,,,,,,,,,,,,,,,,,,,,,,,,,,,,,,,,,,,,,,
The News,Bar associations condemn US attack on Iran,NEUTRAL,NEUTRAL,,,,,,,,,,,,,,,,,,,,,,,,,,,,,,,,,,,,,,,,,,,,,,,,,,,,,
The News,Govt urged to introduce uniform power tariff,NEUTRAL,NEUTRAL,,,,,,,,,,,,,,,,,,,,,,,,,,,,,,,,,,,,,,,,,,,,,,,,,,,,,
The News,Police break up protest by govt employees,NEGATIVE,NEUTRAL,,,,,,,,,,,,,,,,,,,,,,,,,,,,,,,,,,,,,,,,,,,,,,,,,,,,,
The News,Rupee weakens as tensions loom in Middle East,NEGATIVE,NEUTRAL,,,,,,,,,,,,,,,,,,,,,,,,,,,,,,,,,,,,,,,,,,,,,,,,,,,,,
The News,"Tankers U-turn, zig-zag, pause around Strait of Hormuz",NEUTRAL,NEUTRAL,,,,,,,,,,,,,,,,,,,,,,,,,,,,,,,,,,,,,,,,,,,,,,,,,,,,,
The News,Oman moves to become first Gulf state to impose personal income tax,NEUTRAL,NEUTRAL,,,,,,,,,,,,,,,,,,,,,,,,,,,,,,,,,,,,,,,,,,,,,,,,,,,,,
The News,Port Qasim cuts charges by 50% for exporters,NEUTRAL,POSITIVE,,,,,,,,,,,,,,,,,,,,,,,,,,,,,,,,,,,,,,,,,,,,,,,,,,,,,
The News,"Levy on furnace oil likely to cut local demand, spur exports, say analysts",NEUTRAL,NEUTRAL,,,,,,,,,,,,,,,,,,,,,,,,,,,,,,,,,,,,,,,,,,,,,,,,,,,,,
The News,PYMA calls for simpler textile duties,NEUTRAL,NEUTRAL,,,,,,,,,,,,,,,,,,,,,,,,,,,,,,,,,,,,,,,,,,,,,,,,,,,,,
The News,Climate resilience conference urges action in Sindh,NEUTRAL,NEUTRAL,,,,,,,,,,,,,,,,,,,,,,,,,,,,,,,,,,,,,,,,,,,,,,,,,,,,,
The News,Pakistan faces higher risks than neighbours amid Iran-Israel tensions,NEGATIVE,NEUTRAL,,,,,,,,,,,,,,,,,,,,,,,,,,,,,,,,,,,,,,,,,,,,,,,,,,,,,
The News,BISP proposes skills partnership with KCCI,NEUTRAL,NEUTRAL,,,,,,,,,,,,,,,,,,,,,,,,,,,,,,,,,,,,,,,,,,,,,,,,,,,,,
The News,Amazon’s premium beauty push may be a buffer against Trump’s tariffs,NEUTRAL,POSITIVE,,,,,,,,,,,,,,,,,,,,,,,,,,,,,,,,,,,,,,,,,,,,,,,,,,,,,
The News,Gold prices drop Rs300 per tola,NEUTRAL,NEUTRAL,,,,,,,,,,,,,,,,,,,,,,,,,,,,,,,,,,,,,,,,,,,,,,,,,,,,,
The News,"Pakistan, China sign deal to recognise engineering qualifications",NEUTRAL,NEUTRAL,,,,,,,,,,,,,,,,,,,,,,,,,,,,,,,,,,,,,,,,,,,,,,,,,,,,,
The News,"PTCL, Telco Integrators, Kacific partner for satellite internet services",NEUTRAL,NEUTRAL,,,,,,,,,,,,,,,,,,,,,,,,,,,,,,,,,,,,,,,,,,,,,,,,,,,,,
The News,"Jazz, British Council, Tech Valley join forces to expand digital learning",POSITIVE,POSITIVE,,,,,,,,,,,,,,,,,,,,,,,,,,,,,,,,,,,,,,,,,,,,,,,,,,,,,
The News,Ten-man Real Madrid show class in Pachuca win,POSITIVE,NEUTRAL,,,,,,,,,,,,,,,,,,,,,,,,,,,,,,,,,,,,,,,,,,,,,,,,,,,,,
The News,IHC dismisses petition challenging PTF elections,NEGATIVE,NEUTRAL,,,,,,,,,,,,,,,,,,,,,,,,,,,,,,,,,,,,,,,,,,,,,,,,,,,,,
The News,Minjee Lee wins Women’s PGA Championship for third major title,NEUTRAL,NEUTRAL,,,,,,,,,,,,,,,,,,,,,,,,,,,,,,,,,,,,,,,,,,,,,,,,,,,,,
The News,USA scrape past Haiti in Gold Cup,NEUTRAL,NEUTRAL,,,,,,,,,,,,,,,,,,,,,,,,,,,,,,,,,,,,,,,,,,,,,,,,,,,,,
The News,"Thunder beat Pacers in game seven, cap stunning season with NBA crown",POSITIVE,NEUTRAL,,,,,,,,,,,,,,,,,,,,,,,,,,,,,,,,,,,,,,,,,,,,,,,,,,,,,
The News,Pakistan shock Qatar to storm into Nations Cup final,NEUTRAL,POSITIVE,,,,,,,,,,,,,,,,,,,,,,,,,,,,,,,,,,,,,,,,,,,,,,,,,,,,,
The News,Pant piles on agony for England with record-breaking century,NEUTRAL,NEUTRAL,,,,,,,,,,,,,,,,,,,,,,,,,,,,,,,,,,,,,,,,,,,,,,,,,,,,,
The News,"‘New-look Australia can cope without Smith, Labuschagne’",NEUTRAL,NEUTRAL,,,,,,,,,,,,,,,,,,,,,,,,,,,,,,,,,,,,,,,,,,,,,,,,,,,,,
The News,Pakistan trio make it to Asian Snooker pre-quarterfinals,NEUTRAL,NEUTRAL,,,,,,,,,,,,,,,,,,,,,,,,,,,,,,,,,,,,,,,,,,,,,,,,,,,,,
The News,Ray of hope for Pakistan to get into Pro League,NEUTRAL,NEUTRAL,,,,,,,,,,,,,,,,,,,,,,,,,,,,,,,,,,,,,,,,,,,,,,,,,,,,,
The News,Shaheen leads Lahore Qalandars’ UK trophy tour ahead of trials,NEUTRAL,POSITIVE,,,,,,,,,,,,,,,,,,,,,,,,,,,,,,,,,,,,,,,,,,,,,,,,,,,,,
The News,Pakistan celebrates World Olympic Day,POSITIVE,POSITIVE,,,,,,,,,,,,,,,,,,,,,,,,,,,,,,,,,,,,,,,,,,,,,,,,,,,,,
The News,"IOC is in ‘best of hands’, says Bach as he hands over to Coventry",NEUTRAL,POSITIVE,,,,,,,,,,,,,,,,,,,,,,,,,,,,,,,,,,,,,,,,,,,,,,,,,,,,,
The News,Women’s football camp for Asian Qualifiers,NEUTRAL,NEUTRAL,,,,,,,,,,,,,,,,,,,,,,,,,,,,,,,,,,,,,,,,,,,,,,,,,,,,,
The News,UK moves to ban protest group Palestine Action,NEUTRAL,NEUTRAL,,,,,,,,,,,,,,,,,,,,,,,,,,,,,,,,,,,,,,,,,,,,,,,,,,,,,
The News,Beijing issues weather warning for hottest days of year,NEUTRAL,NEUTRAL,,,,,,,,,,,,,,,,,,,,,,,,,,,,,,,,,,,,,,,,,,,,,,,,,,,,,
The News,Serbia’s president announces halt to ammunition exports,NEUTRAL,NEUTRAL,,,,,,,,,,,,,,,,,,,,,,,,,,,,,,,,,,,,,,,,,,,,,,,,,,,,,
The News,UN worried about Afghans leaving Iran to return home,NEGATIVE,NEUTRAL,,,,,,,,,,,,,,,,,,,,,,,,,,,,,,,,,,,,,,,,,,,,,,,,,,,,,
The News,Saudi Arabia and UAE likely to import electricity from India,NEUTRAL,NEUTRAL,,,,,,,,,,,,,,,,,,,,,,,,,,,,,,,,,,,,,,,,,,,,,,,,,,,,,
The News,"Germany against suspending EU deal with Israel, says official",NEUTRAL,NEGATIVE,,,,,,,,,,,,,,,,,,,,,,,,,,,,,,,,,,,,,,,,,,,,,,,,,,,,,
The News,Greece declares emergency on Chios over wildfires,NEUTRAL,NEUTRAL,,,,,,,,,,,,,,,,,,,,,,,,,,,,,,,,,,,,,,,,,,,,,,,,,,,,,
The News,"EU, Canada sign defence and security deal in rearm push",NEUTRAL,NEUTRAL,,,,,,,,,,,,,,,,,,,,,,,,,,,,,,,,,,,,,,,,,,,,,,,,,,,,,
The News,Indian activists seek to save child brides,NEUTRAL,NEUTRAL,,,,,,,,,,,,,,,,,,,,,,,,,,,,,,,,,,,,,,,,,,,,,,,,,,,,,
The News,Greenpeace joins protests against gala Bezos wedding in Venice,NEGATIVE,NEUTRAL,,,,,,,,,,,,,,,,,,,,,,,,,,,,,,,,,,,,,,,,,,,,,,,,,,,,,
The News,Embattled Thai PM reshuffles cabinet as crisis rages,NEGATIVE,NEUTRAL,,,,,,,,,,,,,,,,,,,,,,,,,,,,,,,,,,,,,,,,,,,,,,,,,,,,,
The News,Earth’s satellites at risk if asteroid smashes into Moon: study,NEUTRAL,NEUTRAL,,,,,,,,,,,,,,,,,,,,,,,,,,,,,,,,,,,,,,,,,,,,,,,,,,,,,
The News,Syria announces arrests over Damascus church attack,NEUTRAL,NEGATIVE,,,,,,,,,,,,,,,,,,,,,,,,,,,,,,,,,,,,,,,,,,,,,,,,,,,,,
The News,"E.coli can turn plastic into painkillers, chemists discover",NEGATIVE,NEUTRAL,,,,,,,,,,,,,,,,,,,,,,,,,,,,,,,,,,,,,,,,,,,,,,,,,,,,,
The News,"Greece to deploy frigates off Libya to curb increased migrant flows, PM says",NEUTRAL,NEUTRAL,,,,,,,,,,,,,,,,,,,,,,,,,,,,,,,,,,,,,,,,,,,,,,,,,,,,,
The News,"Many ME flights remain suspended, PIA cancels flights",NEGATIVE,NEGATIVE,,,,,,,,,,,,,,,,,,,,,,,,,,,,,,,,,,,,,,,,,,,,,,,,,,,,,
The News,Govt okays import of 0.5m tonnes of sugar months after allowing exports,NEUTRAL,NEUTRAL,,,,,,,,,,,,,,,,,,,,,,,,,,,,,,,,,,,,,,,,,,,,,,,,,,,,,
The News,"Budget public-, industry-friendly: Aurangzeb",NEUTRAL,NEUTRAL,,,,,,,,,,,,,,,,,,,,,,,,,,,,,,,,,,,,,,,,,,,,,,,,,,,,,
The News,"NA witnesses physical showdown, exchange of harsh words",NEUTRAL,NEUTRAL,,,,,,,,,,,,,,,,,,,,,,,,,,,,,,,,,,,,,,,,,,,,,,,,,,,,,
The News,"Iranian strikes Shehbaz calls Qatari, Saudi envoys, urges de-escalation",NEUTRAL,NEUTRAL,,,,,,,,,,,,,,,,,,,,,,,,,,,,,,,,,,,,,,,,,,,,,,,,,,,,,
The News,Pakistan extends airspace closure for all Indian aircraft to July 24,NEUTRAL,NEUTRAL,,,,,,,,,,,,,,,,,,,,,,,,,,,,,,,,,,,,,,,,,,,,,,,,,,,,,
The News,"Power purchase price set at Rs25.98 per unit for next fiscal, down 3.77%",NEUTRAL,NEUTRAL,,,,,,,,,,,,,,,,,,,,,,,,,,,,,,,,,,,,,,,,,,,,,,,,,,,,,
The News,Pakistan seeking to get two loans of $3.3bn from Chinese banks,NEUTRAL,NEUTRAL,,,,,,,,,,,,,,,,,,,,,,,,,,,,,,,,,,,,,,,,,,,,,,,,,,,,,
The News,Analysis: White House faces risk of economic fallout from Iran strike,NEGATIVE,NEUTRAL,,,,,,,,,,,,,,,,,,,,,,,,,,,,,,,,,,,,,,,,,,,,,,,,,,,,,
The News,Strait of Hormuz closure to put Pakistan in a tight spot,NEUTRAL,NEUTRAL,,,,,,,,,,,,,,,,,,,,,,,,,,,,,,,,,,,,,,,,,,,,,,,,,,,,,
The News,"No need for panic or rationing, says petroleum minister",NEUTRAL,NEUTRAL,,,,,,,,,,,,,,,,,,,,,,,,,,,,,,,,,,,,,,,,,,,,,,,,,,,,,
The News,AGP flags Rs 836bn discrepancies in Sindh audit,NEUTRAL,NEGATIVE,,,,,,,,,,,,,,,,,,,,,,,,,,,,,,,,,,,,,,,,,,,,,,,,,,,,,
The News,EU seeks Gaza progress after Israel found in breach of cooperation deal,NEUTRAL,NEUTRAL,,,,,,,,,,,,,,,,,,,,,,,,,,,,,,,,,,,,,,,,,,,,,,,,,,,,,
The News,Maryam inspects uplift projects in Lahore,NEUTRAL,NEUTRAL,,,,,,,,,,,,,,,,,,,,,,,,,,,,,,,,,,,,,,,,,,,,,,,,,,,,,
The News,"Life skills education in schools: SC summons federal, provincial secretaries",NEUTRAL,NEUTRAL,,,,,,,,,,,,,,,,,,,,,,,,,,,,,,,,,,,,,,,,,,,,,,,,,,,,,
The News,"AGP’s report on Rs1,000bn irregularities charge sheet against Maryam: PTI",NEUTRAL,NEGATIVE,,,,,,,,,,,,,,,,,,,,,,,,,,,,,,,,,,,,,,,,,,,,,,,,,,,,,
The News,Pakistan collects $1.1bn from tobacco taxes as reforms slash cigarette production: WHO,NEUTRAL,NEUTRAL,,,,,,,,,,,,,,,,,,,,,,,,,,,,,,,,,,,,,,,,,,,,,,,,,,,,,
The News,Asad gets bail in one case: ATC issues arrest warrants for absent PTI workers in cases registered on Nov 26,NEUTRAL,NEUTRAL,,,,,,,,,,,,,,,,,,,,,,,,,,,,,,,,,,,,,,,,,,,,,,,,,,,,,
The News,LHC reserves verdict on Imran’s 8 bail pleas in May 9 cases,NEUTRAL,NEUTRAL,,,,,,,,,,,,,,,,,,,,,,,,,,,,,,,,,,,,,,,,,,,,,,,,,,,,,
The News,TikToker murder: Accused sent on judicial remand,NEGATIVE,NEGATIVE,,,,,,,,,,,,,,,,,,,,,,,,,,,,,,,,,,,,,,,,,,,,,,,,,,,,,
The News,"At UNSC, Pakistan says unilateral military actions only deepen conflicts",NEGATIVE,NEUTRAL,,,,,,,,,,,,,,,,,,,,,,,,,,,,,,,,,,,,,,,,,,,,,,,,,,,,,
The News,Iranian envoy calls for enhanced trade ties with Pakistan,NEUTRAL,NEUTRAL,,,,,,,,,,,,,,,,,,,,,,,,,,,,,,,,,,,,,,,,,,,,,,,,,,,,,
The News,Kohistan mega scandal Azam Swati fails to appear before NAB,NEGATIVE,NEUTRAL,,,,,,,,,,,,,,,,,,,,,,,,,,,,,,,,,,,,,,,,,,,,,,,,,,,,,
The News,PPP slams PTI for disrupting Bilawal’s speech in NA,NEGATIVE,NEUTRAL,,,,,,,,,,,,,,,,,,,,,,,,,,,,,,,,,,,,,,,,,,,,,,,,,,,,,
The News,Dar leads delegation to 12th session of Pak-UAE Joint Ministerial Commission,NEUTRAL,NEUTRAL,,,,,,,,,,,,,,,,,,,,,,,,,,,,,,,,,,,,,,,,,,,,,,,,,,,,,
The News,26kg narcotics recovered in ANF raids,NEUTRAL,NEUTRAL,,,,,,,,,,,,,,,,,,,,,,,,,,,,,,,,,,,,,,,,,,,,,,,,,,,,,
The News,"Power supply from Iran disrupted, restored via national grid: QESCO",NEUTRAL,NEUTRAL,,,,,,,,,,,,,,,,,,,,,,,,,,,,,,,,,,,,,,,,,,,,,,,,,,,,,
The News,18 Levies personnel dismissed over negligence in Mastung terror attack,NEGATIVE,NEUTRAL,,,,,,,,,,,,,,,,,,,,,,,,,,,,,,,,,,,,,,,,,,,,,,,,,,,,,
The News,"Climate change to claim 15.6m lives by 2050, warn experts",NEUTRAL,NEGATIVE,,,,,,,,,,,,,,,,,,,,,,,,,,,,,,,,,,,,,,,,,,,,,,,,,,,,,
The News,SHC disposes of PA speaker’s plea for access to Governor House,NEUTRAL,NEUTRAL,,,,,,,,,,,,,,,,,,,,,,,,,,,,,,,,,,,,,,,,,,,,,,,,,,,,,
The News,Tessori receives warm welcome on return from Haj,POSITIVE,NEUTRAL,,,,,,,,,,,,,,,,,,,,,,,,,,,,,,,,,,,,,,,,,,,,,,,,,,,,,
The News,Motorcyclist killed in collision with speeding water tanker in Korangi,NEGATIVE,NEUTRAL,,,,,,,,,,,,,,,,,,,,,,,,,,,,,,,,,,,,,,,,,,,,,,,,,,,,,
The News,Police foil secret burial attempt after woman’s murder in Afghan Basti,NEGATIVE,NEUTRAL,,,,,,,,,,,,,,,,,,,,,,,,,,,,,,,,,,,,,,,,,,,,,,,,,,,,,
The News,Two most-wanted suspects linked to MQM-L held: Rangers,NEUTRAL,NEUTRAL,,,,,,,,,,,,,,,,,,,,,,,,,,,,,,,,,,,,,,,,,,,,,,,,,,,,,
The News,"Lawyers slam US, Israeli military strikes against Iran as ‘illegal aggression and war crime’",NEGATIVE,NEGATIVE,,,,,,,,,,,,,,,,,,,,,,,,,,,,,,,,,,,,,,,,,,,,,,,,,,,,,
The News,JI condemns attack on Iran in Hyderabad protest,NEGATIVE,NEUTRAL,,,,,,,,,,,,,,,,,,,,,,,,,,,,,,,,,,,,,,,,,,,,,,,,,,,,,
The News,"Shia scholars, IGP agree on cooperation for Muharram security",NEUTRAL,NEUTRAL,,,,,,,,,,,,,,,,,,,,,,,,,,,,,,,,,,,,,,,,,,,,,,,,,,,,,
The News,SHC issues show-cause notice in Arif Alvi accounts freeze case,NEUTRAL,NEUTRAL,,,,,,,,,,,,,,,,,,,,,,,,,,,,,,,,,,,,,,,,,,,,,,,,,,,,,
The News,"TDAP, FOSPAH jointly organize seminar on workplace harassment Act",NEUTRAL,NEUTRAL,,,,,,,,,,,,,,,,,,,,,,,,,,,,,,,,,,,,,,,,,,,,,,,,,,,,,
The News,CITY PULSE,NEUTRAL,NEUTRAL,,,,,,,,,,,,,,,,,,,,,,,,,,,,,,,,,,,,,,,,,,,,,,,,,,,,,
The News,"Dusty winds, rain spell from tomorrow",NEUTRAL,NEUTRAL,,,,,,,,,,,,,,,,,,,,,,,,,,,,,,,,,,,,,,,,,,,,,,,,,,,,,
The News,"Woman kills husband, niece over suspicion",NEGATIVE,NEUTRAL,,,,,,,,,,,,,,,,,,,,,,,,,,,,,,,,,,,,,,,,,,,,,,,,,,,,,
The News,"Suspension of bonuses, medical facilities: PSQCA employees launch nationwide pen-down strike",NEUTRAL,NEGATIVE,,,,,,,,,,,,,,,,,,,,,,,,,,,,,,,,,,,,,,,,,,,,,,,,,,,,,
The News,PO killed in ‘encounter’ by accomplices’ firing,NEGATIVE,NEGATIVE,,,,,,,,,,,,,,,,,,,,,,,,,,,,,,,,,,,,,,,,,,,,,,,,,,,,,
The News,Eight injured as school van overturns,NEGATIVE,NEGATIVE,,,,,,,,,,,,,,,,,,,,,,,,,,,,,,,,,,,,,,,,,,,,,,,,,,,,,
The News,"Punjab inclusive cities programme: Workshop reviews environmental, social systems",NEUTRAL,NEUTRAL,,,,,,,,,,,,,,,,,,,,,,,,,,,,,,,,,,,,,,,,,,,,,,,,,,,,,
The News,Govt decision to revoke tax rebate for teachers condemned,NEUTRAL,NEUTRAL,,,,,,,,,,,,,,,,,,,,,,,,,,,,,,,,,,,,,,,,,,,,,,,,,,,,,
The News,Active community participation key to cleaner environment: PA Speaker,POSITIVE,NEUTRAL,,,,,,,,,,,,,,,,,,,,,,,,,,,,,,,,,,,,,,,,,,,,,,,,,,,,,
The News,Ombudsman orders action against traders of unhygienic food,NEGATIVE,NEUTRAL,,,,,,,,,,,,,,,,,,,,,,,,,,,,,,,,,,,,,,,,,,,,,,,,,,,,,
The News,PU students to work in social sectors during summer break,NEUTRAL,NEUTRAL,,,,,,,,,,,,,,,,,,,,,,,,,,,,,,,,,,,,,,,,,,,,,,,,,,,,,
The News,25 filtration plants installed at UET main campus,NEUTRAL,NEUTRAL,,,,,,,,,,,,,,,,,,,,,,,,,,,,,,,,,,,,,,,,,,,,,,,,,,,,,
The News,‘Summer sports camps launched to promote healthy activities among youth’,POSITIVE,NEUTRAL,,,,,,,,,,,,,,,,,,,,,,,,,,,,,,,,,,,,,,,,,,,,,,,,,,,,,
The News,15 die on road in 24 hours,NEGATIVE,NEUTRAL,,,,,,,,,,,,,,,,,,,,,,,,,,,,,,,,,,,,,,,,,,,,,,,,,,,,,
The News,"PSPA launches clean water drive in schools, madrasas",NEUTRAL,NEUTRAL,,,,,,,,,,,,,,,,,,,,,,,,,,,,,,,,,,,,,,,,,,,,,,,,,,,,,
The News,Call to include animal welfare education in syllabus,NEUTRAL,NEUTRAL,,,,,,,,,,,,,,,,,,,,,,,,,,,,,,,,,,,,,,,,,,,,,,,,,,,,,
The News,MoU inked to expand digital learning,NEUTRAL,POSITIVE,,,,,,,,,,,,,,,,,,,,,,,,,,,,,,,,,,,,,,,,,,,,,,,,,,,,,
The News,"Confirmed CCHF patient stable, another 2 suspects reported",NEUTRAL,NEUTRAL,,,,,,,,,,,,,,,,,,,,,,,,,,,,,,,,,,,,,,,,,,,,,,,,,,,,,
The News,Muharram arrangements reviewed,NEUTRAL,NEUTRAL,,,,,,,,,,,,,,,,,,,,,,,,,,,,,,,,,,,,,,,,,,,,,,,,,,,,,
The News,Ahsan Iqbal gets lifetime achievement award by ICESCO,POSITIVE,POSITIVE,,,,,,,,,,,,,,,,,,,,,,,,,,,,,,,,,,,,,,,,,,,,,,,,,,,,,
The News,Promoting e-vehicles vital to drive sustainable transport future,POSITIVE,POSITIVE,,,,,,,,,,,,,,,,,,,,,,,,,,,,,,,,,,,,,,,,,,,,,,,,,,,,,
The News,Partnerships between stakeholders imperative for better AI policy in Pakistan,NEUTRAL,NEUTRAL,,,,,,,,,,,,,,,,,,,,,,,,,,,,,,,,,,,,,,,,,,,,,,,,,,,,,
The News,Teachers to undergo training in France,NEUTRAL,NEUTRAL,,,,,,,,,,,,,,,,,,,,,,,,,,,,,,,,,,,,,,,,,,,,,,,,,,,,,
The News,Kundi inaugurates TMUC campus,NEUTRAL,POSITIVE,,,,,,,,,,,,,,,,,,,,,,,,,,,,,,,,,,,,,,,,,,,,,,,,,,,,,
The News,Higher seat of learning target of thieves,NEUTRAL,NEUTRAL,,,,,,,,,,,,,,,,,,,,,,,,,,,,,,,,,,,,,,,,,,,,,,,,,,,,,
The News,Programme for climate-conscious startups concludes,NEUTRAL,NEUTRAL,,,,,,,,,,,,,,,,,,,,,,,,,,,,,,,,,,,,,,,,,,,,,,,,,,,,,
The News,NUST among top 400 varsities,NEUTRAL,NEUTRAL,,,,,,,,,,,,,,,,,,,,,,,,,,,,,,,,,,,,,,,,,,,,,,,,,,,,,
The News,"NIDM, ISSI sign LOA",NEUTRAL,NEUTRAL,,,,,,,,,,,,,,,,,,,,,,,,,,,,,,,,,,,,,,,,,,,,,,,,,,,,,
The News,FAPUASA rejects abolition of tax rebate under IMF pressure,NEGATIVE,NEGATIVE,,,,,,,,,,,,,,,,,,,,,,,,,,,,,,,,,,,,,,,,,,,,,,,,,,,,,
The News,Contract system for riverbank hunting spots opposed,NEUTRAL,NEGATIVE,,,,,,,,,,,,,,,,,,,,,,,,,,,,,,,,,,,,,,,,,,,,,,,,,,,,,
The News,Ex-DG health’s pre-arrest bail extended,NEUTRAL,NEUTRAL,,,,,,,,,,,,,,,,,,,,,,,,,,,,,,,,,,,,,,,,,,,,,,,,,,,,,
The News,Kundi for collective efforts to maintain peace in Muharram,NEUTRAL,NEUTRAL,,,,,,,,,,,,,,,,,,,,,,,,,,,,,,,,,,,,,,,,,,,,,,,,,,,,,
The News,CS stresses coordination on Peshawar-DI Khan Motorway Project,NEUTRAL,NEUTRAL,,,,,,,,,,,,,,,,,,,,,,,,,,,,,,,,,,,,,,,,,,,,,,,,,,,,,
The News,PTI camp burning case: PPP leader terms FIR political victimisation,NEGATIVE,NEUTRAL,,,,,,,,,,,,,,,,,,,,,,,,,,,,,,,,,,,,,,,,,,,,,,,,,,,,,
The News,Wards of fallen cops appointed junior clerks,NEUTRAL,NEUTRAL,,,,,,,,,,,,,,,,,,,,,,,,,,,,,,,,,,,,,,,,,,,,,,,,,,,,,
The News,Three children die as metal gate collapses on them,NEGATIVE,NEGATIVE,,,,,,,,,,,,,,,,,,,,,,,,,,,,,,,,,,,,,,,,,,,,,,,,,,,,,
The News,Seminar on impacts of GSP Plus status: SCCI urges govt to help boost export from KP,NEUTRAL,NEUTRAL,,,,,,,,,,,,,,,,,,,,,,,,,,,,,,,,,,,,,,,,,,,,,,,,,,,,,
The News,Budget approval process: QWP says PTI fostering uncertainty in KP,NEUTRAL,NEGATIVE,,,,,,,,,,,,,,,,,,,,,,,,,,,,,,,,,,,,,,,,,,,,,,,,,,,,,
The News,Bar associations condemn US attack on Iran,NEUTRAL,NEUTRAL,,,,,,,,,,,,,,,,,,,,,,,,,,,,,,,,,,,,,,,,,,,,,,,,,,,,,
The News,Govt urged to introduce uniform power tariff,NEUTRAL,NEUTRAL,,,,,,,,,,,,,,,,,,,,,,,,,,,,,,,,,,,,,,,,,,,,,,,,,,,,,
The News,Police break up protest by govt employees,NEGATIVE,NEUTRAL,,,,,,,,,,,,,,,,,,,,,,,,,,,,,,,,,,,,,,,,,,,,,,,,,,,,,
The News,Rupee weakens as tensions loom in Middle East,NEGATIVE,NEUTRAL,,,,,,,,,,,,,,,,,,,,,,,,,,,,,,,,,,,,,,,,,,,,,,,,,,,,,
The News,"Tankers U-turn, zig-zag, pause around Strait of Hormuz",NEUTRAL,NEUTRAL,,,,,,,,,,,,,,,,,,,,,,,,,,,,,,,,,,,,,,,,,,,,,,,,,,,,,
The News,Oman moves to become first Gulf state to impose personal income tax,NEUTRAL,NEUTRAL,,,,,,,,,,,,,,,,,,,,,,,,,,,,,,,,,,,,,,,,,,,,,,,,,,,,,
The News,Port Qasim cuts charges by 50% for exporters,NEUTRAL,POSITIVE,,,,,,,,,,,,,,,,,,,,,,,,,,,,,,,,,,,,,,,,,,,,,,,,,,,,,
The News,"Levy on furnace oil likely to cut local demand, spur exports, say analysts",NEUTRAL,NEUTRAL,,,,,,,,,,,,,,,,,,,,,,,,,,,,,,,,,,,,,,,,,,,,,,,,,,,,,
The News,PYMA calls for simpler textile duties,NEUTRAL,NEUTRAL,,,,,,,,,,,,,,,,,,,,,,,,,,,,,,,,,,,,,,,,,,,,,,,,,,,,,
The News,Climate resilience conference urges action in Sindh,NEUTRAL,NEUTRAL,,,,,,,,,,,,,,,,,,,,,,,,,,,,,,,,,,,,,,,,,,,,,,,,,,,,,
The News,Pakistan faces higher risks than neighbours amid Iran-Israel tensions,NEGATIVE,NEUTRAL,,,,,,,,,,,,,,,,,,,,,,,,,,,,,,,,,,,,,,,,,,,,,,,,,,,,,
The News,BISP proposes skills partnership with KCCI,NEUTRAL,NEUTRAL,,,,,,,,,,,,,,,,,,,,,,,,,,,,,,,,,,,,,,,,,,,,,,,,,,,,,
The News,Amazon’s premium beauty push may be a buffer against Trump’s tariffs,NEUTRAL,POSITIVE,,,,,,,,,,,,,,,,,,,,,,,,,,,,,,,,,,,,,,,,,,,,,,,,,,,,,
The News,Gold prices drop Rs300 per tola,NEUTRAL,NEUTRAL,,,,,,,,,,,,,,,,,,,,,,,,,,,,,,,,,,,,,,,,,,,,,,,,,,,,,
The News,"Pakistan, China sign deal to recognise engineering qualifications",NEUTRAL,NEUTRAL,,,,,,,,,,,,,,,,,,,,,,,,,,,,,,,,,,,,,,,,,,,,,,,,,,,,,
The News,"PTCL, Telco Integrators, Kacific partner for satellite internet services",NEUTRAL,NEUTRAL,,,,,,,,,,,,,,,,,,,,,,,,,,,,,,,,,,,,,,,,,,,,,,,,,,,,,
The News,"Jazz, British Council, Tech Valley join forces to expand digital learning",POSITIVE,POSITIVE,,,,,,,,,,,,,,,,,,,,,,,,,,,,,,,,,,,,,,,,,,,,,,,,,,,,,
The News,Ten-man Real Madrid show class in Pachuca win,POSITIVE,NEUTRAL,,,,,,,,,,,,,,,,,,,,,,,,,,,,,,,,,,,,,,,,,,,,,,,,,,,,,
The News,IHC dismisses petition challenging PTF elections,NEGATIVE,NEUTRAL,,,,,,,,,,,,,,,,,,,,,,,,,,,,,,,,,,,,,,,,,,,,,,,,,,,,,
The News,Minjee Lee wins Women’s PGA Championship for third major title,NEUTRAL,NEUTRAL,,,,,,,,,,,,,,,,,,,,,,,,,,,,,,,,,,,,,,,,,,,,,,,,,,,,,
The News,USA scrape past Haiti in Gold Cup,NEUTRAL,NEUTRAL,,,,,,,,,,,,,,,,,,,,,,,,,,,,,,,,,,,,,,,,,,,,,,,,,,,,,
The News,"Thunder beat Pacers in game seven, cap stunning season with NBA crown",POSITIVE,NEUTRAL,,,,,,,,,,,,,,,,,,,,,,,,,,,,,,,,,,,,,,,,,,,,,,,,,,,,,
The News,Pakistan shock Qatar to storm into Nations Cup final,NEUTRAL,POSITIVE,,,,,,,,,,,,,,,,,,,,,,,,,,,,,,,,,,,,,,,,,,,,,,,,,,,,,
The News,Pant piles on agony for England with record-breaking century,NEUTRAL,NEUTRAL,,,,,,,,,,,,,,,,,,,,,,,,,,,,,,,,,,,,,,,,,,,,,,,,,,,,,
The News,"‘New-look Australia can cope without Smith, Labuschagne’",NEUTRAL,NEUTRAL,,,,,,,,,,,,,,,,,,,,,,,,,,,,,,,,,,,,,,,,,,,,,,,,,,,,,
The News,Pakistan trio make it to Asian Snooker pre-quarterfinals,NEUTRAL,NEUTRAL,,,,,,,,,,,,,,,,,,,,,,,,,,,,,,,,,,,,,,,,,,,,,,,,,,,,,
The News,Ray of hope for Pakistan to get into Pro League,NEUTRAL,NEUTRAL,,,,,,,,,,,,,,,,,,,,,,,,,,,,,,,,,,,,,,,,,,,,,,,,,,,,,
The News,Shaheen leads Lahore Qalandars’ UK trophy tour ahead of trials,NEUTRAL,POSITIVE,,,,,,,,,,,,,,,,,,,,,,,,,,,,,,,,,,,,,,,,,,,,,,,,,,,,,
The News,Pakistan celebrates World Olympic Day,POSITIVE,POSITIVE,,,,,,,,,,,,,,,,,,,,,,,,,,,,,,,,,,,,,,,,,,,,,,,,,,,,,
The News,"IOC is in ‘best of hands’, says Bach as he hands over to Coventry",NEUTRAL,POSITIVE,,,,,,,,,,,,,,,,,,,,,,,,,,,,,,,,,,,,,,,,,,,,,,,,,,,,,
The News,Women’s football camp for Asian Qualifiers,NEUTRAL,NEUTRAL,,,,,,,,,,,,,,,,,,,,,,,,,,,,,,,,,,,,,,,,,,,,,,,,,,,,,
The News,UK moves to ban protest group Palestine Action,NEUTRAL,NEUTRAL,,,,,,,,,,,,,,,,,,,,,,,,,,,,,,,,,,,,,,,,,,,,,,,,,,,,,
The News,Beijing issues weather warning for hottest days of year,NEUTRAL,NEUTRAL,,,,,,,,,,,,,,,,,,,,,,,,,,,,,,,,,,,,,,,,,,,,,,,,,,,,,
The News,Serbia’s president announces halt to ammunition exports,NEUTRAL,NEUTRAL,,,,,,,,,,,,,,,,,,,,,,,,,,,,,,,,,,,,,,,,,,,,,,,,,,,,,
The News,UN worried about Afghans leaving Iran to return home,NEGATIVE,NEUTRAL,,,,,,,,,,,,,,,,,,,,,,,,,,,,,,,,,,,,,,,,,,,,,,,,,,,,,
The News,Saudi Arabia and UAE likely to import electricity from India,NEUTRAL,NEUTRAL,,,,,,,,,,,,,,,,,,,,,,,,,,,,,,,,,,,,,,,,,,,,,,,,,,,,,
The News,"Germany against suspending EU deal with Israel, says official",NEUTRAL,NEGATIVE,,,,,,,,,,,,,,,,,,,,,,,,,,,,,,,,,,,,,,,,,,,,,,,,,,,,,
The News,Greece declares emergency on Chios over wildfires,NEUTRAL,NEUTRAL,,,,,,,,,,,,,,,,,,,,,,,,,,,,,,,,,,,,,,,,,,,,,,,,,,,,,
The News,"EU, Canada sign defence and security deal in rearm push",NEUTRAL,NEUTRAL,,,,,,,,,,,,,,,,,,,,,,,,,,,,,,,,,,,,,,,,,,,,,,,,,,,,,
The News,Indian activists seek to save child brides,NEUTRAL,NEUTRAL,,,,,,,,,,,,,,,,,,,,,,,,,,,,,,,,,,,,,,,,,,,,,,,,,,,,,
The News,Greenpeace joins protests against gala Bezos wedding in Venice,NEGATIVE,NEUTRAL,,,,,,,,,,,,,,,,,,,,,,,,,,,,,,,,,,,,,,,,,,,,,,,,,,,,,
The News,Embattled Thai PM reshuffles cabinet as crisis rages,NEGATIVE,NEUTRAL,,,,,,,,,,,,,,,,,,,,,,,,,,,,,,,,,,,,,,,,,,,,,,,,,,,,,
The News,Earth’s satellites at risk if asteroid smashes into Moon: study,NEUTRAL,NEUTRAL,,,,,,,,,,,,,,,,,,,,,,,,,,,,,,,,,,,,,,,,,,,,,,,,,,,,,
The News,Syria announces arrests over Damascus church attack,NEUTRAL,NEGATIVE,,,,,,,,,,,,,,,,,,,,,,,,,,,,,,,,,,,,,,,,,,,,,,,,,,,,,
The News,"E.coli can turn plastic into painkillers, chemists discover",NEGATIVE,NEUTRAL,,,,,,,,,,,,,,,,,,,,,,,,,,,,,,,,,,,,,,,,,,,,,,,,,,,,,
The News,"Greece to deploy frigates off Libya to curb increased migrant flows, PM says",NEUTRAL,NEUTRAL,,,,,,,,,,,,,,,,,,,,,,,,,,,,,,,,,,,,,,,,,,,,,,,,,,,,,
The News,NA okays Rs4.814tr grants dismissing opposition’s 430 cut motions,NEUTRAL,NEUTRAL,,,,,,,,,,,,,,,,,,,,,,,,,,,,,,,,,,,,,,,,,,,,,,,,,,,,,
The News,Lt Gen Asim Malik debunks Ajit Doval’s allegations in NSAs’ meeting,NEUTRAL,NEGATIVE,,,,,,,,,,,,,,,,,,,,,,,,,,,,,,,,,,,,,,,,,,,,,,,,,,,,,
The News,"Arrest of taxpayers without sales tax assessment illegal, rules SC",NEGATIVE,NEUTRAL,,,,,,,,,,,,,,,,,,,,,,,,,,,,,,,,,,,,,,,,,,,,,,,,,,,,,
The News,Imran opposes surplus budget under IMF condition,,,,,,,,,,,,,,,,,,,,,,,,,,,,,,,,,,,,,,,,,,,,,,,,,,,,,,,
to consult him, but was not allowed to meet him.Adviser to the CM on Finance, told this correspondent that the IMF has not set any surplus target for the provincial government. He explained that over Rs100 billion are already in provincial coffers for the current fiscal year, and this amount is expected to reach Rs125 billion by June 30.He clarified that the surplus is not returned to the federal government but is allocated to debt servicing and other funds. He said that the budget figures are not absolute, but estimates. For the current year, the province has a surplus budget of Rs2,119 billion, while the federal government is expected to transfer Rs1,800 billion under the NFC Award, electricity royalties and other heads. The Rs157 billion surplus mentioned in the budget is based entirely on estimates.Muzzammil Aslam emphasized that the surplus is the province’s savings, which can be used to launch major development projects. He further explained that when the federal government collects less revenue, provinces also receive fewer funds. The federal government aimed to collect Rs12,900 billion in taxes this year but has only managed Rs11,700 billion so far, leading to fewer transfers to provinces.  He concluded by saying that the budget was prepared in line with Imran Khan’s vision and instructions, and if Khan wishes to make any changes, they will be incorporated.,,,,,,,,,,,,,,,,,,,,,,,,,,,,,,,,,,,,,,,,
Senior lawyer and PTI Secretary General Salman Akram Raja wrote on X, “Imran Khan had clearly instructed that no budget be approved without his consultation and approval. The June 24 approval was against party consensus and the chairman’s directive.”Chief Minister Gandapur defended his actions by saying that not approving the budget could have triggered a constitutional crisis in the province. He claimed that the federal government was conspiring to impose Governor’s Rule in KP and that such preparations were already underway. Gandapur added that Imran Khan never instructed him to dissolve the assembly, but was not allowed to meet him.Adviser to the CM on Finance, Muzzammil Aslam, told this correspondent that the IMF has not set any surplus target for the provincial government. He explained that over Rs100 billion are already in provincial coffers for the current fiscal year, and this amount is expected to reach Rs125 billion by June 30.He clarified that the surplus is not returned to the federal government but is allocated to debt servicing and other funds. He said that the budget figures are not absolute, but estimates. For the current year, the province has a surplus budget of Rs2,119 billion, while the federal government is expected to transfer Rs1,800 billion under the NFC Award, electricity royalties and other heads. The Rs157 billion surplus mentioned in the budget is based entirely on estimates.Muzzammil Aslam emphasized that the surplus is the province’s savings, which can be used to launch major development projects. He further explained that when the federal government collects less revenue, provinces also receive fewer funds. The federal government aimed to collect Rs12,900 billion in taxes this year but has only managed Rs11,700 billion so far, leading to fewer transfers to provinces.  He concluded by saying that the budget was prepared in line with Imran Khan’s vision and instructions, and if Khan wishes to make any changes, they will be incorporated.,,,,,,,,,,,,,,,,,,,,,,,,,,,,,,,,,,,,,,
Chief Minister Gandapur defended his actions by saying that not approving the budget could have triggered a constitutional crisis in the province. He claimed that the federal government was conspiring to impose Governor’s Rule in KP and that such preparations were already underway. Gandapur added that Imran Khan never instructed him to dissolve the assembly, and he had wanted to consult him, Muzzammil Aslam, told this correspondent that the IMF has not set any surplus target for the provincial government. He explained that over Rs100 billion are already in provincial coffers for the current fiscal year, and this amount is expected to reach Rs125 billion by June 30.He clarified that the surplus is not returned to the federal government but is allocated to debt servicing and other funds. He said that the budget figures are not absolute, but estimates. For the current year, the province has a surplus budget of Rs2,119 billion, while the federal government is expected to transfer Rs1,800 billion under the NFC Award, electricity royalties and other heads. The Rs157 billion surplus mentioned in the budget is based entirely on estimates.Muzzammil Aslam emphasized that the surplus is the province’s savings, which can be used to launch major development projects. He further explained that when the federal government collects less revenue, provinces also receive fewer funds. The federal government aimed to collect Rs12,900 billion in taxes this year but has only managed Rs11,700 billion so far, leading to fewer transfers to provinces.  He concluded by saying that the budget was prepared in line with Imran Khan’s vision and instructions, and if Khan wishes to make any changes, they will be incorporated.,,,,,,,,,,,,,,,,,,,,,,,,,,,,,,,,,,,,,,,
Adviser to the CM on Finance, Muzzammil Aslam, and this amount is expected to reach Rs125 billion by June 30.He clarified that the surplus is not returned to the federal government but is allocated to debt servicing and other funds. He said that the budget figures are not absolute, but estimates. For the current year, the province has a surplus budget of Rs2,119 billion, while the federal government is expected to transfer Rs1,800 billion under the NFC Award, electricity royalties and other heads. The Rs157 billion surplus mentioned in the budget is based entirely on estimates.Muzzammil Aslam emphasized that the surplus is the province’s savings, which can be used to launch major development projects. He further explained that when the federal government collects less revenue, provinces also receive fewer funds. The federal government aimed to collect Rs12,900 billion in taxes this year but has only managed Rs11,700 billion so far, leading to fewer transfers to provinces.  He concluded by saying that the budget was prepared in line with Imran Khan’s vision and instructions, and if Khan wishes to make any changes, they will be incorporated.,,,,,,,,,,,,,,,,,,,,,,,,,,,,,,,,,,,,,,,,,
He clarified that the surplus is not returned to the federal government but is allocated to debt servicing and other funds. He said that the budget figures are not absolute, but estimates. For the current year,119 billion, while the federal government is expected to transfer Rs1,800 billion under the NFC Award, electricity royalties and other heads. The Rs157 billion surplus mentioned in the budget is based entirely on estimates.Muzzammil Aslam emphasized that the surplus is the province’s savings, which can be used to launch major development projects. He further explained that when the federal government collects less revenue, provinces also receive fewer funds. The federal government aimed to collect Rs12,900 billion in taxes this year but has only managed Rs11,700 billion so far, leading to fewer transfers to provinces.  He concluded by saying that the budget was prepared in line with Imran Khan’s vision and instructions, and if Khan wishes to make any changes, they will be incorporated.,,,,,,,,,,,,,,,,,,,,,,,,,,,,,,,,,,,,,,,,,,,,
Muzzammil Aslam emphasized that the surplus is the province’s savings, which can be used to launch major development projects. He further explained that when the federal government collects less revenue,900 billion in taxes this year but has only managed Rs11,700 billion so far, leading to fewer transfers to provinces.  He concluded by saying that the budget was prepared in line with Imran Khan’s vision and instructions, and if Khan wishes to make any changes, they will be incorporated.,,,,,,,,,,,,,,,,,,,,,,,,,,,,,,,,,,,,,,,,,,,,,,,,,,
HAGUE: United States President Donald Trump said on Wednesday that the US has not given up its maximum pressure on...,,,,,,,,,,,,,,,,,,,,,,,,,,,,,,,,,,,,,,,,,,,,,,,,,,,,,,,,
SituationerBy Zebunnisa BurkiKARACHI: Trump’s surprise nod to China buying Iranian oil has triggered cautious...,,,,,,,,,,,,,,,,,,,,,,,,,,,,,,,,,,,,,,,,,,,,,,,,,,,,,,,,
ISLAMABAD: As Iran celebrates “a dignified and decisive victory”, its Ambassador Reza Amiri Moghadam on Wednesday...,,,,,,,,,,,,,,,,,,,,,,,,,,,,,,,,,,,,,,,,,,,,,,,,,,,,,,,
ISLAMABAD: Pakistan and the United States are heading toward finalising trade talks, exploring possibilities of a...,,,,,,,,,,,,,,,,,,,,,,,,,,,,,,,,,,,,,,,,,,,,,,,,,,,,,,,
ISLAMABAD: The Supreme Court (SC) has declared that initiating criminal cases and making arrests of taxpayers without...,,,,,,,,,,,,,,,,,,,,,,,,,,,,,,,,,,,,,,,,,,,,,,,,,,,,,,,,
ISLAMABAD: Rejecting the Khyber Pakhtunkhwa budget passed by the KP Assembly, Pakistan Tehree-e-Insaf (PTI) founder...,,,,,,,,,,,,,,,,,,,,,,,,,,,,,,,,,,,,,,,,,,,,,,,,,,,,,,,
ISLAMABAD: Pakistan’s National Security Adviser (NSA) Lt Gen Asim Malik silenced India’s national security adviser...,,,,,,,,,,,,,,,,,,,,,,,,,,,,,,,,,,,,,,,,,,,,,,,,,,,,,,,,
RAWALPINDI: The funeral prayers of Major Syed Moiz Abbas Shah Shaheed,37,NEUTRAL,NEUTRAL,,,,,,,,,,,,,,,,,,,,,,,,,,,,,,,,,,,,,,,,,,,,,,,,,,,,,
The News,Trump’s Iran oil post raises trade hopes in Pakistan,,,,,,,,,,,,,,,,,,,,,,,,,,,,,,,,,,,,,,,,,,,,,,,,,,,,,,,
he says, “Pakistan is likely to have indirect benefits. Improved oil supply to the biggest global oil buyer, means less pressure on oil prices. We already saw a 6.0 per cent drop in oil prices after this statement. This means a lower import bill for Pakistan, as oil is one of the heaviest components of imports”.Former finance minister Dr Miftah Ismail agrees that sanctions will be lifted, something he says Trump had been hinting at. According to him, that means Iran will then “be able to sell its oil without hindrance to any country. China already buys oil from Iran”.For Pakistan, that would translate into the country being “in a position to build a pipeline,” says Dr Ismail, who adds a caveat: “provided international financial institutions are willing to finance it”. He also says that Pakistan, too, will be able to buy oil from Iran.Dr Abid Qaiyum Suleri, who heads SDPI, takes a more cautious view of the situation. Talking to The News, he says that as far as Pakistan and its gas pipeline with Iran goes, “the sanctions being lifted off the pipeline depends more on how Iran takes its nuclear programme ahead and what terms and conditions are placed or agreed to in any negotiations (if there are negotiations) it has with the US and other Western countries or if Iran stays or not in the NPT”.Dr Suleri feels that it is “too early right now to talk about whether this softer stance towards Iran that the US had would have any effect on Pakistan’s gas pipeline too. The one positive Pakistan can claim is that oil prices have come back down, so that will be a relief to both domestic consumers as well as the government, which has to put out more than Rs1 trillion in Petroleum Development Levy”.Speaking to Geo’s Shahzeb Khanzada on Wednesday night, public policy scholar Dr Adil Najam said that Iran’s economy opening up would have “a seismic effect on Iran” and would “change the equation for everyone: Pakistan, the region, the Arab world, and China and Russia too. It would also affect Europe with whom Iran has had a trade relationship, which, however, is limited”.But the biggest different for Iran in case this happens is that it will be able to claim that “it won”, he added.For Pakistan, he said it is worth noting that among our neighbours, we have no equal trade relations with anyone, other than China, but China is a different case from everyone else. “So this way, Pakistan will get a neighbour with whom it can trade”, said Dr Najam who also felt that “this will not be confined to oil or gas. We will be gaining a market with whom we can trade without smuggling”.Last year, the Pakistani government had indicated that it would want to request a sanctions waiver for the Pakistan-Iran gas pipeline project from the Trump administration.The Iran-Pakistan gas pipeline agreement, signed in 2009, envisions a 2,775-kilometre pipeline — 1,172 kilometres of it running through Iran, with the remainder to be built in Pakistan — to supply Iranian gas to Pakistan. While Iran has completed construction on its side with an investment of $2 billion, work on the Pakistani section has yet to begin.US sanctions on Iran extend to the pipeline project, and Washington has so far refused to grant Pakistan a waiver, effectively stalling progress. Islamabad has repeatedly sought US approval to move forward with construction.Meanwhile, China has responded to Trump’s post regarding Iranian oil by saying that it will be prioritising its national interests. “China will take legitimate measures to safeguard its energy security based on its own national interests” was the response from China’s foreign ministry spokesperson during a press briefing on Wednesday.According to a report published this month by Deutsche Welle (DW), Iran remains a major player in the global energy landscape. The US Energy Information Administration says that Iran has the world’s second-largest proven natural gas reserves.Iran also holds the world’s third-largest crude oil reserves — roughly 9.0 per cent of the global total. According to the Belgium-based data analytics firm Kpler, the country extracts about 3.3 million barrels of crude oil and an additional 1.3 million barrels of condensate and other liquids daily. Of this total, around 1.8 million barrels are exported.Iran is also in the top three largest oil producers within the Organization of the Petroleum Exporting Countries (OPEC), with energy exports accounting for a significant portion of the country’s government revenue and foreign exchange earnings.Despite international sanctions, China has continued to be a key buyer of Iranian oil. Reuters figures show Chinese imports of Iranian crude reached 1.71 million barrels per day in March.,,,,,,,,,,,
Analysing Trump’s Iran oil post, Dr Sajid Amin, says that it suggests the “US may relax sanctions, while not fully removing them in the near future”.Either way, says Dr Amin, this is a “positive step for Iran, China, and the world. While China was already buying oil from Iran, it can do so more easily and on a large scale” now.Coming to Pakistan, Dr Amin says this could have “direct and indirect implications both”. In the near term, he says, “Pakistan is likely to have indirect benefits. Improved oil supply to the biggest global oil buyer, China, means less pressure on oil prices. We already saw a 6.0 per cent drop in oil prices after this statement. This means a lower import bill for Pakistan, as oil is one of the heaviest components of imports”.Former finance minister Dr Miftah Ismail agrees that sanctions will be lifted, something he says Trump had been hinting at. According to him, that means Iran will then “be able to sell its oil without hindrance to any country. China already buys oil from Iran”.For Pakistan, that would translate into the country being “in a position to build a pipeline,” says Dr Ismail, who adds a caveat: “provided international financial institutions are willing to finance it”. He also says that Pakistan, too, will be able to buy oil from Iran.Dr Abid Qaiyum Suleri, who heads SDPI, takes a more cautious view of the situation. Talking to The News, he says that as far as Pakistan and its gas pipeline with Iran goes, “the sanctions being lifted off the pipeline depends more on how Iran takes its nuclear programme ahead and what terms and conditions are placed or agreed to in any negotiations (if there are negotiations) it has with the US and other Western countries or if Iran stays or not in the NPT”.Dr Suleri feels that it is “too early right now to talk about whether this softer stance towards Iran that the US had would have any effect on Pakistan’s gas pipeline too. The one positive Pakistan can claim is that oil prices have come back down, so that will be a relief to both domestic consumers as well as the government, which has to put out more than Rs1 trillion in Petroleum Development Levy”.Speaking to Geo’s Shahzeb Khanzada on Wednesday night, public policy scholar Dr Adil Najam said that Iran’s economy opening up would have “a seismic effect on Iran” and would “change the equation for everyone: Pakistan, the region, the Arab world, and China and Russia too. It would also affect Europe with whom Iran has had a trade relationship, which, however, is limited”.But the biggest different for Iran in case this happens is that it will be able to claim that “it won”, he added.For Pakistan, he said it is worth noting that among our neighbours, we have no equal trade relations with anyone, other than China, but China is a different case from everyone else. “So this way, Pakistan will get a neighbour with whom it can trade”, said Dr Najam who also felt that “this will not be confined to oil or gas. We will be gaining a market with whom we can trade without smuggling”.Last year, the Pakistani government had indicated that it would want to request a sanctions waiver for the Pakistan-Iran gas pipeline project from the Trump administration.The Iran-Pakistan gas pipeline agreement, signed in 2009, envisions a 2,775-kilometre pipeline — 1,172 kilometres of it running through Iran, with the remainder to be built in Pakistan — to supply Iranian gas to Pakistan. While Iran has completed construction on its side with an investment of $2 billion, work on the Pakistani section has yet to begin.US sanctions on Iran extend to the pipeline project, and Washington has so far refused to grant Pakistan a waiver, effectively stalling progress. Islamabad has repeatedly sought US approval to move forward with construction.Meanwhile, China has responded to Trump’s post regarding Iranian oil by saying that it will be prioritising its national interests. “China will take legitimate measures to safeguard its energy security based on its own national interests” was the response from China’s foreign ministry spokesperson during a press briefing on Wednesday.According to a report published this month by Deutsche Welle (DW), Iran remains a major player in the global energy landscape. The US Energy Information Administration says that Iran has the world’s second-largest proven natural gas reserves.Iran also holds the world’s third-largest crude oil reserves — roughly 9.0 per cent of the global total. According to the Belgium-based data analytics firm Kpler, the country extracts about 3.3 million barrels of crude oil and an additional 1.3 million barrels of condensate and other liquids daily. Of this total, around 1.8 million barrels are exported.Iran is also in the top three largest oil producers within the Organization of the Petroleum Exporting Countries (OPEC), with energy exports accounting for a significant portion of the country’s government revenue and foreign exchange earnings.Despite international sanctions, China has continued to be a key buyer of Iranian oil. Reuters figures show Chinese imports of Iranian crude reached 1.71 million barrels per day in March.
Either way, says Dr Amin, China, and the world. While China was already buying oil from Iran, it can do so more easily and on a large scale” now.Coming to Pakistan, Dr Amin says this could have “direct and indirect implications both”. In the near term, he says, “Pakistan is likely to have indirect benefits. Improved oil supply to the biggest global oil buyer, China, means less pressure on oil prices. We already saw a 6.0 per cent drop in oil prices after this statement. This means a lower import bill for Pakistan, as oil is one of the heaviest components of imports”.Former finance minister Dr Miftah Ismail agrees that sanctions will be lifted, something he says Trump had been hinting at. According to him, that means Iran will then “be able to sell its oil without hindrance to any country. China already buys oil from Iran”.For Pakistan, that would translate into the country being “in a position to build a pipeline,” says Dr Ismail, who adds a caveat: “provided international financial institutions are willing to finance it”. He also says that Pakistan, too, will be able to buy oil from Iran.Dr Abid Qaiyum Suleri, who heads SDPI, takes a more cautious view of the situation. Talking to The News, he says that as far as Pakistan and its gas pipeline with Iran goes, “the sanctions being lifted off the pipeline depends more on how Iran takes its nuclear programme ahead and what terms and conditions are placed or agreed to in any negotiations (if there are negotiations) it has with the US and other Western countries or if Iran stays or not in the NPT”.Dr Suleri feels that it is “too early right now to talk about whether this softer stance towards Iran that the US had would have any effect on Pakistan’s gas pipeline too. The one positive Pakistan can claim is that oil prices have come back down, so that will be a relief to both domestic consumers as well as the government, which has to put out more than Rs1 trillion in Petroleum Development Levy”.Speaking to Geo’s Shahzeb Khanzada on Wednesday night, public policy scholar Dr Adil Najam said that Iran’s economy opening up would have “a seismic effect on Iran” and would “change the equation for everyone: Pakistan, the region, the Arab world, and China and Russia too. It would also affect Europe with whom Iran has had a trade relationship, which, however, is limited”.But the biggest different for Iran in case this happens is that it will be able to claim that “it won”, he added.For Pakistan, he said it is worth noting that among our neighbours, we have no equal trade relations with anyone, other than China, but China is a different case from everyone else. “So this way, Pakistan will get a neighbour with whom it can trade”, said Dr Najam who also felt that “this will not be confined to oil or gas. We will be gaining a market with whom we can trade without smuggling”.Last year, the Pakistani government had indicated that it would want to request a sanctions waiver for the Pakistan-Iran gas pipeline project from the Trump administration.The Iran-Pakistan gas pipeline agreement, signed in 2009, envisions a 2,775-kilometre pipeline — 1,172 kilometres of it running through Iran, with the remainder to be built in Pakistan — to supply Iranian gas to Pakistan. While Iran has completed construction on its side with an investment of $2 billion, work on the Pakistani section has yet to begin.US sanctions on Iran extend to the pipeline project, and Washington has so far refused to grant Pakistan a waiver, effectively stalling progress. Islamabad has repeatedly sought US approval to move forward with construction.Meanwhile, China has responded to Trump’s post regarding Iranian oil by saying that it will be prioritising its national interests. “China will take legitimate measures to safeguard its energy security based on its own national interests” was the response from China’s foreign ministry spokesperson during a press briefing on Wednesday.According to a report published this month by Deutsche Welle (DW), Iran remains a major player in the global energy landscape. The US Energy Information Administration says that Iran has the world’s second-largest proven natural gas reserves.Iran also holds the world’s third-largest crude oil reserves — roughly 9.0 per cent of the global total. According to the Belgium-based data analytics firm Kpler, the country extracts about 3.3 million barrels of crude oil and an additional 1.3 million barrels of condensate and other liquids daily. Of this total, around 1.8 million barrels are exported.Iran is also in the top three largest oil producers within the Organization of the Petroleum Exporting Countries (OPEC), with energy exports accounting for a significant portion of the country’s government revenue and foreign exchange earnings.Despite international sanctions, China has continued to be a key buyer of Iranian oil. Reuters figures show Chinese imports of Iranian crude reached 1.71 million barrels per day in March.,,,,
Coming to Pakistan, Dr Amin says this could have “direct and indirect implications both”. In the near term, “Pakistan is likely to have indirect benefits. Improved oil supply to the biggest global oil buyer, China, means less pressure on oil prices. We already saw a 6.0 per cent drop in oil prices after this statement. This means a lower import bill for Pakistan, as oil is one of the heaviest components of imports”.Former finance minister Dr Miftah Ismail agrees that sanctions will be lifted, something he says Trump had been hinting at. According to him, that means Iran will then “be able to sell its oil without hindrance to any country. China already buys oil from Iran”.For Pakistan, that would translate into the country being “in a position to build a pipeline,” says Dr Ismail, who adds a caveat: “provided international financial institutions are willing to finance it”. He also says that Pakistan, too, will be able to buy oil from Iran.Dr Abid Qaiyum Suleri, who heads SDPI, takes a more cautious view of the situation. Talking to The News, he says that as far as Pakistan and its gas pipeline with Iran goes, “the sanctions being lifted off the pipeline depends more on how Iran takes its nuclear programme ahead and what terms and conditions are placed or agreed to in any negotiations (if there are negotiations) it has with the US and other Western countries or if Iran stays or not in the NPT”.Dr Suleri feels that it is “too early right now to talk about whether this softer stance towards Iran that the US had would have any effect on Pakistan’s gas pipeline too. The one positive Pakistan can claim is that oil prices have come back down, so that will be a relief to both domestic consumers as well as the government, which has to put out more than Rs1 trillion in Petroleum Development Levy”.Speaking to Geo’s Shahzeb Khanzada on Wednesday night, public policy scholar Dr Adil Najam said that Iran’s economy opening up would have “a seismic effect on Iran” and would “change the equation for everyone: Pakistan, the region, the Arab world, and China and Russia too. It would also affect Europe with whom Iran has had a trade relationship, which, however, is limited”.But the biggest different for Iran in case this happens is that it will be able to claim that “it won”, he added.For Pakistan, he said it is worth noting that among our neighbours, we have no equal trade relations with anyone, other than China, but China is a different case from everyone else. “So this way, Pakistan will get a neighbour with whom it can trade”, said Dr Najam who also felt that “this will not be confined to oil or gas. We will be gaining a market with whom we can trade without smuggling”.Last year, the Pakistani government had indicated that it would want to request a sanctions waiver for the Pakistan-Iran gas pipeline project from the Trump administration.The Iran-Pakistan gas pipeline agreement, signed in 2009, envisions a 2,775-kilometre pipeline — 1,172 kilometres of it running through Iran, with the remainder to be built in Pakistan — to supply Iranian gas to Pakistan. While Iran has completed construction on its side with an investment of $2 billion, work on the Pakistani section has yet to begin.US sanctions on Iran extend to the pipeline project, and Washington has so far refused to grant Pakistan a waiver, effectively stalling progress. Islamabad has repeatedly sought US approval to move forward with construction.Meanwhile, China has responded to Trump’s post regarding Iranian oil by saying that it will be prioritising its national interests. “China will take legitimate measures to safeguard its energy security based on its own national interests” was the response from China’s foreign ministry spokesperson during a press briefing on Wednesday.According to a report published this month by Deutsche Welle (DW), Iran remains a major player in the global energy landscape. The US Energy Information Administration says that Iran has the world’s second-largest proven natural gas reserves.Iran also holds the world’s third-largest crude oil reserves — roughly 9.0 per cent of the global total. According to the Belgium-based data analytics firm Kpler, the country extracts about 3.3 million barrels of crude oil and an additional 1.3 million barrels of condensate and other liquids daily. Of this total, around 1.8 million barrels are exported.Iran is also in the top three largest oil producers within the Organization of the Petroleum Exporting Countries (OPEC), with energy exports accounting for a significant portion of the country’s government revenue and foreign exchange earnings.Despite international sanctions, China has continued to be a key buyer of Iranian oil. Reuters figures show Chinese imports of Iranian crude reached 1.71 million barrels per day in March.,,,,,,,,,
Former finance minister Dr Miftah Ismail agrees that sanctions will be lifted, something he says Trump had been hinting at. According to him, that would translate into the country being “in a position to build a pipeline,” says Dr Ismail, who adds a caveat: “provided international financial institutions are willing to finance it”. He also says that Pakistan, too, will be able to buy oil from Iran.Dr Abid Qaiyum Suleri, who heads SDPI, takes a more cautious view of the situation. Talking to The News, he says that as far as Pakistan and its gas pipeline with Iran goes, “the sanctions being lifted off the pipeline depends more on how Iran takes its nuclear programme ahead and what terms and conditions are placed or agreed to in any negotiations (if there are negotiations) it has with the US and other Western countries or if Iran stays or not in the NPT”.Dr Suleri feels that it is “too early right now to talk about whether this softer stance towards Iran that the US had would have any effect on Pakistan’s gas pipeline too. The one positive Pakistan can claim is that oil prices have come back down, so that will be a relief to both domestic consumers as well as the government, which has to put out more than Rs1 trillion in Petroleum Development Levy”.Speaking to Geo’s Shahzeb Khanzada on Wednesday night, public policy scholar Dr Adil Najam said that Iran’s economy opening up would have “a seismic effect on Iran” and would “change the equation for everyone: Pakistan, the region, the Arab world, and China and Russia too. It would also affect Europe with whom Iran has had a trade relationship, which, however, is limited”.But the biggest different for Iran in case this happens is that it will be able to claim that “it won”, he added.For Pakistan, he said it is worth noting that among our neighbours, we have no equal trade relations with anyone, other than China, but China is a different case from everyone else. “So this way, Pakistan will get a neighbour with whom it can trade”, said Dr Najam who also felt that “this will not be confined to oil or gas. We will be gaining a market with whom we can trade without smuggling”.Last year, the Pakistani government had indicated that it would want to request a sanctions waiver for the Pakistan-Iran gas pipeline project from the Trump administration.The Iran-Pakistan gas pipeline agreement, signed in 2009, envisions a 2,775-kilometre pipeline — 1,172 kilometres of it running through Iran, with the remainder to be built in Pakistan — to supply Iranian gas to Pakistan. While Iran has completed construction on its side with an investment of $2 billion, work on the Pakistani section has yet to begin.US sanctions on Iran extend to the pipeline project, and Washington has so far refused to grant Pakistan a waiver, effectively stalling progress. Islamabad has repeatedly sought US approval to move forward with construction.Meanwhile, China has responded to Trump’s post regarding Iranian oil by saying that it will be prioritising its national interests. “China will take legitimate measures to safeguard its energy security based on its own national interests” was the response from China’s foreign ministry spokesperson during a press briefing on Wednesday.According to a report published this month by Deutsche Welle (DW), Iran remains a major player in the global energy landscape. The US Energy Information Administration says that Iran has the world’s second-largest proven natural gas reserves.Iran also holds the world’s third-largest crude oil reserves — roughly 9.0 per cent of the global total. According to the Belgium-based data analytics firm Kpler, the country extracts about 3.3 million barrels of crude oil and an additional 1.3 million barrels of condensate and other liquids daily. Of this total, around 1.8 million barrels are exported.Iran is also in the top three largest oil producers within the Organization of the Petroleum Exporting Countries (OPEC), with energy exports accounting for a significant portion of the country’s government revenue and foreign exchange earnings.Despite international sanctions, China has continued to be a key buyer of Iranian oil. Reuters figures show Chinese imports of Iranian crude reached 1.71 million barrels per day in March.,,,,,,,,,,,,,,,
For Pakistan, that would translate into the country being “in a position to build a pipeline, who adds a caveat: “provided international financial institutions are willing to finance it”. He also says that Pakistan, too, will be able to buy oil from Iran.Dr Abid Qaiyum Suleri, who heads SDPI, takes a more cautious view of the situation. Talking to The News, he says that as far as Pakistan and its gas pipeline with Iran goes, “the sanctions being lifted off the pipeline depends more on how Iran takes its nuclear programme ahead and what terms and conditions are placed or agreed to in any negotiations (if there are negotiations) it has with the US and other Western countries or if Iran stays or not in the NPT”.Dr Suleri feels that it is “too early right now to talk about whether this softer stance towards Iran that the US had would have any effect on Pakistan’s gas pipeline too. The one positive Pakistan can claim is that oil prices have come back down, so that will be a relief to both domestic consumers as well as the government, which has to put out more than Rs1 trillion in Petroleum Development Levy”.Speaking to Geo’s Shahzeb Khanzada on Wednesday night, public policy scholar Dr Adil Najam said that Iran’s economy opening up would have “a seismic effect on Iran” and would “change the equation for everyone: Pakistan, the region, the Arab world, and China and Russia too. It would also affect Europe with whom Iran has had a trade relationship, which, however, is limited”.But the biggest different for Iran in case this happens is that it will be able to claim that “it won”, he added.For Pakistan, he said it is worth noting that among our neighbours, we have no equal trade relations with anyone, other than China, but China is a different case from everyone else. “So this way, Pakistan will get a neighbour with whom it can trade”, said Dr Najam who also felt that “this will not be confined to oil or gas. We will be gaining a market with whom we can trade without smuggling”.Last year, the Pakistani government had indicated that it would want to request a sanctions waiver for the Pakistan-Iran gas pipeline project from the Trump administration.The Iran-Pakistan gas pipeline agreement, signed in 2009, envisions a 2,775-kilometre pipeline — 1,172 kilometres of it running through Iran, with the remainder to be built in Pakistan — to supply Iranian gas to Pakistan. While Iran has completed construction on its side with an investment of $2 billion, work on the Pakistani section has yet to begin.US sanctions on Iran extend to the pipeline project, and Washington has so far refused to grant Pakistan a waiver, effectively stalling progress. Islamabad has repeatedly sought US approval to move forward with construction.Meanwhile, China has responded to Trump’s post regarding Iranian oil by saying that it will be prioritising its national interests. “China will take legitimate measures to safeguard its energy security based on its own national interests” was the response from China’s foreign ministry spokesperson during a press briefing on Wednesday.According to a report published this month by Deutsche Welle (DW), Iran remains a major player in the global energy landscape. The US Energy Information Administration says that Iran has the world’s second-largest proven natural gas reserves.Iran also holds the world’s third-largest crude oil reserves — roughly 9.0 per cent of the global total. According to the Belgium-based data analytics firm Kpler, the country extracts about 3.3 million barrels of crude oil and an additional 1.3 million barrels of condensate and other liquids daily. Of this total, around 1.8 million barrels are exported.Iran is also in the top three largest oil producers within the Organization of the Petroleum Exporting Countries (OPEC), with energy exports accounting for a significant portion of the country’s government revenue and foreign exchange earnings.Despite international sanctions, China has continued to be a key buyer of Iranian oil. Reuters figures show Chinese imports of Iranian crude reached 1.71 million barrels per day in March.,,,,,,,,,,,,,,,,,
Dr Abid Qaiyum Suleri, who heads SDPI, he says that as far as Pakistan and its gas pipeline with Iran goes, “the sanctions being lifted off the pipeline depends more on how Iran takes its nuclear programme ahead and what terms and conditions are placed or agreed to in any negotiations (if there are negotiations) it has with the US and other Western countries or if Iran stays or not in the NPT”.Dr Suleri feels that it is “too early right now to talk about whether this softer stance towards Iran that the US had would have any effect on Pakistan’s gas pipeline too. The one positive Pakistan can claim is that oil prices have come back down, so that will be a relief to both domestic consumers as well as the government, which has to put out more than Rs1 trillion in Petroleum Development Levy”.Speaking to Geo’s Shahzeb Khanzada on Wednesday night, public policy scholar Dr Adil Najam said that Iran’s economy opening up would have “a seismic effect on Iran” and would “change the equation for everyone: Pakistan, the region, the Arab world, and China and Russia too. It would also affect Europe with whom Iran has had a trade relationship, which, however, is limited”.But the biggest different for Iran in case this happens is that it will be able to claim that “it won”, he added.For Pakistan, he said it is worth noting that among our neighbours, we have no equal trade relations with anyone, other than China, but China is a different case from everyone else. “So this way, Pakistan will get a neighbour with whom it can trade”, said Dr Najam who also felt that “this will not be confined to oil or gas. We will be gaining a market with whom we can trade without smuggling”.Last year, the Pakistani government had indicated that it would want to request a sanctions waiver for the Pakistan-Iran gas pipeline project from the Trump administration.The Iran-Pakistan gas pipeline agreement, signed in 2009, envisions a 2,775-kilometre pipeline — 1,172 kilometres of it running through Iran, with the remainder to be built in Pakistan — to supply Iranian gas to Pakistan. While Iran has completed construction on its side with an investment of $2 billion, work on the Pakistani section has yet to begin.US sanctions on Iran extend to the pipeline project, and Washington has so far refused to grant Pakistan a waiver, effectively stalling progress. Islamabad has repeatedly sought US approval to move forward with construction.Meanwhile, China has responded to Trump’s post regarding Iranian oil by saying that it will be prioritising its national interests. “China will take legitimate measures to safeguard its energy security based on its own national interests” was the response from China’s foreign ministry spokesperson during a press briefing on Wednesday.According to a report published this month by Deutsche Welle (DW), Iran remains a major player in the global energy landscape. The US Energy Information Administration says that Iran has the world’s second-largest proven natural gas reserves.Iran also holds the world’s third-largest crude oil reserves — roughly 9.0 per cent of the global total. According to the Belgium-based data analytics firm Kpler, the country extracts about 3.3 million barrels of crude oil and an additional 1.3 million barrels of condensate and other liquids daily. Of this total, around 1.8 million barrels are exported.Iran is also in the top three largest oil producers within the Organization of the Petroleum Exporting Countries (OPEC), with energy exports accounting for a significant portion of the country’s government revenue and foreign exchange earnings.Despite international sanctions, China has continued to be a key buyer of Iranian oil. Reuters figures show Chinese imports of Iranian crude reached 1.71 million barrels per day in March.,,,,,,,,,,,,,,,,,,,,,,
Dr Suleri feels that it is “too early right now to talk about whether this softer stance towards Iran that the US had would have any effect on Pakistan’s gas pipeline too. The one positive Pakistan can claim is that oil prices have come back down, so that will be a relief to both domestic consumers as well as the government, public policy scholar Dr Adil Najam said that Iran’s economy opening up would have “a seismic effect on Iran” and would “change the equation for everyone: Pakistan, the region, the Arab world, and China and Russia too. It would also affect Europe with whom Iran has had a trade relationship, which, however, is limited”.But the biggest different for Iran in case this happens is that it will be able to claim that “it won”, he added.For Pakistan, he said it is worth noting that among our neighbours, we have no equal trade relations with anyone, other than China, but China is a different case from everyone else. “So this way, Pakistan will get a neighbour with whom it can trade”, said Dr Najam who also felt that “this will not be confined to oil or gas. We will be gaining a market with whom we can trade without smuggling”.Last year, the Pakistani government had indicated that it would want to request a sanctions waiver for the Pakistan-Iran gas pipeline project from the Trump administration.The Iran-Pakistan gas pipeline agreement, signed in 2009, envisions a 2,775-kilometre pipeline — 1,172 kilometres of it running through Iran, with the remainder to be built in Pakistan — to supply Iranian gas to Pakistan. While Iran has completed construction on its side with an investment of $2 billion, work on the Pakistani section has yet to begin.US sanctions on Iran extend to the pipeline project, and Washington has so far refused to grant Pakistan a waiver, effectively stalling progress. Islamabad has repeatedly sought US approval to move forward with construction.Meanwhile, China has responded to Trump’s post regarding Iranian oil by saying that it will be prioritising its national interests. “China will take legitimate measures to safeguard its energy security based on its own national interests” was the response from China’s foreign ministry spokesperson during a press briefing on Wednesday.According to a report published this month by Deutsche Welle (DW), Iran remains a major player in the global energy landscape. The US Energy Information Administration says that Iran has the world’s second-largest proven natural gas reserves.Iran also holds the world’s third-largest crude oil reserves — roughly 9.0 per cent of the global total. According to the Belgium-based data analytics firm Kpler, the country extracts about 3.3 million barrels of crude oil and an additional 1.3 million barrels of condensate and other liquids daily. Of this total, around 1.8 million barrels are exported.Iran is also in the top three largest oil producers within the Organization of the Petroleum Exporting Countries (OPEC), with energy exports accounting for a significant portion of the country’s government revenue and foreign exchange earnings.Despite international sanctions, China has continued to be a key buyer of Iranian oil. Reuters figures show Chinese imports of Iranian crude reached 1.71 million barrels per day in March.,,,,,,,,,,,,,,,,,,,,,,,,,,
Speaking to Geo’s Shahzeb Khanzada on Wednesday night, public policy scholar Dr Adil Najam said that Iran’s economy opening up would have “a seismic effect on Iran” and would “change the equation for everyone: Pakistan, the Arab world, and China and Russia too. It would also affect Europe with whom Iran has had a trade relationship, which, however, is limited”.But the biggest different for Iran in case this happens is that it will be able to claim that “it won”, he added.For Pakistan, he said it is worth noting that among our neighbours, we have no equal trade relations with anyone, other than China, but China is a different case from everyone else. “So this way, Pakistan will get a neighbour with whom it can trade”, said Dr Najam who also felt that “this will not be confined to oil or gas. We will be gaining a market with whom we can trade without smuggling”.Last year, the Pakistani government had indicated that it would want to request a sanctions waiver for the Pakistan-Iran gas pipeline project from the Trump administration.The Iran-Pakistan gas pipeline agreement, signed in 2009, envisions a 2,775-kilometre pipeline — 1,172 kilometres of it running through Iran, with the remainder to be built in Pakistan — to supply Iranian gas to Pakistan. While Iran has completed construction on its side with an investment of $2 billion, work on the Pakistani section has yet to begin.US sanctions on Iran extend to the pipeline project, and Washington has so far refused to grant Pakistan a waiver, effectively stalling progress. Islamabad has repeatedly sought US approval to move forward with construction.Meanwhile, China has responded to Trump’s post regarding Iranian oil by saying that it will be prioritising its national interests. “China will take legitimate measures to safeguard its energy security based on its own national interests” was the response from China’s foreign ministry spokesperson during a press briefing on Wednesday.According to a report published this month by Deutsche Welle (DW), Iran remains a major player in the global energy landscape. The US Energy Information Administration says that Iran has the world’s second-largest proven natural gas reserves.Iran also holds the world’s third-largest crude oil reserves — roughly 9.0 per cent of the global total. According to the Belgium-based data analytics firm Kpler, the country extracts about 3.3 million barrels of crude oil and an additional 1.3 million barrels of condensate and other liquids daily. Of this total, around 1.8 million barrels are exported.Iran is also in the top three largest oil producers within the Organization of the Petroleum Exporting Countries (OPEC), with energy exports accounting for a significant portion of the country’s government revenue and foreign exchange earnings.Despite international sanctions, China has continued to be a key buyer of Iranian oil. Reuters figures show Chinese imports of Iranian crude reached 1.71 million barrels per day in March.,,,,,,,,,,,,,,,,,,,,,,,,,,,,
But the biggest different for Iran in case this happens is that it will be able to claim that “it won”, he added.For Pakistan, we have no equal trade relations with anyone, other than China, but China is a different case from everyone else. “So this way, Pakistan will get a neighbour with whom it can trade”, said Dr Najam who also felt that “this will not be confined to oil or gas. We will be gaining a market with whom we can trade without smuggling”.Last year, the Pakistani government had indicated that it would want to request a sanctions waiver for the Pakistan-Iran gas pipeline project from the Trump administration.The Iran-Pakistan gas pipeline agreement, signed in 2009, envisions a 2,775-kilometre pipeline — 1,172 kilometres of it running through Iran, with the remainder to be built in Pakistan — to supply Iranian gas to Pakistan. While Iran has completed construction on its side with an investment of $2 billion, work on the Pakistani section has yet to begin.US sanctions on Iran extend to the pipeline project, and Washington has so far refused to grant Pakistan a waiver, effectively stalling progress. Islamabad has repeatedly sought US approval to move forward with construction.Meanwhile, China has responded to Trump’s post regarding Iranian oil by saying that it will be prioritising its national interests. “China will take legitimate measures to safeguard its energy security based on its own national interests” was the response from China’s foreign ministry spokesperson during a press briefing on Wednesday.According to a report published this month by Deutsche Welle (DW), Iran remains a major player in the global energy landscape. The US Energy Information Administration says that Iran has the world’s second-largest proven natural gas reserves.Iran also holds the world’s third-largest crude oil reserves — roughly 9.0 per cent of the global total. According to the Belgium-based data analytics firm Kpler, the country extracts about 3.3 million barrels of crude oil and an additional 1.3 million barrels of condensate and other liquids daily. Of this total, around 1.8 million barrels are exported.Iran is also in the top three largest oil producers within the Organization of the Petroleum Exporting Countries (OPEC), with energy exports accounting for a significant portion of the country’s government revenue and foreign exchange earnings.Despite international sanctions, China has continued to be a key buyer of Iranian oil. Reuters figures show Chinese imports of Iranian crude reached 1.71 million barrels per day in March.,,,,,,,,,,,,,,,,,,,,,,,,,,,,,,,,,,,
Last year, the Pakistani government had indicated that it would want to request a sanctions waiver for the Pakistan-Iran gas pipeline project from the Trump administration.The Iran-Pakistan gas pipeline agreement, envisions a 2,775-kilometre pipeline — 1,172 kilometres of it running through Iran, with the remainder to be built in Pakistan — to supply Iranian gas to Pakistan. While Iran has completed construction on its side with an investment of $2 billion, work on the Pakistani section has yet to begin.US sanctions on Iran extend to the pipeline project, and Washington has so far refused to grant Pakistan a waiver, effectively stalling progress. Islamabad has repeatedly sought US approval to move forward with construction.Meanwhile, China has responded to Trump’s post regarding Iranian oil by saying that it will be prioritising its national interests. “China will take legitimate measures to safeguard its energy security based on its own national interests” was the response from China’s foreign ministry spokesperson during a press briefing on Wednesday.According to a report published this month by Deutsche Welle (DW), Iran remains a major player in the global energy landscape. The US Energy Information Administration says that Iran has the world’s second-largest proven natural gas reserves.Iran also holds the world’s third-largest crude oil reserves — roughly 9.0 per cent of the global total. According to the Belgium-based data analytics firm Kpler, the country extracts about 3.3 million barrels of crude oil and an additional 1.3 million barrels of condensate and other liquids daily. Of this total, around 1.8 million barrels are exported.Iran is also in the top three largest oil producers within the Organization of the Petroleum Exporting Countries (OPEC), with energy exports accounting for a significant portion of the country’s government revenue and foreign exchange earnings.Despite international sanctions, China has continued to be a key buyer of Iranian oil. Reuters figures show Chinese imports of Iranian crude reached 1.71 million barrels per day in March.,,,,,,,,,,,,,,,,,,,,,,,,,,,,,,,,,,,,,,,,,,
The Iran-Pakistan gas pipeline agreement, signed in 2009,775-kilometre pipeline — 1,172 kilometres of it running through Iran, with the remainder to be built in Pakistan — to supply Iranian gas to Pakistan. While Iran has completed construction on its side with an investment of $2 billion, work on the Pakistani section has yet to begin.US sanctions on Iran extend to the pipeline project, and Washington has so far refused to grant Pakistan a waiver, effectively stalling progress. Islamabad has repeatedly sought US approval to move forward with construction.Meanwhile, China has responded to Trump’s post regarding Iranian oil by saying that it will be prioritising its national interests. “China will take legitimate measures to safeguard its energy security based on its own national interests” was the response from China’s foreign ministry spokesperson during a press briefing on Wednesday.According to a report published this month by Deutsche Welle (DW), Iran remains a major player in the global energy landscape. The US Energy Information Administration says that Iran has the world’s second-largest proven natural gas reserves.Iran also holds the world’s third-largest crude oil reserves — roughly 9.0 per cent of the global total. According to the Belgium-based data analytics firm Kpler, the country extracts about 3.3 million barrels of crude oil and an additional 1.3 million barrels of condensate and other liquids daily. Of this total, around 1.8 million barrels are exported.Iran is also in the top three largest oil producers within the Organization of the Petroleum Exporting Countries (OPEC), with energy exports accounting for a significant portion of the country’s government revenue and foreign exchange earnings.Despite international sanctions, China has continued to be a key buyer of Iranian oil. Reuters figures show Chinese imports of Iranian crude reached 1.71 million barrels per day in March.,,,,,,,,,,,,,,,,,,,,,,,,,,,,,,,,,,,,,,,,,,,
US sanctions on Iran extend to the pipeline project, and Washington has so far refused to grant Pakistan a waiver, China has responded to Trump’s post regarding Iranian oil by saying that it will be prioritising its national interests. “China will take legitimate measures to safeguard its energy security based on its own national interests” was the response from China’s foreign ministry spokesperson during a press briefing on Wednesday.According to a report published this month by Deutsche Welle (DW), Iran remains a major player in the global energy landscape. The US Energy Information Administration says that Iran has the world’s second-largest proven natural gas reserves.Iran also holds the world’s third-largest crude oil reserves — roughly 9.0 per cent of the global total. According to the Belgium-based data analytics firm Kpler, the country extracts about 3.3 million barrels of crude oil and an additional 1.3 million barrels of condensate and other liquids daily. Of this total, around 1.8 million barrels are exported.Iran is also in the top three largest oil producers within the Organization of the Petroleum Exporting Countries (OPEC), with energy exports accounting for a significant portion of the country’s government revenue and foreign exchange earnings.Despite international sanctions, China has continued to be a key buyer of Iranian oil. Reuters figures show Chinese imports of Iranian crude reached 1.71 million barrels per day in March.,,,,,,,,,,,,,,,,,,,,,,,,,,,,,,,,,,,,,,,,,,,,,,,,,
Meanwhile, China has responded to Trump’s post regarding Iranian oil by saying that it will be prioritising its national interests. “China will take legitimate measures to safeguard its energy security based on its own national interests” was the response from China’s foreign ministry spokesperson during a press briefing on Wednesday.According to a report published this month by Deutsche Welle (DW), the country extracts about 3.3 million barrels of crude oil and an additional 1.3 million barrels of condensate and other liquids daily. Of this total, around 1.8 million barrels are exported.Iran is also in the top three largest oil producers within the Organization of the Petroleum Exporting Countries (OPEC), with energy exports accounting for a significant portion of the country’s government revenue and foreign exchange earnings.Despite international sanctions, China has continued to be a key buyer of Iranian oil. Reuters figures show Chinese imports of Iranian crude reached 1.71 million barrels per day in March.,,,,,,,,,,,,,,,,,,,,,,,,,,,,,,,,,,,,,,,,,,,,,,,,,,,
According to a report published this month by Deutsche Welle (DW), Iran remains a major player in the global energy landscape. The US Energy Information Administration says that Iran has the world’s second-largest proven natural gas reserves.Iran also holds the world’s third-largest crude oil reserves — roughly 9.0 per cent of the global total. According to the Belgium-based data analytics firm Kpler, around 1.8 million barrels are exported.Iran is also in the top three largest oil producers within the Organization of the Petroleum Exporting Countries (OPEC), with energy exports accounting for a significant portion of the country’s government revenue and foreign exchange earnings.Despite international sanctions, China has continued to be a key buyer of Iranian oil. Reuters figures show Chinese imports of Iranian crude reached 1.71 million barrels per day in March.,,,,,,,,,,,,,,,,,,,,,,,,,,,,,,,,,,,,,,,,,,,,,,,,,,,,
Iran also holds the world’s third-largest crude oil reserves — roughly 9.0 per cent of the global total. According to the Belgium-based data analytics firm Kpler, the country extracts about 3.3 million barrels of crude oil and an additional 1.3 million barrels of condensate and other liquids daily. Of this total, with energy exports accounting for a significant portion of the country’s government revenue and foreign exchange earnings.Despite international sanctions, China has continued to be a key buyer of Iranian oil. Reuters figures show Chinese imports of Iranian crude reached 1.71 million barrels per day in March.,,,,,,,,,,,,,,,,,,,,,,,,,,,,,,,,,,,,,,,,,,,,,,,,,,,,,
Iran is also in the top three largest oil producers within the Organization of the Petroleum Exporting Countries (OPEC), with energy exports accounting for a significant portion of the country’s government revenue and foreign exchange earnings.Despite international sanctions,,,,,,,,,,,,,,,,,,,,,,,,,,,,,,,,,,,,,,,,,,,,,,,,,,,,,,,
HAGUE: United States President Donald Trump said on Wednesday that the US has not given up its maximum pressure on...,,,,,,,,,,,,,,,,,,,,,,,,,,,,,,,,,,,,,,,,,,,,,,,,,,,,,,,,
ISLAMABAD: Pakistan and the United States are heading toward finalising trade talks, exploring possibilities of a...,,,,,,,,,,,,,,,,,,,,,,,,,,,,,,,,,,,,,,,,,,,,,,,,,,,,,,,
ISLAMABAD: As Iran celebrates “a dignified and decisive victory”, its Ambassador Reza Amiri Moghadam on Wednesday...,,,,,,,,,,,,,,,,,,,,,,,,,,,,,,,,,,,,,,,,,,,,,,,,,,,,,,,
PESHAWAR: The Khyber Pakhtunkhwa Assembly passed the 2025-26 provincial budget without the approval of party founder...,,,,,,,,,,,,,,,,,,,,,,,,,,,,,,,,,,,,,,,,,,,,,,,,,,,,,,,,
ISLAMABAD: The Supreme Court (SC) has declared that initiating criminal cases and making arrests of taxpayers without...,,,,,,,,,,,,,,,,,,,,,,,,,,,,,,,,,,,,,,,,,,,,,,,,,,,,,,,,
ISLAMABAD: Rejecting the Khyber Pakhtunkhwa budget passed by the KP Assembly, Pakistan Tehree-e-Insaf (PTI) founder...,,,,,,,,,,,,,,,,,,,,,,,,,,,,,,,,,,,,,,,,,,,,,,,,,,,,,,,
ISLAMABAD: Pakistan’s National Security Adviser (NSA) Lt Gen Asim Malik silenced India’s national security adviser...,,,,,,,,,,,,,,,,,,,,,,,,,,,,,,,,,,,,,,,,,,,,,,,,,,,,,,,,
RAWALPINDI: The funeral prayers of Major Syed Moiz Abbas Shah Shaheed,37,NEUTRAL,NEUTRAL,,,,,,,,,,,,,,,,,,,,,,,,,,,,,,,,,,,,,,,,,,,,,,,,,,,,,
